ISO-10303-21;
HEADER;
FILE_DESCRIPTION(('ViewDefinition [CoordinationView]'),'2;1');
FILE_NAME('','2026-10-07T00:00:00',('Construction 4D Studio'),(''),'IfcOpenShell 0.9.0alpha0-8c614fa','IfcOpenShell 0.9.0alpha0-8c614fa','');
FILE_SCHEMA(('IFC4'));
ENDSEC;
DATA;
#1=IFCPROJECT('000DIX0010080000000001',$,'Casa de demonstra\X2\00E700E3\X0\o 4D',$,$,$,$,(#11),#6);
#2=IFCSIUNIT(*,.LENGTHUNIT.,$,.METRE.);
#3=IFCSIUNIT(*,.AREAUNIT.,$,.SQUARE_METRE.);
#4=IFCSIUNIT(*,.VOLUMEUNIT.,$,.CUBIC_METRE.);
#5=IFCSIUNIT(*,.PLANEANGLEUNIT.,$,.RADIAN.);
#6=IFCUNITASSIGNMENT((#2,#3,#4,#5));
#7=IFCCARTESIANPOINT((0.,0.,0.));
#8=IFCDIRECTION((0.,0.,1.));
#9=IFCDIRECTION((1.,0.,0.));
#10=IFCAXIS2PLACEMENT3D(#7,#8,#9);
#11=IFCGEOMETRICREPRESENTATIONCONTEXT($,'Model',3,1.E-05,#10,$);
#12=IFCGEOMETRICREPRESENTATIONSUBCONTEXT('Body','Model',*,*,*,*,#11,$,.MODEL_VIEW.,$);
#13=IFCSITE('000DIX0010080000000002',$,'Lote 13,30 \X2\00D7\X0\ 30,00',$,$,#23,$,$,$,$,$,$,$,$);
#14=IFCBUILDING('000DIX0010080000000003',$,'Resid\X2\00EA\X0\ncia t\X2\00E9\X0\rrea',$,$,#28,$,$,$,$,$,$);
#15=IFCBUILDINGSTOREY('000DIX0010080000000004',$,'T\X2\00E9\X0\rreo',$,$,#33,$,$,$,$);
#16=IFCRELAGGREGATES('000DIX0010080000000005',$,$,$,#1,(#13));
#17=IFCRELAGGREGATES('000DIX0010080000000006',$,$,$,#13,(#14));
#18=IFCRELAGGREGATES('000DIX0010080000000007',$,$,$,#14,(#15));
#19=IFCCARTESIANPOINT((0.,0.,0.));
#20=IFCDIRECTION((0.,0.,1.));
#21=IFCDIRECTION((1.,0.,0.));
#22=IFCAXIS2PLACEMENT3D(#19,#20,#21);
#23=IFCLOCALPLACEMENT($,#22);
#24=IFCCARTESIANPOINT((0.,0.,0.));
#25=IFCDIRECTION((0.,0.,1.));
#26=IFCDIRECTION((1.,0.,0.));
#27=IFCAXIS2PLACEMENT3D(#24,#25,#26);
#28=IFCLOCALPLACEMENT(#23,#27);
#29=IFCCARTESIANPOINT((0.,0.,0.));
#30=IFCDIRECTION((0.,0.,1.));
#31=IFCDIRECTION((1.,0.,0.));
#32=IFCAXIS2PLACEMENT3D(#29,#30,#31);
#33=IFCLOCALPLACEMENT(#28,#32);
#34=IFCMATERIAL('Terreno natural',$,$);
#35=IFCSURFACESTYLE('Terreno natural',.BOTH.,(#36));
#36=IFCSURFACESTYLESHADING(#37,0.);
#37=IFCCOLOURRGB($,0.54,0.44,0.3);
#38=IFCMATERIAL('Concreto armado',$,$);
#39=IFCSURFACESTYLE('Concreto armado',.BOTH.,(#40));
#40=IFCSURFACESTYLESHADING(#41,0.);
#41=IFCCOLOURRGB($,0.62,0.62,0.6);
#42=IFCMATERIAL('Bloco cer\X2\00E2\X0\mico',$,$);
#43=IFCSURFACESTYLE('Bloco cer\X2\00E2\X0\mico',.BOTH.,(#44));
#44=IFCSURFACESTYLESHADING(#45,0.);
#45=IFCCOLOURRGB($,0.71,0.4,0.22);
#46=IFCMATERIAL('Telha met\X2\00E1\X0\lica termoac\X2\00FA\X0\stica',$,$);
#47=IFCSURFACESTYLE('Telha met\X2\00E1\X0\lica termoac\X2\00FA\X0\stica',.BOTH.,(#48));
#48=IFCSURFACESTYLESHADING(#49,0.);
#49=IFCCOLOURRGB($,0.42,0.48,0.55);
#50=IFCMATERIAL('Madeira',$,$);
#51=IFCSURFACESTYLE('Madeira',.BOTH.,(#52));
#52=IFCSURFACESTYLESHADING(#53,0.);
#53=IFCCOLOURRGB($,0.55,0.36,0.17);
#54=IFCMATERIAL('Vidro',$,$);
#55=IFCSURFACESTYLE('Vidro',.BOTH.,(#56));
#56=IFCSURFACESTYLESHADING(#57,0.55);
#57=IFCCOLOURRGB($,0.56,0.72,0.82);
#58=IFCMATERIAL('Porcelanato',$,$);
#59=IFCSURFACESTYLE('Porcelanato',.BOTH.,(#60));
#60=IFCSURFACESTYLESHADING(#61,0.);
#61=IFCCOLOURRGB($,0.85,0.82,0.76);
#62=IFCMATERIAL('Lou\X2\00E7\X0\a sanit\X2\00E1\X0\ria',$,$);
#63=IFCSURFACESTYLE('Lou\X2\00E7\X0\a sanit\X2\00E1\X0\ria',.BOTH.,(#64));
#64=IFCSURFACESTYLESHADING(#65,0.);
#65=IFCCOLOURRGB($,0.96,0.96,0.95);
#66=IFCMATERIAL('PVC',$,$);
#67=IFCSURFACESTYLE('PVC',.BOTH.,(#68));
#68=IFCSURFACESTYLESHADING(#69,0.);
#69=IFCCOLOURRGB($,0.23,0.49,0.85);
#70=IFCMATERIAL('Polietileno',$,$);
#71=IFCSURFACESTYLE('Polietileno',.BOTH.,(#72));
#72=IFCSURFACESTYLESHADING(#73,0.);
#73=IFCCOLOURRGB($,0.2,0.36,0.62);
#74=IFCMATERIAL('A\X2\00E7\X0\o pintado',$,$);
#75=IFCSURFACESTYLE('A\X2\00E7\X0\o pintado',.BOTH.,(#76));
#76=IFCSURFACESTYLESHADING(#77,0.);
#77=IFCCOLOURRGB($,0.3,0.3,0.32);
#78=IFCMATERIAL('Grama',$,$);
#79=IFCSURFACESTYLE('Grama',.BOTH.,(#80));
#80=IFCSURFACESTYLESHADING(#81,0.);
#81=IFCCOLOURRGB($,0.37,0.54,0.29);
#82=IFCMATERIAL('Copa de \X2\00E1\X0\rvore',$,$);
#83=IFCSURFACESTYLE('Copa de \X2\00E1\X0\rvore',.BOTH.,(#84));
#84=IFCSURFACESTYLESHADING(#85,0.);
#85=IFCCOLOURRGB($,0.31,0.48,0.23);
#86=IFCMATERIAL('Tronco',$,$);
#87=IFCSURFACESTYLE('Tronco',.BOTH.,(#88));
#88=IFCSURFACESTYLESHADING(#89,0.);
#89=IFCCOLOURRGB($,0.42,0.29,0.18);
#90=IFCGEOGRAPHICELEMENT('000DIX0010080000000008',$,'Terreno',$,$,#144,#133,$,.TERRAIN.);
#96=IFCCARTESIANPOINTLIST2D(((0.,0.),(13.3,0.),(13.3,4.55),(0.,4.55)));
#97=IFCINDEXEDPOLYCURVE(#96,(IFCLINEINDEX((1,2,3,4,1))),$);
#98=IFCARBITRARYCLOSEDPROFILEDEF(.AREA.,$,#97);
#99=IFCCARTESIANPOINT((0.,0.,0.));
#100=IFCDIRECTION((0.,0.,1.));
#101=IFCDIRECTION((1.,0.,0.));
#102=IFCAXIS2PLACEMENT3D(#99,#100,#101);
#103=IFCDIRECTION((0.,0.,1.));
#104=IFCEXTRUDEDAREASOLID(#98,#102,#103,0.30000000000000004);
#105=IFCCARTESIANPOINTLIST2D(((0.,23.45),(13.3,23.45),(13.3,30.),(0.,30.)));
#106=IFCINDEXEDPOLYCURVE(#105,(IFCLINEINDEX((1,2,3,4,1))),$);
#107=IFCARBITRARYCLOSEDPROFILEDEF(.AREA.,$,#106);
#108=IFCCARTESIANPOINT((0.,0.,0.));
#109=IFCDIRECTION((0.,0.,1.));
#110=IFCDIRECTION((1.,0.,0.));
#111=IFCAXIS2PLACEMENT3D(#108,#109,#110);
#112=IFCDIRECTION((0.,0.,1.));
#113=IFCEXTRUDEDAREASOLID(#107,#111,#112,0.30000000000000004);
#114=IFCCARTESIANPOINTLIST2D(((0.,4.55),(1.2,4.55),(1.2,23.45),(0.,23.45)));
#115=IFCINDEXEDPOLYCURVE(#114,(IFCLINEINDEX((1,2,3,4,1))),$);
#116=IFCARBITRARYCLOSEDPROFILEDEF(.AREA.,$,#115);
#117=IFCCARTESIANPOINT((0.,0.,0.));
#118=IFCDIRECTION((0.,0.,1.));
#119=IFCDIRECTION((1.,0.,0.));
#120=IFCAXIS2PLACEMENT3D(#117,#118,#119);
#121=IFCDIRECTION((0.,0.,1.));
#122=IFCEXTRUDEDAREASOLID(#116,#120,#121,0.30000000000000004);
#123=IFCCARTESIANPOINTLIST2D(((12.1,4.55),(13.3,4.55),(13.3,23.45),(12.1,23.45)));
#124=IFCINDEXEDPOLYCURVE(#123,(IFCLINEINDEX((1,2,3,4,1))),$);
#125=IFCARBITRARYCLOSEDPROFILEDEF(.AREA.,$,#124);
#126=IFCCARTESIANPOINT((0.,0.,0.));
#127=IFCDIRECTION((0.,0.,1.));
#128=IFCDIRECTION((1.,0.,0.));
#129=IFCAXIS2PLACEMENT3D(#126,#127,#128);
#130=IFCDIRECTION((0.,0.,1.));
#131=IFCEXTRUDEDAREASOLID(#125,#129,#130,0.30000000000000004);
#132=IFCSHAPEREPRESENTATION(#12,'Body','SweptSolid',(#104,#113,#122,#131));
#133=IFCPRODUCTDEFINITIONSHAPE($,$,(#132));
#134=IFCSTYLEDITEM(#104,(#35),'Terreno natural');
#135=IFCSTYLEDITEM(#113,(#35),'Terreno natural');
#136=IFCSTYLEDITEM(#122,(#35),'Terreno natural');
#137=IFCSTYLEDITEM(#131,(#35),'Terreno natural');
#138=IFCRELASSOCIATESMATERIAL('000DIX0010080000000009',$,$,$,(#90),#34);
#139=IFCRELCONTAINEDINSPATIALSTRUCTURE('000DIX001008000000000A',$,$,$,(#4038,#4071,#3981,#90,#3957,#4004),#13);
#140=IFCCARTESIANPOINT((-1.65,-5.,-0.4));
#141=IFCDIRECTION((0.,0.,1.));
#142=IFCDIRECTION((1.,0.,0.));
#143=IFCAXIS2PLACEMENT3D(#140,#141,#142);
#144=IFCLOCALPLACEMENT(#23,#143);
#145=IFCWALL('000DIX001008000000000B',$,'Parede: Fachada frontal',$,$,#169,#161,$,.SOLIDWALL.);
#151=IFCCARTESIANPOINTLIST2D(((0.,0.),(10.149999999999999,0.),(10.149999999999999,0.15),(0.,0.15)));
#152=IFCINDEXEDPOLYCURVE(#151,(IFCLINEINDEX((1,2,3,4,1))),$);
#153=IFCARBITRARYCLOSEDPROFILEDEF(.AREA.,$,#152);
#154=IFCCARTESIANPOINT((0.,0.,0.));
#155=IFCDIRECTION((0.,0.,1.));
#156=IFCDIRECTION((1.,0.,0.));
#157=IFCAXIS2PLACEMENT3D(#154,#155,#156);
#158=IFCDIRECTION((0.,0.,1.));
#159=IFCEXTRUDEDAREASOLID(#153,#157,#158,3.4);
#160=IFCSHAPEREPRESENTATION(#12,'Body','SweptSolid',(#159));
#161=IFCPRODUCTDEFINITIONSHAPE($,$,(#160));
#162=IFCSTYLEDITEM(#159,(#43),'Bloco cer\X2\00E2\X0\mico');
#163=IFCRELASSOCIATESMATERIAL('000DIX001008000000000C',$,$,$,(#308,#400,#216,#492,#239,#193,#285,#377,#423,#469,#170,#262,#354,#446,#145,#331),#42);
#164=IFCRELCONTAINEDINSPATIALSTRUCTURE('000DIX001008000000000D',$,$,$,(#492,#1966,#1478,#3934,#2955,#3448,#2472,#1989,#2978,#3472,#1022,#2495,#2012,#540,#1526,#3001,#3495,#2518,#2035,#3024,#3518,#2541,#1070,#2058,#589,#1574,#3047,#3541,#2564,#2081,#1598,#3070,#3564,#2587,#1118,#2104,#145,#638,#1621,#3093,#3588,#2610,#2127,#170,#1644,#3116,#3611,#2633,#1166,#2150,#193,#1667,#686,#3139,#3634,#2656,#2173,#216,#1690,#3162,#3657,#2679,#2196,#1713,#3185,#239,#3680,#734,#2702,#2219,#1238,#262,#1736,#3208,#3703,#2725,#2242,#285,#1759,#3231,#3726,#782,#2748,#2265,#1286,#308,#1782,#3254,#3749,#2771,#2288,#331,#1805,#3277,#3772,#830,#2794,#2311,#1334,#354,#1828,#3300,#3796,#2817,#2334,#377,#1851,#3323,#3819,#2840,#878,#2357,#1382,#400,#1874,#3842,#2863,#2380,#423,#1897,#3865,#2886,#926,#2403,#446,#1430,#1920,#3888,#2909,#3400,#2426,#469,#1943,#3911,#2932,#3424,#974,#2449),#15);
#165=IFCCARTESIANPOINT((-0.075,-0.075,0.));
#166=IFCDIRECTION((0.,0.,1.));
#167=IFCDIRECTION((1.,0.,0.));
#168=IFCAXIS2PLACEMENT3D(#165,#166,#167);
#169=IFCLOCALPLACEMENT(#33,#168);
#170=IFCWALL('000DIX001008000000000E',$,'Parede: Fachada dos fundos',$,$,#192,#186,$,.SOLIDWALL.);
#176=IFCCARTESIANPOINTLIST2D(((0.,0.),(10.149999999999999,0.),(10.149999999999999,0.14999999999999858),(0.,0.14999999999999858)));
#177=IFCINDEXEDPOLYCURVE(#176,(IFCLINEINDEX((1,2,3,4,1))),$);
#178=IFCARBITRARYCLOSEDPROFILEDEF(.AREA.,$,#177);
#179=IFCCARTESIANPOINT((0.,0.,0.));
#180=IFCDIRECTION((0.,0.,1.));
#181=IFCDIRECTION((1.,0.,0.));
#182=IFCAXIS2PLACEMENT3D(#179,#180,#181);
#183=IFCDIRECTION((0.,0.,1.));
#184=IFCEXTRUDEDAREASOLID(#178,#182,#183,3.4);
#185=IFCSHAPEREPRESENTATION(#12,'Body','SweptSolid',(#184));
#186=IFCPRODUCTDEFINITIONSHAPE($,$,(#185));
#187=IFCSTYLEDITEM(#184,(#43),'Bloco cer\X2\00E2\X0\mico');
#188=IFCCARTESIANPOINT((-0.075,17.925,0.));
#189=IFCDIRECTION((0.,0.,1.));
#190=IFCDIRECTION((1.,0.,0.));
#191=IFCAXIS2PLACEMENT3D(#188,#189,#190);
#192=IFCLOCALPLACEMENT(#33,#191);
#193=IFCWALL('000DIX001008000000000F',$,'Parede: Lateral oeste, su\X2\00ED\X0\tes',$,$,#215,#209,$,.SOLIDWALL.);
#199=IFCCARTESIANPOINTLIST2D(((0.,0.),(0.15,0.),(0.15,7.65),(0.,7.65)));
#200=IFCINDEXEDPOLYCURVE(#199,(IFCLINEINDEX((1,2,3,4,1))),$);
#201=IFCARBITRARYCLOSEDPROFILEDEF(.AREA.,$,#200);
#202=IFCCARTESIANPOINT((0.,0.,0.));
#203=IFCDIRECTION((0.,0.,1.));
#204=IFCDIRECTION((1.,0.,0.));
#205=IFCAXIS2PLACEMENT3D(#202,#203,#204);
#206=IFCDIRECTION((0.,0.,1.));
#207=IFCEXTRUDEDAREASOLID(#201,#205,#206,3.4);
#208=IFCSHAPEREPRESENTATION(#12,'Body','SweptSolid',(#207));
#209=IFCPRODUCTDEFINITIONSHAPE($,$,(#208));
#210=IFCSTYLEDITEM(#207,(#43),'Bloco cer\X2\00E2\X0\mico');
#211=IFCCARTESIANPOINT((-0.075,-0.075,0.));
#212=IFCDIRECTION((0.,0.,1.));
#213=IFCDIRECTION((1.,0.,0.));
#214=IFCAXIS2PLACEMENT3D(#211,#212,#213);
#215=IFCLOCALPLACEMENT(#33,#214);
#216=IFCWALL('000DIX001008000000000G',$,'Parede: Lateral oeste, sala',$,$,#238,#232,$,.SOLIDWALL.);
#222=IFCCARTESIANPOINTLIST2D(((0.,0.),(0.15,0.),(0.15,6.1499999999999995),(0.,6.1499999999999995)));
#223=IFCINDEXEDPOLYCURVE(#222,(IFCLINEINDEX((1,2,3,4,1))),$);
#224=IFCARBITRARYCLOSEDPROFILEDEF(.AREA.,$,#223);
#225=IFCCARTESIANPOINT((0.,0.,0.));
#226=IFCDIRECTION((0.,0.,1.));
#227=IFCDIRECTION((1.,0.,0.));
#228=IFCAXIS2PLACEMENT3D(#225,#226,#227);
#229=IFCDIRECTION((0.,0.,1.));
#230=IFCEXTRUDEDAREASOLID(#224,#228,#229,6.);
#231=IFCSHAPEREPRESENTATION(#12,'Body','SweptSolid',(#230));
#232=IFCPRODUCTDEFINITIONSHAPE($,$,(#231));
#233=IFCSTYLEDITEM(#230,(#43),'Bloco cer\X2\00E2\X0\mico');
#234=IFCCARTESIANPOINT((-0.075,7.425,0.));
#235=IFCDIRECTION((0.,0.,1.));
#236=IFCDIRECTION((1.,0.,0.));
#237=IFCAXIS2PLACEMENT3D(#234,#235,#236);
#238=IFCLOCALPLACEMENT(#33,#237);
#239=IFCWALL('000DIX001008000000000H',$,'Parede: Lateral oeste, cozinha',$,$,#261,#255,$,.SOLIDWALL.);
#245=IFCCARTESIANPOINTLIST2D(((0.,0.),(0.15,0.),(0.15,4.649999999999999),(0.,4.649999999999999)));
#246=IFCINDEXEDPOLYCURVE(#245,(IFCLINEINDEX((1,2,3,4,1))),$);
#247=IFCARBITRARYCLOSEDPROFILEDEF(.AREA.,$,#246);
#248=IFCCARTESIANPOINT((0.,0.,0.));
#249=IFCDIRECTION((0.,0.,1.));
#250=IFCDIRECTION((1.,0.,0.));
#251=IFCAXIS2PLACEMENT3D(#248,#249,#250);
#252=IFCDIRECTION((0.,0.,1.));
#253=IFCEXTRUDEDAREASOLID(#247,#251,#252,3.4);
#254=IFCSHAPEREPRESENTATION(#12,'Body','SweptSolid',(#253));
#255=IFCPRODUCTDEFINITIONSHAPE($,$,(#254));
#256=IFCSTYLEDITEM(#253,(#43),'Bloco cer\X2\00E2\X0\mico');
#257=IFCCARTESIANPOINT((-0.075,13.425,0.));
#258=IFCDIRECTION((0.,0.,1.));
#259=IFCDIRECTION((1.,0.,0.));
#260=IFCAXIS2PLACEMENT3D(#257,#258,#259);
#261=IFCLOCALPLACEMENT(#33,#260);
#262=IFCWALL('000DIX001008000000000I',$,'Parede: Lateral leste, su\X2\00ED\X0\tes',$,$,#284,#278,$,.SOLIDWALL.);
#268=IFCCARTESIANPOINTLIST2D(((0.,0.),(0.14999999999999858,0.),(0.14999999999999858,7.65),(0.,7.65)));
#269=IFCINDEXEDPOLYCURVE(#268,(IFCLINEINDEX((1,2,3,4,1))),$);
#270=IFCARBITRARYCLOSEDPROFILEDEF(.AREA.,$,#269);
#271=IFCCARTESIANPOINT((0.,0.,0.));
#272=IFCDIRECTION((0.,0.,1.));
#273=IFCDIRECTION((1.,0.,0.));
#274=IFCAXIS2PLACEMENT3D(#271,#272,#273);
#275=IFCDIRECTION((0.,0.,1.));
#276=IFCEXTRUDEDAREASOLID(#270,#274,#275,3.4);
#277=IFCSHAPEREPRESENTATION(#12,'Body','SweptSolid',(#276));
#278=IFCPRODUCTDEFINITIONSHAPE($,$,(#277));
#279=IFCSTYLEDITEM(#276,(#43),'Bloco cer\X2\00E2\X0\mico');
#280=IFCCARTESIANPOINT((9.925,-0.075,0.));
#281=IFCDIRECTION((0.,0.,1.));
#282=IFCDIRECTION((1.,0.,0.));
#283=IFCAXIS2PLACEMENT3D(#280,#281,#282);
#284=IFCLOCALPLACEMENT(#33,#283);
#285=IFCWALL('000DIX001008000000000J',$,'Parede: Lateral leste, sala',$,$,#307,#301,$,.SOLIDWALL.);
#291=IFCCARTESIANPOINTLIST2D(((0.,0.),(0.14999999999999858,0.),(0.14999999999999858,6.1499999999999995),(0.,6.1499999999999995)));
#292=IFCINDEXEDPOLYCURVE(#291,(IFCLINEINDEX((1,2,3,4,1))),$);
#293=IFCARBITRARYCLOSEDPROFILEDEF(.AREA.,$,#292);
#294=IFCCARTESIANPOINT((0.,0.,0.));
#295=IFCDIRECTION((0.,0.,1.));
#296=IFCDIRECTION((1.,0.,0.));
#297=IFCAXIS2PLACEMENT3D(#294,#295,#296);
#298=IFCDIRECTION((0.,0.,1.));
#299=IFCEXTRUDEDAREASOLID(#293,#297,#298,6.);
#300=IFCSHAPEREPRESENTATION(#12,'Body','SweptSolid',(#299));
#301=IFCPRODUCTDEFINITIONSHAPE($,$,(#300));
#302=IFCSTYLEDITEM(#299,(#43),'Bloco cer\X2\00E2\X0\mico');
#303=IFCCARTESIANPOINT((9.925,7.425,0.));
#304=IFCDIRECTION((0.,0.,1.));
#305=IFCDIRECTION((1.,0.,0.));
#306=IFCAXIS2PLACEMENT3D(#303,#304,#305);
#307=IFCLOCALPLACEMENT(#33,#306);
#308=IFCWALL('000DIX001008000000000K',$,'Parede: Lateral leste, servi\X2\00E7\X0\o',$,$,#330,#324,$,.SOLIDWALL.);
#314=IFCCARTESIANPOINTLIST2D(((0.,0.),(0.14999999999999858,0.),(0.14999999999999858,4.649999999999999),(0.,4.649999999999999)));
#315=IFCINDEXEDPOLYCURVE(#314,(IFCLINEINDEX((1,2,3,4,1))),$);
#316=IFCARBITRARYCLOSEDPROFILEDEF(.AREA.,$,#315);
#317=IFCCARTESIANPOINT((0.,0.,0.));
#318=IFCDIRECTION((0.,0.,1.));
#319=IFCDIRECTION((1.,0.,0.));
#320=IFCAXIS2PLACEMENT3D(#317,#318,#319);
#321=IFCDIRECTION((0.,0.,1.));
#322=IFCEXTRUDEDAREASOLID(#316,#320,#321,3.4);
#323=IFCSHAPEREPRESENTATION(#12,'Body','SweptSolid',(#322));
#324=IFCPRODUCTDEFINITIONSHAPE($,$,(#323));
#325=IFCSTYLEDITEM(#322,(#43),'Bloco cer\X2\00E2\X0\mico');
#326=IFCCARTESIANPOINT((9.925,13.425,0.));
#327=IFCDIRECTION((0.,0.,1.));
#328=IFCDIRECTION((1.,0.,0.));
#329=IFCAXIS2PLACEMENT3D(#326,#327,#328);
#330=IFCLOCALPLACEMENT(#33,#329);
#331=IFCWALL('000DIX001008000000000L',$,'Parede: Sala, frente',$,$,#353,#347,$,.SOLIDWALL.);
#337=IFCCARTESIANPOINTLIST2D(((0.,0.),(10.149999999999999,0.),(10.149999999999999,0.15000000000000036),(0.,0.15000000000000036)));
#338=IFCINDEXEDPOLYCURVE(#337,(IFCLINEINDEX((1,2,3,4,1))),$);
#339=IFCARBITRARYCLOSEDPROFILEDEF(.AREA.,$,#338);
#340=IFCCARTESIANPOINT((0.,0.,0.));
#341=IFCDIRECTION((0.,0.,1.));
#342=IFCDIRECTION((1.,0.,0.));
#343=IFCAXIS2PLACEMENT3D(#340,#341,#342);
#344=IFCDIRECTION((0.,0.,1.));
#345=IFCEXTRUDEDAREASOLID(#339,#343,#344,6.);
#346=IFCSHAPEREPRESENTATION(#12,'Body','SweptSolid',(#345));
#347=IFCPRODUCTDEFINITIONSHAPE($,$,(#346));
#348=IFCSTYLEDITEM(#345,(#43),'Bloco cer\X2\00E2\X0\mico');
#349=IFCCARTESIANPOINT((-0.075,7.425,0.));
#350=IFCDIRECTION((0.,0.,1.));
#351=IFCDIRECTION((1.,0.,0.));
#352=IFCAXIS2PLACEMENT3D(#349,#350,#351);
#353=IFCLOCALPLACEMENT(#33,#352);
#354=IFCWALL('000DIX001008000000000M',$,'Parede: Sala, fundo',$,$,#376,#370,$,.SOLIDWALL.);
#360=IFCCARTESIANPOINTLIST2D(((0.,0.),(10.149999999999999,0.),(10.149999999999999,0.14999999999999858),(0.,0.14999999999999858)));
#361=IFCINDEXEDPOLYCURVE(#360,(IFCLINEINDEX((1,2,3,4,1))),$);
#362=IFCARBITRARYCLOSEDPROFILEDEF(.AREA.,$,#361);
#363=IFCCARTESIANPOINT((0.,0.,0.));
#364=IFCDIRECTION((0.,0.,1.));
#365=IFCDIRECTION((1.,0.,0.));
#366=IFCAXIS2PLACEMENT3D(#363,#364,#365);
#367=IFCDIRECTION((0.,0.,1.));
#368=IFCEXTRUDEDAREASOLID(#362,#366,#367,6.);
#369=IFCSHAPEREPRESENTATION(#12,'Body','SweptSolid',(#368));
#370=IFCPRODUCTDEFINITIONSHAPE($,$,(#369));
#371=IFCSTYLEDITEM(#368,(#43),'Bloco cer\X2\00E2\X0\mico');
#372=IFCCARTESIANPOINT((-0.075,13.425,0.));
#373=IFCDIRECTION((0.,0.,1.));
#374=IFCDIRECTION((1.,0.,0.));
#375=IFCAXIS2PLACEMENT3D(#372,#373,#374);
#376=IFCLOCALPLACEMENT(#33,#375);
#377=IFCWALL('000DIX001008000000000N',$,'Parede: Vest\X2\00ED\X0\bulo, oeste',$,$,#399,#393,$,.SOLIDWALL.);
#383=IFCCARTESIANPOINTLIST2D(((0.,0.),(0.15000000000000036,0.),(0.15000000000000036,7.65),(0.,7.65)));
#384=IFCINDEXEDPOLYCURVE(#383,(IFCLINEINDEX((1,2,3,4,1))),$);
#385=IFCARBITRARYCLOSEDPROFILEDEF(.AREA.,$,#384);
#386=IFCCARTESIANPOINT((0.,0.,0.));
#387=IFCDIRECTION((0.,0.,1.));
#388=IFCDIRECTION((1.,0.,0.));
#389=IFCAXIS2PLACEMENT3D(#386,#387,#388);
#390=IFCDIRECTION((0.,0.,1.));
#391=IFCEXTRUDEDAREASOLID(#385,#389,#390,2.8);
#392=IFCSHAPEREPRESENTATION(#12,'Body','SweptSolid',(#391));
#393=IFCPRODUCTDEFINITIONSHAPE($,$,(#392));
#394=IFCSTYLEDITEM(#391,(#43),'Bloco cer\X2\00E2\X0\mico');
#395=IFCCARTESIANPOINT((3.925,-0.075,0.));
#396=IFCDIRECTION((0.,0.,1.));
#397=IFCDIRECTION((1.,0.,0.));
#398=IFCAXIS2PLACEMENT3D(#395,#396,#397);
#399=IFCLOCALPLACEMENT(#33,#398);
#400=IFCWALL('000DIX001008000000000O',$,'Parede: Vest\X2\00ED\X0\bulo, leste',$,$,#422,#416,$,.SOLIDWALL.);
#406=IFCCARTESIANPOINTLIST2D(((0.,0.),(0.15000000000000036,0.),(0.15000000000000036,7.65),(0.,7.65)));
#407=IFCINDEXEDPOLYCURVE(#406,(IFCLINEINDEX((1,2,3,4,1))),$);
#408=IFCARBITRARYCLOSEDPROFILEDEF(.AREA.,$,#407);
#409=IFCCARTESIANPOINT((0.,0.,0.));
#410=IFCDIRECTION((0.,0.,1.));
#411=IFCDIRECTION((1.,0.,0.));
#412=IFCAXIS2PLACEMENT3D(#409,#410,#411);
#413=IFCDIRECTION((0.,0.,1.));
#414=IFCEXTRUDEDAREASOLID(#408,#412,#413,2.8);
#415=IFCSHAPEREPRESENTATION(#12,'Body','SweptSolid',(#414));
#416=IFCPRODUCTDEFINITIONSHAPE($,$,(#415));
#417=IFCSTYLEDITEM(#414,(#43),'Bloco cer\X2\00E2\X0\mico');
#418=IFCCARTESIANPOINT((5.925,-0.075,0.));
#419=IFCDIRECTION((0.,0.,1.));
#420=IFCDIRECTION((1.,0.,0.));
#421=IFCAXIS2PLACEMENT3D(#418,#419,#420);
#422=IFCLOCALPLACEMENT(#33,#421);
#423=IFCWALL('000DIX001008000000000P',$,'Parede: Su\X2\00ED\X0\te oeste, banho',$,$,#445,#439,$,.SOLIDWALL.);
#429=IFCCARTESIANPOINTLIST2D(((0.,0.),(4.15,0.),(4.15,0.15000000000000036),(0.,0.15000000000000036)));
#430=IFCINDEXEDPOLYCURVE(#429,(IFCLINEINDEX((1,2,3,4,1))),$);
#431=IFCARBITRARYCLOSEDPROFILEDEF(.AREA.,$,#430);
#432=IFCCARTESIANPOINT((0.,0.,0.));
#433=IFCDIRECTION((0.,0.,1.));
#434=IFCDIRECTION((1.,0.,0.));
#435=IFCAXIS2PLACEMENT3D(#432,#433,#434);
#436=IFCDIRECTION((0.,0.,1.));
#437=IFCEXTRUDEDAREASOLID(#431,#435,#436,2.8);
#438=IFCSHAPEREPRESENTATION(#12,'Body','SweptSolid',(#437));
#439=IFCPRODUCTDEFINITIONSHAPE($,$,(#438));
#440=IFCSTYLEDITEM(#437,(#43),'Bloco cer\X2\00E2\X0\mico');
#441=IFCCARTESIANPOINT((-0.075,4.925,0.));
#442=IFCDIRECTION((0.,0.,1.));
#443=IFCDIRECTION((1.,0.,0.));
#444=IFCAXIS2PLACEMENT3D(#441,#442,#443);
#445=IFCLOCALPLACEMENT(#33,#444);
#446=IFCWALL('000DIX001008000000000Q',$,'Parede: Su\X2\00ED\X0\te leste, banho',$,$,#468,#462,$,.SOLIDWALL.);
#452=IFCCARTESIANPOINTLIST2D(((0.,0.),(4.1499999999999995,0.),(4.1499999999999995,0.15000000000000036),(0.,0.15000000000000036)));
#453=IFCINDEXEDPOLYCURVE(#452,(IFCLINEINDEX((1,2,3,4,1))),$);
#454=IFCARBITRARYCLOSEDPROFILEDEF(.AREA.,$,#453);
#455=IFCCARTESIANPOINT((0.,0.,0.));
#456=IFCDIRECTION((0.,0.,1.));
#457=IFCDIRECTION((1.,0.,0.));
#458=IFCAXIS2PLACEMENT3D(#455,#456,#457);
#459=IFCDIRECTION((0.,0.,1.));
#460=IFCEXTRUDEDAREASOLID(#454,#458,#459,2.8);
#461=IFCSHAPEREPRESENTATION(#12,'Body','SweptSolid',(#460));
#462=IFCPRODUCTDEFINITIONSHAPE($,$,(#461));
#463=IFCSTYLEDITEM(#460,(#43),'Bloco cer\X2\00E2\X0\mico');
#464=IFCCARTESIANPOINT((5.925,4.925,0.));
#465=IFCDIRECTION((0.,0.,1.));
#466=IFCDIRECTION((1.,0.,0.));
#467=IFCAXIS2PLACEMENT3D(#464,#465,#466);
#468=IFCLOCALPLACEMENT(#33,#467);
#469=IFCWALL('000DIX001008000000000R',$,'Parede: Cozinha, WC e servi\X2\00E7\X0\o',$,$,#491,#485,$,.SOLIDWALL.);
#475=IFCCARTESIANPOINTLIST2D(((0.,0.),(0.15000000000000036,0.),(0.15000000000000036,4.649999999999999),(0.,4.649999999999999)));
#476=IFCINDEXEDPOLYCURVE(#475,(IFCLINEINDEX((1,2,3,4,1))),$);
#477=IFCARBITRARYCLOSEDPROFILEDEF(.AREA.,$,#476);
#478=IFCCARTESIANPOINT((0.,0.,0.));
#479=IFCDIRECTION((0.,0.,1.));
#480=IFCDIRECTION((1.,0.,0.));
#481=IFCAXIS2PLACEMENT3D(#478,#479,#480);
#482=IFCDIRECTION((0.,0.,1.));
#483=IFCEXTRUDEDAREASOLID(#477,#481,#482,2.8);
#484=IFCSHAPEREPRESENTATION(#12,'Body','SweptSolid',(#483));
#485=IFCPRODUCTDEFINITIONSHAPE($,$,(#484));
#486=IFCSTYLEDITEM(#483,(#43),'Bloco cer\X2\00E2\X0\mico');
#487=IFCCARTESIANPOINT((5.925,13.425,0.));
#488=IFCDIRECTION((0.,0.,1.));
#489=IFCDIRECTION((1.,0.,0.));
#490=IFCAXIS2PLACEMENT3D(#487,#488,#489);
#491=IFCLOCALPLACEMENT(#33,#490);
#492=IFCWALL('000DIX001008000000000S',$,'Parede: WC, servi\X2\00E7\X0\o',$,$,#514,#508,$,.SOLIDWALL.);
#498=IFCCARTESIANPOINTLIST2D(((0.,0.),(4.1499999999999995,0.),(4.1499999999999995,0.14999999999999858),(0.,0.14999999999999858)));
#499=IFCINDEXEDPOLYCURVE(#498,(IFCLINEINDEX((1,2,3,4,1))),$);
#500=IFCARBITRARYCLOSEDPROFILEDEF(.AREA.,$,#499);
#501=IFCCARTESIANPOINT((0.,0.,0.));
#502=IFCDIRECTION((0.,0.,1.));
#503=IFCDIRECTION((1.,0.,0.));
#504=IFCAXIS2PLACEMENT3D(#501,#502,#503);
#505=IFCDIRECTION((0.,0.,1.));
#506=IFCEXTRUDEDAREASOLID(#500,#504,#505,2.8);
#507=IFCSHAPEREPRESENTATION(#12,'Body','SweptSolid',(#506));
#508=IFCPRODUCTDEFINITIONSHAPE($,$,(#507));
#509=IFCSTYLEDITEM(#506,(#43),'Bloco cer\X2\00E2\X0\mico');
#510=IFCCARTESIANPOINT((5.925,15.925,0.));
#511=IFCDIRECTION((0.,0.,1.));
#512=IFCDIRECTION((1.,0.,0.));
#513=IFCAXIS2PLACEMENT3D(#510,#511,#512);
#514=IFCLOCALPLACEMENT(#33,#513);
#515=IFCOPENINGELEMENT('000DIX001008000000000T',$,'V\X2\00E3\X0\o: Porta de entrada',$,$,#539,#531,$,.OPENING.);
#521=IFCCARTESIANPOINTLIST2D(((0.,0.),(1.2000000000000002,0.),(1.2000000000000002,0.25),(0.,0.25)));
#522=IFCINDEXEDPOLYCURVE(#521,(IFCLINEINDEX((1,2,3,4,1))),$);
#523=IFCARBITRARYCLOSEDPROFILEDEF(.AREA.,$,#522);
#524=IFCCARTESIANPOINT((0.,0.,0.));
#525=IFCDIRECTION((0.,0.,1.));
#526=IFCDIRECTION((1.,0.,0.));
#527=IFCAXIS2PLACEMENT3D(#524,#525,#526);
#528=IFCDIRECTION((0.,0.,1.));
#529=IFCEXTRUDEDAREASOLID(#523,#527,#528,2.1);
#530=IFCSHAPEREPRESENTATION(#12,'Body','SweptSolid',(#529));
#531=IFCPRODUCTDEFINITIONSHAPE($,$,(#530));
#532=IFCSTYLEDITEM(#529,(#39),'Concreto armado');
#533=IFCRELASSOCIATESMATERIAL('000DIX001008000000000U',$,$,$,(#1966,#2702,#2955,#2219,#998,#2472,#1736,#3208,#1713,#758,#515,#1989,#2725,#1502,#2978,#2242,#1262,#2495,#1759,#3231,#2449,#2012,#2748,#3001,#2265,#2518,#1046,#1782,#3254,#806,#2035,#2771,#565,#1550,#3024,#2288,#1310,#2541,#1805,#3277,#2058,#2794,#3047,#2311,#2564,#1828,#3300,#1094,#2081,#2817,#854,#614,#1598,#3070,#2334,#1358,#2587,#1851,#2104,#2840,#1621,#3093,#2357,#2610,#1874,#1142,#2127,#2863,#902,#1644,#662,#3116,#2380,#2633,#1406,#1897,#2150,#2886,#1667,#3139,#2403,#2656,#1920,#1190,#2173,#2909,#950,#1690,#3162,#2426,#710,#2679,#1943,#1454,#1214,#2196,#2932,#3185),#38);
#534=IFCRELVOIDSELEMENT('000DIX001008000000000V',$,$,$,#145,#515);
#535=IFCCARTESIANPOINT((4.4750000000000005,-0.05,0.));
#536=IFCDIRECTION((0.,0.,1.));
#537=IFCDIRECTION((1.,0.,0.));
#538=IFCAXIS2PLACEMENT3D(#535,#536,#537);
#539=IFCLOCALPLACEMENT(#169,#538);
#540=IFCDOOR('000DIX001008000000000W',$,'Porta de entrada',$,$,#563,#556,$,2.1,1.2,.DOOR.,$,$);
#546=IFCCARTESIANPOINTLIST2D(((0.,0.),(1.2000000000000002,0.),(1.2000000000000002,0.04),(0.,0.04)));
#547=IFCINDEXEDPOLYCURVE(#546,(IFCLINEINDEX((1,2,3,4,1))),$);
#548=IFCARBITRARYCLOSEDPROFILEDEF(.AREA.,$,#547);
#549=IFCCARTESIANPOINT((0.,0.,0.));
#550=IFCDIRECTION((0.,0.,1.));
#551=IFCDIRECTION((1.,0.,0.));
#552=IFCAXIS2PLACEMENT3D(#549,#550,#551);
#553=IFCDIRECTION((0.,0.,1.));
#554=IFCEXTRUDEDAREASOLID(#548,#552,#553,2.1);
#555=IFCSHAPEREPRESENTATION(#12,'Body','SweptSolid',(#554));
#556=IFCPRODUCTDEFINITIONSHAPE($,$,(#555));
#557=IFCSTYLEDITEM(#554,(#51),'Madeira');
#558=IFCRELASSOCIATESMATERIAL('000DIX001008000000000X',$,$,$,(#1382,#830,#686,#1334,#782,#540,#974,#1286,#734),#50);
#559=IFCCARTESIANPOINT((4.4,-0.02,0.));
#560=IFCDIRECTION((0.,0.,1.));
#561=IFCDIRECTION((1.,0.,0.));
#562=IFCAXIS2PLACEMENT3D(#559,#560,#561);
#563=IFCLOCALPLACEMENT(#33,#562);
#564=IFCRELFILLSELEMENT('000DIX001008000000000Y',$,$,$,#515,#540);
#565=IFCOPENINGELEMENT('000DIX001008000000000Z',$,'V\X2\00E3\X0\o: Janela-banco da su\X2\00ED\X0\te oeste',$,$,#588,#581,$,.OPENING.);
#571=IFCCARTESIANPOINTLIST2D(((0.,0.),(2.2,0.),(2.2,0.25),(0.,0.25)));
#572=IFCINDEXEDPOLYCURVE(#571,(IFCLINEINDEX((1,2,3,4,1))),$);
#573=IFCARBITRARYCLOSEDPROFILEDEF(.AREA.,$,#572);
#574=IFCCARTESIANPOINT((0.,0.,0.));
#575=IFCDIRECTION((0.,0.,1.));
#576=IFCDIRECTION((1.,0.,0.));
#577=IFCAXIS2PLACEMENT3D(#574,#575,#576);
#578=IFCDIRECTION((0.,0.,1.));
#579=IFCEXTRUDEDAREASOLID(#573,#577,#578,2.2);
#580=IFCSHAPEREPRESENTATION(#12,'Body','SweptSolid',(#579));
#581=IFCPRODUCTDEFINITIONSHAPE($,$,(#580));
#582=IFCSTYLEDITEM(#579,(#39),'Concreto armado');
#583=IFCRELVOIDSELEMENT('000DIX001008000000000a',$,$,$,#145,#565);
#584=IFCCARTESIANPOINT((0.975,-0.05,0.45));
#585=IFCDIRECTION((0.,0.,1.));
#586=IFCDIRECTION((1.,0.,0.));
#587=IFCAXIS2PLACEMENT3D(#584,#585,#586);
#588=IFCLOCALPLACEMENT(#169,#587);
#589=IFCWINDOW('000DIX001008000000000b',$,'Janela-banco da su\X2\00ED\X0\te oeste',$,$,#612,#605,$,2.2,2.2,.WINDOW.,$,$);
#595=IFCCARTESIANPOINTLIST2D(((0.,0.),(2.2,0.),(2.2,0.04),(0.,0.04)));
#596=IFCINDEXEDPOLYCURVE(#595,(IFCLINEINDEX((1,2,3,4,1))),$);
#597=IFCARBITRARYCLOSEDPROFILEDEF(.AREA.,$,#596);
#598=IFCCARTESIANPOINT((0.,0.,0.));
#599=IFCDIRECTION((0.,0.,1.));
#600=IFCDIRECTION((1.,0.,0.));
#601=IFCAXIS2PLACEMENT3D(#598,#599,#600);
#602=IFCDIRECTION((0.,0.,1.));
#603=IFCEXTRUDEDAREASOLID(#597,#601,#602,2.2);
#604=IFCSHAPEREPRESENTATION(#12,'Body','SweptSolid',(#603));
#605=IFCPRODUCTDEFINITIONSHAPE($,$,(#604));
#606=IFCSTYLEDITEM(#603,(#55),'Vidro');
#607=IFCRELASSOCIATESMATERIAL('000DIX001008000000000c',$,$,$,(#1478,#926,#589,#1574,#1022,#1238,#1118,#1430,#878,#1526,#638,#1070,#1166),#54);
#608=IFCCARTESIANPOINT((0.9,-0.02,0.45));
#609=IFCDIRECTION((0.,0.,1.));
#610=IFCDIRECTION((1.,0.,0.));
#611=IFCAXIS2PLACEMENT3D(#608,#609,#610);
#612=IFCLOCALPLACEMENT(#33,#611);
#613=IFCRELFILLSELEMENT('000DIX001008000000000d',$,$,$,#565,#589);
#614=IFCOPENINGELEMENT('000DIX001008000000000e',$,'V\X2\00E3\X0\o: Janela-banco da su\X2\00ED\X0\te leste',$,$,#637,#630,$,.OPENING.);
#620=IFCCARTESIANPOINTLIST2D(((0.,0.),(2.200000000000001,0.),(2.200000000000001,0.25),(0.,0.25)));
#621=IFCINDEXEDPOLYCURVE(#620,(IFCLINEINDEX((1,2,3,4,1))),$);
#622=IFCARBITRARYCLOSEDPROFILEDEF(.AREA.,$,#621);
#623=IFCCARTESIANPOINT((0.,0.,0.));
#624=IFCDIRECTION((0.,0.,1.));
#625=IFCDIRECTION((1.,0.,0.));
#626=IFCAXIS2PLACEMENT3D(#623,#624,#625);
#627=IFCDIRECTION((0.,0.,1.));
#628=IFCEXTRUDEDAREASOLID(#622,#626,#627,2.2);
#629=IFCSHAPEREPRESENTATION(#12,'Body','SweptSolid',(#628));
#630=IFCPRODUCTDEFINITIONSHAPE($,$,(#629));
#631=IFCSTYLEDITEM(#628,(#39),'Concreto armado');
#632=IFCRELVOIDSELEMENT('000DIX001008000000000f',$,$,$,#145,#614);
#633=IFCCARTESIANPOINT((6.9750000000000005,-0.05,0.45));
#634=IFCDIRECTION((0.,0.,1.));
#635=IFCDIRECTION((1.,0.,0.));
#636=IFCAXIS2PLACEMENT3D(#633,#634,#635);
#637=IFCLOCALPLACEMENT(#169,#636);
#638=IFCWINDOW('000DIX001008000000000g',$,'Janela-banco da su\X2\00ED\X0\te leste',$,$,#660,#654,$,2.2,2.2,.WINDOW.,$,$);
#644=IFCCARTESIANPOINTLIST2D(((0.,0.),(2.200000000000001,0.),(2.200000000000001,0.04),(0.,0.04)));
#645=IFCINDEXEDPOLYCURVE(#644,(IFCLINEINDEX((1,2,3,4,1))),$);
#646=IFCARBITRARYCLOSEDPROFILEDEF(.AREA.,$,#645);
#647=IFCCARTESIANPOINT((0.,0.,0.));
#648=IFCDIRECTION((0.,0.,1.));
#649=IFCDIRECTION((1.,0.,0.));
#650=IFCAXIS2PLACEMENT3D(#647,#648,#649);
#651=IFCDIRECTION((0.,0.,1.));
#652=IFCEXTRUDEDAREASOLID(#646,#650,#651,2.2);
#653=IFCSHAPEREPRESENTATION(#12,'Body','SweptSolid',(#652));
#654=IFCPRODUCTDEFINITIONSHAPE($,$,(#653));
#655=IFCSTYLEDITEM(#652,(#55),'Vidro');
#656=IFCCARTESIANPOINT((6.9,-0.02,0.45));
#657=IFCDIRECTION((0.,0.,1.));
#658=IFCDIRECTION((1.,0.,0.));
#659=IFCAXIS2PLACEMENT3D(#656,#657,#658);
#660=IFCLOCALPLACEMENT(#33,#659);
#661=IFCRELFILLSELEMENT('000DIX001008000000000h',$,$,$,#614,#638);
#662=IFCOPENINGELEMENT('000DIX001008000000000i',$,'V\X2\00E3\X0\o: Porta da su\X2\00ED\X0\te oeste',$,$,#685,#678,$,.OPENING.);
#668=IFCCARTESIANPOINTLIST2D(((0.,0.),(0.25,0.),(0.25,0.9000000000000004),(0.,0.9000000000000004)));
#669=IFCINDEXEDPOLYCURVE(#668,(IFCLINEINDEX((1,2,3,4,1))),$);
#670=IFCARBITRARYCLOSEDPROFILEDEF(.AREA.,$,#669);
#671=IFCCARTESIANPOINT((0.,0.,0.));
#672=IFCDIRECTION((0.,0.,1.));
#673=IFCDIRECTION((1.,0.,0.));
#674=IFCAXIS2PLACEMENT3D(#671,#672,#673);
#675=IFCDIRECTION((0.,0.,1.));
#676=IFCEXTRUDEDAREASOLID(#670,#674,#675,2.1);
#677=IFCSHAPEREPRESENTATION(#12,'Body','SweptSolid',(#676));
#678=IFCPRODUCTDEFINITIONSHAPE($,$,(#677));
#679=IFCSTYLEDITEM(#676,(#39),'Concreto armado');
#680=IFCRELVOIDSELEMENT('000DIX001008000000000j',$,$,$,#377,#662);
#681=IFCCARTESIANPOINT((-0.04999999999999982,3.875,0.));
#682=IFCDIRECTION((0.,0.,1.));
#683=IFCDIRECTION((1.,0.,0.));
#684=IFCAXIS2PLACEMENT3D(#681,#682,#683);
#685=IFCLOCALPLACEMENT(#399,#684);
#686=IFCDOOR('000DIX001008000000000k',$,'Porta da su\X2\00ED\X0\te oeste',$,$,#708,#702,$,2.1,0.9,.DOOR.,$,$);
#692=IFCCARTESIANPOINTLIST2D(((0.,0.),(0.03999999999999959,0.),(0.03999999999999959,0.9000000000000004),(0.,0.9000000000000004)));
#693=IFCINDEXEDPOLYCURVE(#692,(IFCLINEINDEX((1,2,3,4,1))),$);
#694=IFCARBITRARYCLOSEDPROFILEDEF(.AREA.,$,#693);
#695=IFCCARTESIANPOINT((0.,0.,0.));
#696=IFCDIRECTION((0.,0.,1.));
#697=IFCDIRECTION((1.,0.,0.));
#698=IFCAXIS2PLACEMENT3D(#695,#696,#697);
#699=IFCDIRECTION((0.,0.,1.));
#700=IFCEXTRUDEDAREASOLID(#694,#698,#699,2.1);
#701=IFCSHAPEREPRESENTATION(#12,'Body','SweptSolid',(#700));
#702=IFCPRODUCTDEFINITIONSHAPE($,$,(#701));
#703=IFCSTYLEDITEM(#700,(#51),'Madeira');
#704=IFCCARTESIANPOINT((3.98,3.8,0.));
#705=IFCDIRECTION((0.,0.,1.));
#706=IFCDIRECTION((1.,0.,0.));
#707=IFCAXIS2PLACEMENT3D(#704,#705,#706);
#708=IFCLOCALPLACEMENT(#33,#707);
#709=IFCRELFILLSELEMENT('000DIX001008000000000l',$,$,$,#662,#686);
#710=IFCOPENINGELEMENT('000DIX001008000000000m',$,'V\X2\00E3\X0\o: Porta da su\X2\00ED\X0\te leste',$,$,#733,#726,$,.OPENING.);
#716=IFCCARTESIANPOINTLIST2D(((0.,0.),(0.25,0.),(0.25,0.9000000000000004),(0.,0.9000000000000004)));
#717=IFCINDEXEDPOLYCURVE(#716,(IFCLINEINDEX((1,2,3,4,1))),$);
#718=IFCARBITRARYCLOSEDPROFILEDEF(.AREA.,$,#717);
#719=IFCCARTESIANPOINT((0.,0.,0.));
#720=IFCDIRECTION((0.,0.,1.));
#721=IFCDIRECTION((1.,0.,0.));
#722=IFCAXIS2PLACEMENT3D(#719,#720,#721);
#723=IFCDIRECTION((0.,0.,1.));
#724=IFCEXTRUDEDAREASOLID(#718,#722,#723,2.1);
#725=IFCSHAPEREPRESENTATION(#12,'Body','SweptSolid',(#724));
#726=IFCPRODUCTDEFINITIONSHAPE($,$,(#725));
#727=IFCSTYLEDITEM(#724,(#39),'Concreto armado');
#728=IFCRELVOIDSELEMENT('000DIX001008000000000n',$,$,$,#400,#710);
#729=IFCCARTESIANPOINT((-0.04999999999999982,3.875,0.));
#730=IFCDIRECTION((0.,0.,1.));
#731=IFCDIRECTION((1.,0.,0.));
#732=IFCAXIS2PLACEMENT3D(#729,#730,#731);
#733=IFCLOCALPLACEMENT(#422,#732);
#734=IFCDOOR('000DIX001008000000000o',$,'Porta da su\X2\00ED\X0\te leste',$,$,#756,#750,$,2.1,0.9,.DOOR.,$,$);
#740=IFCCARTESIANPOINTLIST2D(((0.,0.),(0.03999999999999915,0.),(0.03999999999999915,0.9000000000000004),(0.,0.9000000000000004)));
#741=IFCINDEXEDPOLYCURVE(#740,(IFCLINEINDEX((1,2,3,4,1))),$);
#742=IFCARBITRARYCLOSEDPROFILEDEF(.AREA.,$,#741);
#743=IFCCARTESIANPOINT((0.,0.,0.));
#744=IFCDIRECTION((0.,0.,1.));
#745=IFCDIRECTION((1.,0.,0.));
#746=IFCAXIS2PLACEMENT3D(#743,#744,#745);
#747=IFCDIRECTION((0.,0.,1.));
#748=IFCEXTRUDEDAREASOLID(#742,#746,#747,2.1);
#749=IFCSHAPEREPRESENTATION(#12,'Body','SweptSolid',(#748));
#750=IFCPRODUCTDEFINITIONSHAPE($,$,(#749));
#751=IFCSTYLEDITEM(#748,(#51),'Madeira');
#752=IFCCARTESIANPOINT((5.98,3.8,0.));
#753=IFCDIRECTION((0.,0.,1.));
#754=IFCDIRECTION((1.,0.,0.));
#755=IFCAXIS2PLACEMENT3D(#752,#753,#754);
#756=IFCLOCALPLACEMENT(#33,#755);
#757=IFCRELFILLSELEMENT('000DIX001008000000000p',$,$,$,#710,#734);
#758=IFCOPENINGELEMENT('000DIX001008000000000q',$,'V\X2\00E3\X0\o: Porta do banho oeste',$,$,#781,#774,$,.OPENING.);
#764=IFCCARTESIANPOINTLIST2D(((0.,0.),(0.8999999999999999,0.),(0.8999999999999999,0.25),(0.,0.25)));
#765=IFCINDEXEDPOLYCURVE(#764,(IFCLINEINDEX((1,2,3,4,1))),$);
#766=IFCARBITRARYCLOSEDPROFILEDEF(.AREA.,$,#765);
#767=IFCCARTESIANPOINT((0.,0.,0.));
#768=IFCDIRECTION((0.,0.,1.));
#769=IFCDIRECTION((1.,0.,0.));
#770=IFCAXIS2PLACEMENT3D(#767,#768,#769);
#771=IFCDIRECTION((0.,0.,1.));
#772=IFCEXTRUDEDAREASOLID(#766,#770,#771,2.1);
#773=IFCSHAPEREPRESENTATION(#12,'Body','SweptSolid',(#772));
#774=IFCPRODUCTDEFINITIONSHAPE($,$,(#773));
#775=IFCSTYLEDITEM(#772,(#39),'Concreto armado');
#776=IFCRELVOIDSELEMENT('000DIX001008000000000r',$,$,$,#423,#758);
#777=IFCCARTESIANPOINT((2.875,-0.04999999999999982,0.));
#778=IFCDIRECTION((0.,0.,1.));
#779=IFCDIRECTION((1.,0.,0.));
#780=IFCAXIS2PLACEMENT3D(#777,#778,#779);
#781=IFCLOCALPLACEMENT(#445,#780);
#782=IFCDOOR('000DIX001008000000000s',$,'Porta do banho oeste',$,$,#804,#798,$,2.1,0.9,.DOOR.,$,$);
#788=IFCCARTESIANPOINTLIST2D(((0.,0.),(0.8999999999999999,0.),(0.8999999999999999,0.03999999999999915),(0.,0.03999999999999915)));
#789=IFCINDEXEDPOLYCURVE(#788,(IFCLINEINDEX((1,2,3,4,1))),$);
#790=IFCARBITRARYCLOSEDPROFILEDEF(.AREA.,$,#789);
#791=IFCCARTESIANPOINT((0.,0.,0.));
#792=IFCDIRECTION((0.,0.,1.));
#793=IFCDIRECTION((1.,0.,0.));
#794=IFCAXIS2PLACEMENT3D(#791,#792,#793);
#795=IFCDIRECTION((0.,0.,1.));
#796=IFCEXTRUDEDAREASOLID(#790,#794,#795,2.1);
#797=IFCSHAPEREPRESENTATION(#12,'Body','SweptSolid',(#796));
#798=IFCPRODUCTDEFINITIONSHAPE($,$,(#797));
#799=IFCSTYLEDITEM(#796,(#51),'Madeira');
#800=IFCCARTESIANPOINT((2.8,4.98,0.));
#801=IFCDIRECTION((0.,0.,1.));
#802=IFCDIRECTION((1.,0.,0.));
#803=IFCAXIS2PLACEMENT3D(#800,#801,#802);
#804=IFCLOCALPLACEMENT(#33,#803);
#805=IFCRELFILLSELEMENT('000DIX001008000000000t',$,$,$,#758,#782);
#806=IFCOPENINGELEMENT('000DIX001008000000000u',$,'V\X2\00E3\X0\o: Porta do banho leste',$,$,#829,#822,$,.OPENING.);
#812=IFCCARTESIANPOINTLIST2D(((0.,0.),(0.9000000000000004,0.),(0.9000000000000004,0.25),(0.,0.25)));
#813=IFCINDEXEDPOLYCURVE(#812,(IFCLINEINDEX((1,2,3,4,1))),$);
#814=IFCARBITRARYCLOSEDPROFILEDEF(.AREA.,$,#813);
#815=IFCCARTESIANPOINT((0.,0.,0.));
#816=IFCDIRECTION((0.,0.,1.));
#817=IFCDIRECTION((1.,0.,0.));
#818=IFCAXIS2PLACEMENT3D(#815,#816,#817);
#819=IFCDIRECTION((0.,0.,1.));
#820=IFCEXTRUDEDAREASOLID(#814,#818,#819,2.1);
#821=IFCSHAPEREPRESENTATION(#12,'Body','SweptSolid',(#820));
#822=IFCPRODUCTDEFINITIONSHAPE($,$,(#821));
#823=IFCSTYLEDITEM(#820,(#39),'Concreto armado');
#824=IFCRELVOIDSELEMENT('000DIX001008000000000v',$,$,$,#446,#806);
#825=IFCCARTESIANPOINT((0.375,-0.04999999999999982,0.));
#826=IFCDIRECTION((0.,0.,1.));
#827=IFCDIRECTION((1.,0.,0.));
#828=IFCAXIS2PLACEMENT3D(#825,#826,#827);
#829=IFCLOCALPLACEMENT(#468,#828);
#830=IFCDOOR('000DIX001008000000000w',$,'Porta do banho leste',$,$,#852,#846,$,2.1,0.9,.DOOR.,$,$);
#836=IFCCARTESIANPOINTLIST2D(((0.,0.),(0.9000000000000004,0.),(0.9000000000000004,0.03999999999999915),(0.,0.03999999999999915)));
#837=IFCINDEXEDPOLYCURVE(#836,(IFCLINEINDEX((1,2,3,4,1))),$);
#838=IFCARBITRARYCLOSEDPROFILEDEF(.AREA.,$,#837);
#839=IFCCARTESIANPOINT((0.,0.,0.));
#840=IFCDIRECTION((0.,0.,1.));
#841=IFCDIRECTION((1.,0.,0.));
#842=IFCAXIS2PLACEMENT3D(#839,#840,#841);
#843=IFCDIRECTION((0.,0.,1.));
#844=IFCEXTRUDEDAREASOLID(#838,#842,#843,2.1);
#845=IFCSHAPEREPRESENTATION(#12,'Body','SweptSolid',(#844));
#846=IFCPRODUCTDEFINITIONSHAPE($,$,(#845));
#847=IFCSTYLEDITEM(#844,(#51),'Madeira');
#848=IFCCARTESIANPOINT((6.3,4.98,0.));
#849=IFCDIRECTION((0.,0.,1.));
#850=IFCDIRECTION((1.,0.,0.));
#851=IFCAXIS2PLACEMENT3D(#848,#849,#850);
#852=IFCLOCALPLACEMENT(#33,#851);
#853=IFCRELFILLSELEMENT('000DIX001008000000000x',$,$,$,#806,#830);
#854=IFCOPENINGELEMENT('000DIX001008000000000y',$,'V\X2\00E3\X0\o: Basculante do banho oeste',$,$,#877,#870,$,.OPENING.);
#860=IFCCARTESIANPOINTLIST2D(((0.,0.),(0.25,0.),(0.25,0.7999999999999998),(0.,0.7999999999999998)));
#861=IFCINDEXEDPOLYCURVE(#860,(IFCLINEINDEX((1,2,3,4,1))),$);
#862=IFCARBITRARYCLOSEDPROFILEDEF(.AREA.,$,#861);
#863=IFCCARTESIANPOINT((0.,0.,0.));
#864=IFCDIRECTION((0.,0.,1.));
#865=IFCDIRECTION((1.,0.,0.));
#866=IFCAXIS2PLACEMENT3D(#863,#864,#865);
#867=IFCDIRECTION((0.,0.,1.));
#868=IFCEXTRUDEDAREASOLID(#862,#866,#867,0.6000000000000001);
#869=IFCSHAPEREPRESENTATION(#12,'Body','SweptSolid',(#868));
#870=IFCPRODUCTDEFINITIONSHAPE($,$,(#869));
#871=IFCSTYLEDITEM(#868,(#39),'Concreto armado');
#872=IFCRELVOIDSELEMENT('000DIX001008000000000z',$,$,$,#193,#854);
#873=IFCCARTESIANPOINT((-0.05,5.875,1.6));
#874=IFCDIRECTION((0.,0.,1.));
#875=IFCDIRECTION((1.,0.,0.));
#876=IFCAXIS2PLACEMENT3D(#873,#874,#875);
#877=IFCLOCALPLACEMENT(#215,#876);
#878=IFCWINDOW('000DIX001008000000000_',$,'Basculante do banho oeste',$,$,#900,#894,$,0.6,0.8,.WINDOW.,$,$);
#884=IFCCARTESIANPOINTLIST2D(((0.,0.),(0.04,0.),(0.04,0.7999999999999998),(0.,0.7999999999999998)));
#885=IFCINDEXEDPOLYCURVE(#884,(IFCLINEINDEX((1,2,3,4,1))),$);
#886=IFCARBITRARYCLOSEDPROFILEDEF(.AREA.,$,#885);
#887=IFCCARTESIANPOINT((0.,0.,0.));
#888=IFCDIRECTION((0.,0.,1.));
#889=IFCDIRECTION((1.,0.,0.));
#890=IFCAXIS2PLACEMENT3D(#887,#888,#889);
#891=IFCDIRECTION((0.,0.,1.));
#892=IFCEXTRUDEDAREASOLID(#886,#890,#891,0.6000000000000001);
#893=IFCSHAPEREPRESENTATION(#12,'Body','SweptSolid',(#892));
#894=IFCPRODUCTDEFINITIONSHAPE($,$,(#893));
#895=IFCSTYLEDITEM(#892,(#55),'Vidro');
#896=IFCCARTESIANPOINT((-0.02,5.8,1.6));
#897=IFCDIRECTION((0.,0.,1.));
#898=IFCDIRECTION((1.,0.,0.));
#899=IFCAXIS2PLACEMENT3D(#896,#897,#898);
#900=IFCLOCALPLACEMENT(#33,#899);
#901=IFCRELFILLSELEMENT('000DIX001008000000000$',$,$,$,#854,#878);
#902=IFCOPENINGELEMENT('000DIX0010080000000010',$,'V\X2\00E3\X0\o: Basculante do banho leste',$,$,#925,#918,$,.OPENING.);
#908=IFCCARTESIANPOINTLIST2D(((0.,0.),(0.25,0.),(0.25,0.7999999999999998),(0.,0.7999999999999998)));
#909=IFCINDEXEDPOLYCURVE(#908,(IFCLINEINDEX((1,2,3,4,1))),$);
#910=IFCARBITRARYCLOSEDPROFILEDEF(.AREA.,$,#909);
#911=IFCCARTESIANPOINT((0.,0.,0.));
#912=IFCDIRECTION((0.,0.,1.));
#913=IFCDIRECTION((1.,0.,0.));
#914=IFCAXIS2PLACEMENT3D(#911,#912,#913);
#915=IFCDIRECTION((0.,0.,1.));
#916=IFCEXTRUDEDAREASOLID(#910,#914,#915,0.6000000000000001);
#917=IFCSHAPEREPRESENTATION(#12,'Body','SweptSolid',(#916));
#918=IFCPRODUCTDEFINITIONSHAPE($,$,(#917));
#919=IFCSTYLEDITEM(#916,(#39),'Concreto armado');
#920=IFCRELVOIDSELEMENT('000DIX0010080000000011',$,$,$,#262,#902);
#921=IFCCARTESIANPOINT((-0.05000000000000071,5.875,1.6));
#922=IFCDIRECTION((0.,0.,1.));
#923=IFCDIRECTION((1.,0.,0.));
#924=IFCAXIS2PLACEMENT3D(#921,#922,#923);
#925=IFCLOCALPLACEMENT(#284,#924);
#926=IFCWINDOW('000DIX0010080000000012',$,'Basculante do banho leste',$,$,#948,#942,$,0.6,0.8,.WINDOW.,$,$);
#932=IFCCARTESIANPOINTLIST2D(((0.,0.),(0.03999999999999915,0.),(0.03999999999999915,0.7999999999999998),(0.,0.7999999999999998)));
#933=IFCINDEXEDPOLYCURVE(#932,(IFCLINEINDEX((1,2,3,4,1))),$);
#934=IFCARBITRARYCLOSEDPROFILEDEF(.AREA.,$,#933);
#935=IFCCARTESIANPOINT((0.,0.,0.));
#936=IFCDIRECTION((0.,0.,1.));
#937=IFCDIRECTION((1.,0.,0.));
#938=IFCAXIS2PLACEMENT3D(#935,#936,#937);
#939=IFCDIRECTION((0.,0.,1.));
#940=IFCEXTRUDEDAREASOLID(#934,#938,#939,0.6000000000000001);
#941=IFCSHAPEREPRESENTATION(#12,'Body','SweptSolid',(#940));
#942=IFCPRODUCTDEFINITIONSHAPE($,$,(#941));
#943=IFCSTYLEDITEM(#940,(#55),'Vidro');
#944=IFCCARTESIANPOINT((9.98,5.8,1.6));
#945=IFCDIRECTION((0.,0.,1.));
#946=IFCDIRECTION((1.,0.,0.));
#947=IFCAXIS2PLACEMENT3D(#944,#945,#946);
#948=IFCLOCALPLACEMENT(#33,#947);
#949=IFCRELFILLSELEMENT('000DIX0010080000000013',$,$,$,#902,#926);
#950=IFCOPENINGELEMENT('000DIX0010080000000014',$,'V\X2\00E3\X0\o: Porta da sala',$,$,#973,#966,$,.OPENING.);
#956=IFCCARTESIANPOINTLIST2D(((0.,0.),(1.,0.),(1.,0.25),(0.,0.25)));
#957=IFCINDEXEDPOLYCURVE(#956,(IFCLINEINDEX((1,2,3,4,1))),$);
#958=IFCARBITRARYCLOSEDPROFILEDEF(.AREA.,$,#957);
#959=IFCCARTESIANPOINT((0.,0.,0.));
#960=IFCDIRECTION((0.,0.,1.));
#961=IFCDIRECTION((1.,0.,0.));
#962=IFCAXIS2PLACEMENT3D(#959,#960,#961);
#963=IFCDIRECTION((0.,0.,1.));
#964=IFCEXTRUDEDAREASOLID(#958,#962,#963,2.1);
#965=IFCSHAPEREPRESENTATION(#12,'Body','SweptSolid',(#964));
#966=IFCPRODUCTDEFINITIONSHAPE($,$,(#965));
#967=IFCSTYLEDITEM(#964,(#39),'Concreto armado');
#968=IFCRELVOIDSELEMENT('000DIX0010080000000015',$,$,$,#331,#950);
#969=IFCCARTESIANPOINT((4.575,-0.04999999999999982,0.));
#970=IFCDIRECTION((0.,0.,1.));
#971=IFCDIRECTION((1.,0.,0.));
#972=IFCAXIS2PLACEMENT3D(#969,#970,#971);
#973=IFCLOCALPLACEMENT(#353,#972);
#974=IFCDOOR('000DIX0010080000000016',$,'Porta da sala',$,$,#996,#990,$,2.1,1.,.DOOR.,$,$);
#980=IFCCARTESIANPOINTLIST2D(((0.,0.),(1.,0.),(1.,0.03999999999999915),(0.,0.03999999999999915)));
#981=IFCINDEXEDPOLYCURVE(#980,(IFCLINEINDEX((1,2,3,4,1))),$);
#982=IFCARBITRARYCLOSEDPROFILEDEF(.AREA.,$,#981);
#983=IFCCARTESIANPOINT((0.,0.,0.));
#984=IFCDIRECTION((0.,0.,1.));
#985=IFCDIRECTION((1.,0.,0.));
#986=IFCAXIS2PLACEMENT3D(#983,#984,#985);
#987=IFCDIRECTION((0.,0.,1.));
#988=IFCEXTRUDEDAREASOLID(#982,#986,#987,2.1);
#989=IFCSHAPEREPRESENTATION(#12,'Body','SweptSolid',(#988));
#990=IFCPRODUCTDEFINITIONSHAPE($,$,(#989));
#991=IFCSTYLEDITEM(#988,(#51),'Madeira');
#992=IFCCARTESIANPOINT((4.5,7.48,0.));
#993=IFCDIRECTION((0.,0.,1.));
#994=IFCDIRECTION((1.,0.,0.));
#995=IFCAXIS2PLACEMENT3D(#992,#993,#994);
#996=IFCLOCALPLACEMENT(#33,#995);
#997=IFCRELFILLSELEMENT('000DIX0010080000000017',$,$,$,#950,#974);
#998=IFCOPENINGELEMENT('000DIX0010080000000018',$,'V\X2\00E3\X0\o: Janela alta da sala, frente oeste',$,$,#1021,#1014,$,.OPENING.);
#1004=IFCCARTESIANPOINTLIST2D(((0.,0.),(2.,0.),(2.,0.25),(0.,0.25)));
#1005=IFCINDEXEDPOLYCURVE(#1004,(IFCLINEINDEX((1,2,3,4,1))),$);
#1006=IFCARBITRARYCLOSEDPROFILEDEF(.AREA.,$,#1005);
#1007=IFCCARTESIANPOINT((0.,0.,0.));
#1008=IFCDIRECTION((0.,0.,1.));
#1009=IFCDIRECTION((1.,0.,0.));
#1010=IFCAXIS2PLACEMENT3D(#1007,#1008,#1009);
#1011=IFCDIRECTION((0.,0.,1.));
#1012=IFCEXTRUDEDAREASOLID(#1006,#1010,#1011,1.1999999999999997);
#1013=IFCSHAPEREPRESENTATION(#12,'Body','SweptSolid',(#1012));
#1014=IFCPRODUCTDEFINITIONSHAPE($,$,(#1013));
#1015=IFCSTYLEDITEM(#1012,(#39),'Concreto armado');
#1016=IFCRELVOIDSELEMENT('000DIX0010080000000019',$,$,$,#331,#998);
#1017=IFCCARTESIANPOINT((1.075,-0.04999999999999982,3.6));
#1018=IFCDIRECTION((0.,0.,1.));
#1019=IFCDIRECTION((1.,0.,0.));
#1020=IFCAXIS2PLACEMENT3D(#1017,#1018,#1019);
#1021=IFCLOCALPLACEMENT(#353,#1020);
#1022=IFCWINDOW('000DIX001008000000001A',$,'Janela alta da sala, frente oeste',$,$,#1044,#1038,$,1.2,2.,.WINDOW.,$,$);
#1028=IFCCARTESIANPOINTLIST2D(((0.,0.),(2.,0.),(2.,0.03999999999999915),(0.,0.03999999999999915)));
#1029=IFCINDEXEDPOLYCURVE(#1028,(IFCLINEINDEX((1,2,3,4,1))),$);
#1030=IFCARBITRARYCLOSEDPROFILEDEF(.AREA.,$,#1029);
#1031=IFCCARTESIANPOINT((0.,0.,0.));
#1032=IFCDIRECTION((0.,0.,1.));
#1033=IFCDIRECTION((1.,0.,0.));
#1034=IFCAXIS2PLACEMENT3D(#1031,#1032,#1033);
#1035=IFCDIRECTION((0.,0.,1.));
#1036=IFCEXTRUDEDAREASOLID(#1030,#1034,#1035,1.1999999999999997);
#1037=IFCSHAPEREPRESENTATION(#12,'Body','SweptSolid',(#1036));
#1038=IFCPRODUCTDEFINITIONSHAPE($,$,(#1037));
#1039=IFCSTYLEDITEM(#1036,(#55),'Vidro');
#1040=IFCCARTESIANPOINT((1.,7.48,3.6));
#1041=IFCDIRECTION((0.,0.,1.));
#1042=IFCDIRECTION((1.,0.,0.));
#1043=IFCAXIS2PLACEMENT3D(#1040,#1041,#1042);
#1044=IFCLOCALPLACEMENT(#33,#1043);
#1045=IFCRELFILLSELEMENT('000DIX001008000000001B',$,$,$,#998,#1022);
#1046=IFCOPENINGELEMENT('000DIX001008000000001C',$,'V\X2\00E3\X0\o: Janela alta da sala, frente leste',$,$,#1069,#1062,$,.OPENING.);
#1052=IFCCARTESIANPOINTLIST2D(((0.,0.),(2.,0.),(2.,0.25),(0.,0.25)));
#1053=IFCINDEXEDPOLYCURVE(#1052,(IFCLINEINDEX((1,2,3,4,1))),$);
#1054=IFCARBITRARYCLOSEDPROFILEDEF(.AREA.,$,#1053);
#1055=IFCCARTESIANPOINT((0.,0.,0.));
#1056=IFCDIRECTION((0.,0.,1.));
#1057=IFCDIRECTION((1.,0.,0.));
#1058=IFCAXIS2PLACEMENT3D(#1055,#1056,#1057);
#1059=IFCDIRECTION((0.,0.,1.));
#1060=IFCEXTRUDEDAREASOLID(#1054,#1058,#1059,1.1999999999999997);
#1061=IFCSHAPEREPRESENTATION(#12,'Body','SweptSolid',(#1060));
#1062=IFCPRODUCTDEFINITIONSHAPE($,$,(#1061));
#1063=IFCSTYLEDITEM(#1060,(#39),'Concreto armado');
#1064=IFCRELVOIDSELEMENT('000DIX001008000000001D',$,$,$,#331,#1046);
#1065=IFCCARTESIANPOINT((7.075,-0.04999999999999982,3.6));
#1066=IFCDIRECTION((0.,0.,1.));
#1067=IFCDIRECTION((1.,0.,0.));
#1068=IFCAXIS2PLACEMENT3D(#1065,#1066,#1067);
#1069=IFCLOCALPLACEMENT(#353,#1068);
#1070=IFCWINDOW('000DIX001008000000001E',$,'Janela alta da sala, frente leste',$,$,#1092,#1086,$,1.2,2.,.WINDOW.,$,$);
#1076=IFCCARTESIANPOINTLIST2D(((0.,0.),(2.,0.),(2.,0.03999999999999915),(0.,0.03999999999999915)));
#1077=IFCINDEXEDPOLYCURVE(#1076,(IFCLINEINDEX((1,2,3,4,1))),$);
#1078=IFCARBITRARYCLOSEDPROFILEDEF(.AREA.,$,#1077);
#1079=IFCCARTESIANPOINT((0.,0.,0.));
#1080=IFCDIRECTION((0.,0.,1.));
#1081=IFCDIRECTION((1.,0.,0.));
#1082=IFCAXIS2PLACEMENT3D(#1079,#1080,#1081);
#1083=IFCDIRECTION((0.,0.,1.));
#1084=IFCEXTRUDEDAREASOLID(#1078,#1082,#1083,1.1999999999999997);
#1085=IFCSHAPEREPRESENTATION(#12,'Body','SweptSolid',(#1084));
#1086=IFCPRODUCTDEFINITIONSHAPE($,$,(#1085));
#1087=IFCSTYLEDITEM(#1084,(#55),'Vidro');
#1088=IFCCARTESIANPOINT((7.,7.48,3.6));
#1089=IFCDIRECTION((0.,0.,1.));
#1090=IFCDIRECTION((1.,0.,0.));
#1091=IFCAXIS2PLACEMENT3D(#1088,#1089,#1090);
#1092=IFCLOCALPLACEMENT(#33,#1091);
#1093=IFCRELFILLSELEMENT('000DIX001008000000001F',$,$,$,#1046,#1070);
#1094=IFCOPENINGELEMENT('000DIX001008000000001G',$,'V\X2\00E3\X0\o: Pano de vidro oeste da sala',$,$,#1117,#1110,$,.OPENING.);
#1100=IFCCARTESIANPOINTLIST2D(((0.,0.),(0.25,0.),(0.25,3.),(0.,3.)));
#1101=IFCINDEXEDPOLYCURVE(#1100,(IFCLINEINDEX((1,2,3,4,1))),$);
#1102=IFCARBITRARYCLOSEDPROFILEDEF(.AREA.,$,#1101);
#1103=IFCCARTESIANPOINT((0.,0.,0.));
#1104=IFCDIRECTION((0.,0.,1.));
#1105=IFCDIRECTION((1.,0.,0.));
#1106=IFCAXIS2PLACEMENT3D(#1103,#1104,#1105);
#1107=IFCDIRECTION((0.,0.,1.));
#1108=IFCEXTRUDEDAREASOLID(#1102,#1106,#1107,4.6);
#1109=IFCSHAPEREPRESENTATION(#12,'Body','SweptSolid',(#1108));
#1110=IFCPRODUCTDEFINITIONSHAPE($,$,(#1109));
#1111=IFCSTYLEDITEM(#1108,(#39),'Concreto armado');
#1112=IFCRELVOIDSELEMENT('000DIX001008000000001H',$,$,$,#216,#1094);
#1113=IFCCARTESIANPOINT((-0.05,1.5750000000000002,0.4));
#1114=IFCDIRECTION((0.,0.,1.));
#1115=IFCDIRECTION((1.,0.,0.));
#1116=IFCAXIS2PLACEMENT3D(#1113,#1114,#1115);
#1117=IFCLOCALPLACEMENT(#238,#1116);
#1118=IFCWINDOW('000DIX001008000000001I',$,'Pano de vidro oeste da sala',$,$,#1140,#1134,$,4.6,3.,.WINDOW.,$,$);
#1124=IFCCARTESIANPOINTLIST2D(((0.,0.),(0.04,0.),(0.04,3.),(0.,3.)));
#1125=IFCINDEXEDPOLYCURVE(#1124,(IFCLINEINDEX((1,2,3,4,1))),$);
#1126=IFCARBITRARYCLOSEDPROFILEDEF(.AREA.,$,#1125);
#1127=IFCCARTESIANPOINT((0.,0.,0.));
#1128=IFCDIRECTION((0.,0.,1.));
#1129=IFCDIRECTION((1.,0.,0.));
#1130=IFCAXIS2PLACEMENT3D(#1127,#1128,#1129);
#1131=IFCDIRECTION((0.,0.,1.));
#1132=IFCEXTRUDEDAREASOLID(#1126,#1130,#1131,4.6);
#1133=IFCSHAPEREPRESENTATION(#12,'Body','SweptSolid',(#1132));
#1134=IFCPRODUCTDEFINITIONSHAPE($,$,(#1133));
#1135=IFCSTYLEDITEM(#1132,(#55),'Vidro');
#1136=IFCCARTESIANPOINT((-0.02,9.,0.4));
#1137=IFCDIRECTION((0.,0.,1.));
#1138=IFCDIRECTION((1.,0.,0.));
#1139=IFCAXIS2PLACEMENT3D(#1136,#1137,#1138);
#1140=IFCLOCALPLACEMENT(#33,#1139);
#1141=IFCRELFILLSELEMENT('000DIX001008000000001J',$,$,$,#1094,#1118);
#1142=IFCOPENINGELEMENT('000DIX001008000000001K',$,'V\X2\00E3\X0\o: Pano de vidro leste da sala',$,$,#1165,#1158,$,.OPENING.);
#1148=IFCCARTESIANPOINTLIST2D(((0.,0.),(0.25,0.),(0.25,3.),(0.,3.)));
#1149=IFCINDEXEDPOLYCURVE(#1148,(IFCLINEINDEX((1,2,3,4,1))),$);
#1150=IFCARBITRARYCLOSEDPROFILEDEF(.AREA.,$,#1149);
#1151=IFCCARTESIANPOINT((0.,0.,0.));
#1152=IFCDIRECTION((0.,0.,1.));
#1153=IFCDIRECTION((1.,0.,0.));
#1154=IFCAXIS2PLACEMENT3D(#1151,#1152,#1153);
#1155=IFCDIRECTION((0.,0.,1.));
#1156=IFCEXTRUDEDAREASOLID(#1150,#1154,#1155,4.6);
#1157=IFCSHAPEREPRESENTATION(#12,'Body','SweptSolid',(#1156));
#1158=IFCPRODUCTDEFINITIONSHAPE($,$,(#1157));
#1159=IFCSTYLEDITEM(#1156,(#39),'Concreto armado');
#1160=IFCRELVOIDSELEMENT('000DIX001008000000001L',$,$,$,#285,#1142);
#1161=IFCCARTESIANPOINT((-0.05000000000000071,1.5750000000000002,0.4));
#1162=IFCDIRECTION((0.,0.,1.));
#1163=IFCDIRECTION((1.,0.,0.));
#1164=IFCAXIS2PLACEMENT3D(#1161,#1162,#1163);
#1165=IFCLOCALPLACEMENT(#307,#1164);
#1166=IFCWINDOW('000DIX001008000000001M',$,'Pano de vidro leste da sala',$,$,#1188,#1182,$,4.6,3.,.WINDOW.,$,$);
#1172=IFCCARTESIANPOINTLIST2D(((0.,0.),(0.03999999999999915,0.),(0.03999999999999915,3.),(0.,3.)));
#1173=IFCINDEXEDPOLYCURVE(#1172,(IFCLINEINDEX((1,2,3,4,1))),$);
#1174=IFCARBITRARYCLOSEDPROFILEDEF(.AREA.,$,#1173);
#1175=IFCCARTESIANPOINT((0.,0.,0.));
#1176=IFCDIRECTION((0.,0.,1.));
#1177=IFCDIRECTION((1.,0.,0.));
#1178=IFCAXIS2PLACEMENT3D(#1175,#1176,#1177);
#1179=IFCDIRECTION((0.,0.,1.));
#1180=IFCEXTRUDEDAREASOLID(#1174,#1178,#1179,4.6);
#1181=IFCSHAPEREPRESENTATION(#12,'Body','SweptSolid',(#1180));
#1182=IFCPRODUCTDEFINITIONSHAPE($,$,(#1181));
#1183=IFCSTYLEDITEM(#1180,(#55),'Vidro');
#1184=IFCCARTESIANPOINT((9.98,9.,0.4));
#1185=IFCDIRECTION((0.,0.,1.));
#1186=IFCDIRECTION((1.,0.,0.));
#1187=IFCAXIS2PLACEMENT3D(#1184,#1185,#1186);
#1188=IFCLOCALPLACEMENT(#33,#1187);
#1189=IFCRELFILLSELEMENT('000DIX001008000000001N',$,$,$,#1142,#1166);
#1190=IFCOPENINGELEMENT('000DIX001008000000001O',$,'V\X2\00E3\X0\o: Passagem para a cozinha',$,$,#1213,#1206,$,.OPENING.);
#1196=IFCCARTESIANPOINTLIST2D(((0.,0.),(2.,0.),(2.,0.25),(0.,0.25)));
#1197=IFCINDEXEDPOLYCURVE(#1196,(IFCLINEINDEX((1,2,3,4,1))),$);
#1198=IFCARBITRARYCLOSEDPROFILEDEF(.AREA.,$,#1197);
#1199=IFCCARTESIANPOINT((0.,0.,0.));
#1200=IFCDIRECTION((0.,0.,1.));
#1201=IFCDIRECTION((1.,0.,0.));
#1202=IFCAXIS2PLACEMENT3D(#1199,#1200,#1201);
#1203=IFCDIRECTION((0.,0.,1.));
#1204=IFCEXTRUDEDAREASOLID(#1198,#1202,#1203,2.1);
#1205=IFCSHAPEREPRESENTATION(#12,'Body','SweptSolid',(#1204));
#1206=IFCPRODUCTDEFINITIONSHAPE($,$,(#1205));
#1207=IFCSTYLEDITEM(#1204,(#39),'Concreto armado');
#1208=IFCRELVOIDSELEMENT('000DIX001008000000001P',$,$,$,#354,#1190);
#1209=IFCCARTESIANPOINT((1.575,-0.05000000000000071,0.));
#1210=IFCDIRECTION((0.,0.,1.));
#1211=IFCDIRECTION((1.,0.,0.));
#1212=IFCAXIS2PLACEMENT3D(#1209,#1210,#1211);
#1213=IFCLOCALPLACEMENT(#376,#1212);
#1214=IFCOPENINGELEMENT('000DIX001008000000001Q',$,'V\X2\00E3\X0\o: Janela alta da sala, fundo leste',$,$,#1237,#1230,$,.OPENING.);
#1220=IFCCARTESIANPOINTLIST2D(((0.,0.),(2.,0.),(2.,0.25),(0.,0.25)));
#1221=IFCINDEXEDPOLYCURVE(#1220,(IFCLINEINDEX((1,2,3,4,1))),$);
#1222=IFCARBITRARYCLOSEDPROFILEDEF(.AREA.,$,#1221);
#1223=IFCCARTESIANPOINT((0.,0.,0.));
#1224=IFCDIRECTION((0.,0.,1.));
#1225=IFCDIRECTION((1.,0.,0.));
#1226=IFCAXIS2PLACEMENT3D(#1223,#1224,#1225);
#1227=IFCDIRECTION((0.,0.,1.));
#1228=IFCEXTRUDEDAREASOLID(#1222,#1226,#1227,1.1999999999999997);
#1229=IFCSHAPEREPRESENTATION(#12,'Body','SweptSolid',(#1228));
#1230=IFCPRODUCTDEFINITIONSHAPE($,$,(#1229));
#1231=IFCSTYLEDITEM(#1228,(#39),'Concreto armado');
#1232=IFCRELVOIDSELEMENT('000DIX001008000000001R',$,$,$,#354,#1214);
#1233=IFCCARTESIANPOINT((7.075,-0.05000000000000071,3.6));
#1234=IFCDIRECTION((0.,0.,1.));
#1235=IFCDIRECTION((1.,0.,0.));
#1236=IFCAXIS2PLACEMENT3D(#1233,#1234,#1235);
#1237=IFCLOCALPLACEMENT(#376,#1236);
#1238=IFCWINDOW('000DIX001008000000001S',$,'Janela alta da sala, fundo leste',$,$,#1260,#1254,$,1.2,2.,.WINDOW.,$,$);
#1244=IFCCARTESIANPOINTLIST2D(((0.,0.),(2.,0.),(2.,0.03999999999999915),(0.,0.03999999999999915)));
#1245=IFCINDEXEDPOLYCURVE(#1244,(IFCLINEINDEX((1,2,3,4,1))),$);
#1246=IFCARBITRARYCLOSEDPROFILEDEF(.AREA.,$,#1245);
#1247=IFCCARTESIANPOINT((0.,0.,0.));
#1248=IFCDIRECTION((0.,0.,1.));
#1249=IFCDIRECTION((1.,0.,0.));
#1250=IFCAXIS2PLACEMENT3D(#1247,#1248,#1249);
#1251=IFCDIRECTION((0.,0.,1.));
#1252=IFCEXTRUDEDAREASOLID(#1246,#1250,#1251,1.1999999999999997);
#1253=IFCSHAPEREPRESENTATION(#12,'Body','SweptSolid',(#1252));
#1254=IFCPRODUCTDEFINITIONSHAPE($,$,(#1253));
#1255=IFCSTYLEDITEM(#1252,(#55),'Vidro');
#1256=IFCCARTESIANPOINT((7.,13.48,3.6));
#1257=IFCDIRECTION((0.,0.,1.));
#1258=IFCDIRECTION((1.,0.,0.));
#1259=IFCAXIS2PLACEMENT3D(#1256,#1257,#1258);
#1260=IFCLOCALPLACEMENT(#33,#1259);
#1261=IFCRELFILLSELEMENT('000DIX001008000000001T',$,$,$,#1214,#1238);
#1262=IFCOPENINGELEMENT('000DIX001008000000001U',$,'V\X2\00E3\X0\o: Porta do WC',$,$,#1285,#1278,$,.OPENING.);
#1268=IFCCARTESIANPOINTLIST2D(((0.,0.),(0.25,0.),(0.25,0.9000000000000004),(0.,0.9000000000000004)));
#1269=IFCINDEXEDPOLYCURVE(#1268,(IFCLINEINDEX((1,2,3,4,1))),$);
#1270=IFCARBITRARYCLOSEDPROFILEDEF(.AREA.,$,#1269);
#1271=IFCCARTESIANPOINT((0.,0.,0.));
#1272=IFCDIRECTION((0.,0.,1.));
#1273=IFCDIRECTION((1.,0.,0.));
#1274=IFCAXIS2PLACEMENT3D(#1271,#1272,#1273);
#1275=IFCDIRECTION((0.,0.,1.));
#1276=IFCEXTRUDEDAREASOLID(#1270,#1274,#1275,2.1);
#1277=IFCSHAPEREPRESENTATION(#12,'Body','SweptSolid',(#1276));
#1278=IFCPRODUCTDEFINITIONSHAPE($,$,(#1277));
#1279=IFCSTYLEDITEM(#1276,(#39),'Concreto armado');
#1280=IFCRELVOIDSELEMENT('000DIX001008000000001V',$,$,$,#469,#1262);
#1281=IFCCARTESIANPOINT((-0.04999999999999982,0.7749999999999986,0.));
#1282=IFCDIRECTION((0.,0.,1.));
#1283=IFCDIRECTION((1.,0.,0.));
#1284=IFCAXIS2PLACEMENT3D(#1281,#1282,#1283);
#1285=IFCLOCALPLACEMENT(#491,#1284);
#1286=IFCDOOR('000DIX001008000000001W',$,'Porta do WC',$,$,#1308,#1302,$,2.1,0.9,.DOOR.,$,$);
#1292=IFCCARTESIANPOINTLIST2D(((0.,0.),(0.03999999999999915,0.),(0.03999999999999915,0.9000000000000004),(0.,0.9000000000000004)));
#1293=IFCINDEXEDPOLYCURVE(#1292,(IFCLINEINDEX((1,2,3,4,1))),$);
#1294=IFCARBITRARYCLOSEDPROFILEDEF(.AREA.,$,#1293);
#1295=IFCCARTESIANPOINT((0.,0.,0.));
#1296=IFCDIRECTION((0.,0.,1.));
#1297=IFCDIRECTION((1.,0.,0.));
#1298=IFCAXIS2PLACEMENT3D(#1295,#1296,#1297);
#1299=IFCDIRECTION((0.,0.,1.));
#1300=IFCEXTRUDEDAREASOLID(#1294,#1298,#1299,2.1);
#1301=IFCSHAPEREPRESENTATION(#12,'Body','SweptSolid',(#1300));
#1302=IFCPRODUCTDEFINITIONSHAPE($,$,(#1301));
#1303=IFCSTYLEDITEM(#1300,(#51),'Madeira');
#1304=IFCCARTESIANPOINT((5.98,14.2,0.));
#1305=IFCDIRECTION((0.,0.,1.));
#1306=IFCDIRECTION((1.,0.,0.));
#1307=IFCAXIS2PLACEMENT3D(#1304,#1305,#1306);
#1308=IFCLOCALPLACEMENT(#33,#1307);
#1309=IFCRELFILLSELEMENT('000DIX001008000000001X',$,$,$,#1262,#1286);
#1310=IFCOPENINGELEMENT('000DIX001008000000001Y',$,'V\X2\00E3\X0\o: Porta do servi\X2\00E7\X0\o',$,$,#1333,#1326,$,.OPENING.);
#1316=IFCCARTESIANPOINTLIST2D(((0.,0.),(0.25,0.),(0.25,0.8999999999999986),(0.,0.8999999999999986)));
#1317=IFCINDEXEDPOLYCURVE(#1316,(IFCLINEINDEX((1,2,3,4,1))),$);
#1318=IFCARBITRARYCLOSEDPROFILEDEF(.AREA.,$,#1317);
#1319=IFCCARTESIANPOINT((0.,0.,0.));
#1320=IFCDIRECTION((0.,0.,1.));
#1321=IFCDIRECTION((1.,0.,0.));
#1322=IFCAXIS2PLACEMENT3D(#1319,#1320,#1321);
#1323=IFCDIRECTION((0.,0.,1.));
#1324=IFCEXTRUDEDAREASOLID(#1318,#1322,#1323,2.1);
#1325=IFCSHAPEREPRESENTATION(#12,'Body','SweptSolid',(#1324));
#1326=IFCPRODUCTDEFINITIONSHAPE($,$,(#1325));
#1327=IFCSTYLEDITEM(#1324,(#39),'Concreto armado');
#1328=IFCRELVOIDSELEMENT('000DIX001008000000001Z',$,$,$,#469,#1310);
#1329=IFCCARTESIANPOINT((-0.04999999999999982,3.0749999999999993,0.));
#1330=IFCDIRECTION((0.,0.,1.));
#1331=IFCDIRECTION((1.,0.,0.));
#1332=IFCAXIS2PLACEMENT3D(#1329,#1330,#1331);
#1333=IFCLOCALPLACEMENT(#491,#1332);
#1334=IFCDOOR('000DIX001008000000001a',$,'Porta do servi\X2\00E7\X0\o',$,$,#1356,#1350,$,2.1,0.9,.DOOR.,$,$);
#1340=IFCCARTESIANPOINTLIST2D(((0.,0.),(0.03999999999999915,0.),(0.03999999999999915,0.8999999999999986),(0.,0.8999999999999986)));
#1341=IFCINDEXEDPOLYCURVE(#1340,(IFCLINEINDEX((1,2,3,4,1))),$);
#1342=IFCARBITRARYCLOSEDPROFILEDEF(.AREA.,$,#1341);
#1343=IFCCARTESIANPOINT((0.,0.,0.));
#1344=IFCDIRECTION((0.,0.,1.));
#1345=IFCDIRECTION((1.,0.,0.));
#1346=IFCAXIS2PLACEMENT3D(#1343,#1344,#1345);
#1347=IFCDIRECTION((0.,0.,1.));
#1348=IFCEXTRUDEDAREASOLID(#1342,#1346,#1347,2.1);
#1349=IFCSHAPEREPRESENTATION(#12,'Body','SweptSolid',(#1348));
#1350=IFCPRODUCTDEFINITIONSHAPE($,$,(#1349));
#1351=IFCSTYLEDITEM(#1348,(#51),'Madeira');
#1352=IFCCARTESIANPOINT((5.98,16.5,0.));
#1353=IFCDIRECTION((0.,0.,1.));
#1354=IFCDIRECTION((1.,0.,0.));
#1355=IFCAXIS2PLACEMENT3D(#1352,#1353,#1354);
#1356=IFCLOCALPLACEMENT(#33,#1355);
#1357=IFCRELFILLSELEMENT('000DIX001008000000001b',$,$,$,#1310,#1334);
#1358=IFCOPENINGELEMENT('000DIX001008000000001c',$,'V\X2\00E3\X0\o: Porta dos fundos',$,$,#1381,#1374,$,.OPENING.);
#1364=IFCCARTESIANPOINTLIST2D(((0.,0.),(0.9000000000000004,0.),(0.9000000000000004,0.25),(0.,0.25)));
#1365=IFCINDEXEDPOLYCURVE(#1364,(IFCLINEINDEX((1,2,3,4,1))),$);
#1366=IFCARBITRARYCLOSEDPROFILEDEF(.AREA.,$,#1365);
#1367=IFCCARTESIANPOINT((0.,0.,0.));
#1368=IFCDIRECTION((0.,0.,1.));
#1369=IFCDIRECTION((1.,0.,0.));
#1370=IFCAXIS2PLACEMENT3D(#1367,#1368,#1369);
#1371=IFCDIRECTION((0.,0.,1.));
#1372=IFCEXTRUDEDAREASOLID(#1366,#1370,#1371,2.1);
#1373=IFCSHAPEREPRESENTATION(#12,'Body','SweptSolid',(#1372));
#1374=IFCPRODUCTDEFINITIONSHAPE($,$,(#1373));
#1375=IFCSTYLEDITEM(#1372,(#39),'Concreto armado');
#1376=IFCRELVOIDSELEMENT('000DIX001008000000001d',$,$,$,#170,#1358);
#1377=IFCCARTESIANPOINT((8.075,-0.05000000000000071,0.));
#1378=IFCDIRECTION((0.,0.,1.));
#1379=IFCDIRECTION((1.,0.,0.));
#1380=IFCAXIS2PLACEMENT3D(#1377,#1378,#1379);
#1381=IFCLOCALPLACEMENT(#192,#1380);
#1382=IFCDOOR('000DIX001008000000001e',$,'Porta dos fundos',$,$,#1404,#1398,$,2.1,0.9,.DOOR.,$,$);
#1388=IFCCARTESIANPOINTLIST2D(((0.,0.),(0.9000000000000004,0.),(0.9000000000000004,0.03999999999999915),(0.,0.03999999999999915)));
#1389=IFCINDEXEDPOLYCURVE(#1388,(IFCLINEINDEX((1,2,3,4,1))),$);
#1390=IFCARBITRARYCLOSEDPROFILEDEF(.AREA.,$,#1389);
#1391=IFCCARTESIANPOINT((0.,0.,0.));
#1392=IFCDIRECTION((0.,0.,1.));
#1393=IFCDIRECTION((1.,0.,0.));
#1394=IFCAXIS2PLACEMENT3D(#1391,#1392,#1393);
#1395=IFCDIRECTION((0.,0.,1.));
#1396=IFCEXTRUDEDAREASOLID(#1390,#1394,#1395,2.1);
#1397=IFCSHAPEREPRESENTATION(#12,'Body','SweptSolid',(#1396));
#1398=IFCPRODUCTDEFINITIONSHAPE($,$,(#1397));
#1399=IFCSTYLEDITEM(#1396,(#51),'Madeira');
#1400=IFCCARTESIANPOINT((8.,17.98,0.));
#1401=IFCDIRECTION((0.,0.,1.));
#1402=IFCDIRECTION((1.,0.,0.));
#1403=IFCAXIS2PLACEMENT3D(#1400,#1401,#1402);
#1404=IFCLOCALPLACEMENT(#33,#1403);
#1405=IFCRELFILLSELEMENT('000DIX001008000000001f',$,$,$,#1358,#1382);
#1406=IFCOPENINGELEMENT('000DIX001008000000001g',$,'V\X2\00E3\X0\o: Janela da cozinha',$,$,#1429,#1422,$,.OPENING.);
#1412=IFCCARTESIANPOINTLIST2D(((0.,0.),(3.,0.),(3.,0.25),(0.,0.25)));
#1413=IFCINDEXEDPOLYCURVE(#1412,(IFCLINEINDEX((1,2,3,4,1))),$);
#1414=IFCARBITRARYCLOSEDPROFILEDEF(.AREA.,$,#1413);
#1415=IFCCARTESIANPOINT((0.,0.,0.));
#1416=IFCDIRECTION((0.,0.,1.));
#1417=IFCDIRECTION((1.,0.,0.));
#1418=IFCAXIS2PLACEMENT3D(#1415,#1416,#1417);
#1419=IFCDIRECTION((0.,0.,1.));
#1420=IFCEXTRUDEDAREASOLID(#1414,#1418,#1419,1.);
#1421=IFCSHAPEREPRESENTATION(#12,'Body','SweptSolid',(#1420));
#1422=IFCPRODUCTDEFINITIONSHAPE($,$,(#1421));
#1423=IFCSTYLEDITEM(#1420,(#39),'Concreto armado');
#1424=IFCRELVOIDSELEMENT('000DIX001008000000001h',$,$,$,#170,#1406);
#1425=IFCCARTESIANPOINT((1.575,-0.05000000000000071,1.1));
#1426=IFCDIRECTION((0.,0.,1.));
#1427=IFCDIRECTION((1.,0.,0.));
#1428=IFCAXIS2PLACEMENT3D(#1425,#1426,#1427);
#1429=IFCLOCALPLACEMENT(#192,#1428);
#1430=IFCWINDOW('000DIX001008000000001i',$,'Janela da cozinha',$,$,#1452,#1446,$,1.,3.,.WINDOW.,$,$);
#1436=IFCCARTESIANPOINTLIST2D(((0.,0.),(3.,0.),(3.,0.03999999999999915),(0.,0.03999999999999915)));
#1437=IFCINDEXEDPOLYCURVE(#1436,(IFCLINEINDEX((1,2,3,4,1))),$);
#1438=IFCARBITRARYCLOSEDPROFILEDEF(.AREA.,$,#1437);
#1439=IFCCARTESIANPOINT((0.,0.,0.));
#1440=IFCDIRECTION((0.,0.,1.));
#1441=IFCDIRECTION((1.,0.,0.));
#1442=IFCAXIS2PLACEMENT3D(#1439,#1440,#1441);
#1443=IFCDIRECTION((0.,0.,1.));
#1444=IFCEXTRUDEDAREASOLID(#1438,#1442,#1443,1.);
#1445=IFCSHAPEREPRESENTATION(#12,'Body','SweptSolid',(#1444));
#1446=IFCPRODUCTDEFINITIONSHAPE($,$,(#1445));
#1447=IFCSTYLEDITEM(#1444,(#55),'Vidro');
#1448=IFCCARTESIANPOINT((1.5,17.98,1.1));
#1449=IFCDIRECTION((0.,0.,1.));
#1450=IFCDIRECTION((1.,0.,0.));
#1451=IFCAXIS2PLACEMENT3D(#1448,#1449,#1450);
#1452=IFCLOCALPLACEMENT(#33,#1451);
#1453=IFCRELFILLSELEMENT('000DIX001008000000001j',$,$,$,#1406,#1430);
#1454=IFCOPENINGELEMENT('000DIX001008000000001k',$,'V\X2\00E3\X0\o: Janela lateral da cozinha',$,$,#1477,#1470,$,.OPENING.);
#1460=IFCCARTESIANPOINTLIST2D(((0.,0.),(0.25,0.),(0.25,2.),(0.,2.)));
#1461=IFCINDEXEDPOLYCURVE(#1460,(IFCLINEINDEX((1,2,3,4,1))),$);
#1462=IFCARBITRARYCLOSEDPROFILEDEF(.AREA.,$,#1461);
#1463=IFCCARTESIANPOINT((0.,0.,0.));
#1464=IFCDIRECTION((0.,0.,1.));
#1465=IFCDIRECTION((1.,0.,0.));
#1466=IFCAXIS2PLACEMENT3D(#1463,#1464,#1465);
#1467=IFCDIRECTION((0.,0.,1.));
#1468=IFCEXTRUDEDAREASOLID(#1462,#1466,#1467,1.);
#1469=IFCSHAPEREPRESENTATION(#12,'Body','SweptSolid',(#1468));
#1470=IFCPRODUCTDEFINITIONSHAPE($,$,(#1469));
#1471=IFCSTYLEDITEM(#1468,(#39),'Concreto armado');
#1472=IFCRELVOIDSELEMENT('000DIX001008000000001l',$,$,$,#239,#1454);
#1473=IFCCARTESIANPOINT((-0.05,1.5749999999999993,1.1));
#1474=IFCDIRECTION((0.,0.,1.));
#1475=IFCDIRECTION((1.,0.,0.));
#1476=IFCAXIS2PLACEMENT3D(#1473,#1474,#1475);
#1477=IFCLOCALPLACEMENT(#261,#1476);
#1478=IFCWINDOW('000DIX001008000000001m',$,'Janela lateral da cozinha',$,$,#1500,#1494,$,1.,2.,.WINDOW.,$,$);
#1484=IFCCARTESIANPOINTLIST2D(((0.,0.),(0.04,0.),(0.04,2.),(0.,2.)));
#1485=IFCINDEXEDPOLYCURVE(#1484,(IFCLINEINDEX((1,2,3,4,1))),$);
#1486=IFCARBITRARYCLOSEDPROFILEDEF(.AREA.,$,#1485);
#1487=IFCCARTESIANPOINT((0.,0.,0.));
#1488=IFCDIRECTION((0.,0.,1.));
#1489=IFCDIRECTION((1.,0.,0.));
#1490=IFCAXIS2PLACEMENT3D(#1487,#1488,#1489);
#1491=IFCDIRECTION((0.,0.,1.));
#1492=IFCEXTRUDEDAREASOLID(#1486,#1490,#1491,1.);
#1493=IFCSHAPEREPRESENTATION(#12,'Body','SweptSolid',(#1492));
#1494=IFCPRODUCTDEFINITIONSHAPE($,$,(#1493));
#1495=IFCSTYLEDITEM(#1492,(#55),'Vidro');
#1496=IFCCARTESIANPOINT((-0.02,15.,1.1));
#1497=IFCDIRECTION((0.,0.,1.));
#1498=IFCDIRECTION((1.,0.,0.));
#1499=IFCAXIS2PLACEMENT3D(#1496,#1497,#1498);
#1500=IFCLOCALPLACEMENT(#33,#1499);
#1501=IFCRELFILLSELEMENT('000DIX001008000000001n',$,$,$,#1454,#1478);
#1502=IFCOPENINGELEMENT('000DIX001008000000001o',$,'V\X2\00E3\X0\o: Basculante do WC',$,$,#1525,#1518,$,.OPENING.);
#1508=IFCCARTESIANPOINTLIST2D(((0.,0.),(0.25,0.),(0.25,0.8000000000000007),(0.,0.8000000000000007)));
#1509=IFCINDEXEDPOLYCURVE(#1508,(IFCLINEINDEX((1,2,3,4,1))),$);
#1510=IFCARBITRARYCLOSEDPROFILEDEF(.AREA.,$,#1509);
#1511=IFCCARTESIANPOINT((0.,0.,0.));
#1512=IFCDIRECTION((0.,0.,1.));
#1513=IFCDIRECTION((1.,0.,0.));
#1514=IFCAXIS2PLACEMENT3D(#1511,#1512,#1513);
#1515=IFCDIRECTION((0.,0.,1.));
#1516=IFCEXTRUDEDAREASOLID(#1510,#1514,#1515,0.6000000000000001);
#1517=IFCSHAPEREPRESENTATION(#12,'Body','SweptSolid',(#1516));
#1518=IFCPRODUCTDEFINITIONSHAPE($,$,(#1517));
#1519=IFCSTYLEDITEM(#1516,(#39),'Concreto armado');
#1520=IFCRELVOIDSELEMENT('000DIX001008000000001p',$,$,$,#308,#1502);
#1521=IFCCARTESIANPOINT((-0.05000000000000071,1.0749999999999993,1.6));
#1522=IFCDIRECTION((0.,0.,1.));
#1523=IFCDIRECTION((1.,0.,0.));
#1524=IFCAXIS2PLACEMENT3D(#1521,#1522,#1523);
#1525=IFCLOCALPLACEMENT(#330,#1524);
#1526=IFCWINDOW('000DIX001008000000001q',$,'Basculante do WC',$,$,#1548,#1542,$,0.6,0.8,.WINDOW.,$,$);
#1532=IFCCARTESIANPOINTLIST2D(((0.,0.),(0.03999999999999915,0.),(0.03999999999999915,0.8000000000000007),(0.,0.8000000000000007)));
#1533=IFCINDEXEDPOLYCURVE(#1532,(IFCLINEINDEX((1,2,3,4,1))),$);
#1534=IFCARBITRARYCLOSEDPROFILEDEF(.AREA.,$,#1533);
#1535=IFCCARTESIANPOINT((0.,0.,0.));
#1536=IFCDIRECTION((0.,0.,1.));
#1537=IFCDIRECTION((1.,0.,0.));
#1538=IFCAXIS2PLACEMENT3D(#1535,#1536,#1537);
#1539=IFCDIRECTION((0.,0.,1.));
#1540=IFCEXTRUDEDAREASOLID(#1534,#1538,#1539,0.6000000000000001);
#1541=IFCSHAPEREPRESENTATION(#12,'Body','SweptSolid',(#1540));
#1542=IFCPRODUCTDEFINITIONSHAPE($,$,(#1541));
#1543=IFCSTYLEDITEM(#1540,(#55),'Vidro');
#1544=IFCCARTESIANPOINT((9.98,14.5,1.6));
#1545=IFCDIRECTION((0.,0.,1.));
#1546=IFCDIRECTION((1.,0.,0.));
#1547=IFCAXIS2PLACEMENT3D(#1544,#1545,#1546);
#1548=IFCLOCALPLACEMENT(#33,#1547);
#1549=IFCRELFILLSELEMENT('000DIX001008000000001r',$,$,$,#1502,#1526);
#1550=IFCOPENINGELEMENT('000DIX001008000000001s',$,'V\X2\00E3\X0\o: Janela do servi\X2\00E7\X0\o',$,$,#1573,#1566,$,.OPENING.);
#1556=IFCCARTESIANPOINTLIST2D(((0.,0.),(0.25,0.),(0.25,0.8000000000000007),(0.,0.8000000000000007)));
#1557=IFCINDEXEDPOLYCURVE(#1556,(IFCLINEINDEX((1,2,3,4,1))),$);
#1558=IFCARBITRARYCLOSEDPROFILEDEF(.AREA.,$,#1557);
#1559=IFCCARTESIANPOINT((0.,0.,0.));
#1560=IFCDIRECTION((0.,0.,1.));
#1561=IFCDIRECTION((1.,0.,0.));
#1562=IFCAXIS2PLACEMENT3D(#1559,#1560,#1561);
#1563=IFCDIRECTION((0.,0.,1.));
#1564=IFCEXTRUDEDAREASOLID(#1558,#1562,#1563,1.);
#1565=IFCSHAPEREPRESENTATION(#12,'Body','SweptSolid',(#1564));
#1566=IFCPRODUCTDEFINITIONSHAPE($,$,(#1565));
#1567=IFCSTYLEDITEM(#1564,(#39),'Concreto armado');
#1568=IFCRELVOIDSELEMENT('000DIX001008000000001t',$,$,$,#308,#1550);
#1569=IFCCARTESIANPOINT((-0.05000000000000071,3.1750000000000007,1.1));
#1570=IFCDIRECTION((0.,0.,1.));
#1571=IFCDIRECTION((1.,0.,0.));
#1572=IFCAXIS2PLACEMENT3D(#1569,#1570,#1571);
#1573=IFCLOCALPLACEMENT(#330,#1572);
#1574=IFCWINDOW('000DIX001008000000001u',$,'Janela do servi\X2\00E7\X0\o',$,$,#1596,#1590,$,1.,0.8,.WINDOW.,$,$);
#1580=IFCCARTESIANPOINTLIST2D(((0.,0.),(0.03999999999999915,0.),(0.03999999999999915,0.8000000000000007),(0.,0.8000000000000007)));
#1581=IFCINDEXEDPOLYCURVE(#1580,(IFCLINEINDEX((1,2,3,4,1))),$);
#1582=IFCARBITRARYCLOSEDPROFILEDEF(.AREA.,$,#1581);
#1583=IFCCARTESIANPOINT((0.,0.,0.));
#1584=IFCDIRECTION((0.,0.,1.));
#1585=IFCDIRECTION((1.,0.,0.));
#1586=IFCAXIS2PLACEMENT3D(#1583,#1584,#1585);
#1587=IFCDIRECTION((0.,0.,1.));
#1588=IFCEXTRUDEDAREASOLID(#1582,#1586,#1587,1.);
#1589=IFCSHAPEREPRESENTATION(#12,'Body','SweptSolid',(#1588));
#1590=IFCPRODUCTDEFINITIONSHAPE($,$,(#1589));
#1591=IFCSTYLEDITEM(#1588,(#55),'Vidro');
#1592=IFCCARTESIANPOINT((9.98,16.6,1.1));
#1593=IFCDIRECTION((0.,0.,1.));
#1594=IFCDIRECTION((1.,0.,0.));
#1595=IFCAXIS2PLACEMENT3D(#1592,#1593,#1594);
#1596=IFCLOCALPLACEMENT(#33,#1595);
#1597=IFCRELFILLSELEMENT('000DIX001008000000001v',$,$,$,#1550,#1574);
#1598=IFCFOOTING('000DIX001008000000001w',$,'Viga baldrame: Fachada frontal',$,$,#1620,#1614,$,.STRIP_FOOTING.);
#1604=IFCCARTESIANPOINTLIST2D(((0.,0.),(10.149999999999999,0.),(10.149999999999999,0.15),(0.,0.15)));
#1605=IFCINDEXEDPOLYCURVE(#1604,(IFCLINEINDEX((1,2,3,4,1))),$);
#1606=IFCARBITRARYCLOSEDPROFILEDEF(.AREA.,$,#1605);
#1607=IFCCARTESIANPOINT((0.,0.,0.));
#1608=IFCDIRECTION((0.,0.,1.));
#1609=IFCDIRECTION((1.,0.,0.));
#1610=IFCAXIS2PLACEMENT3D(#1607,#1608,#1609);
#1611=IFCDIRECTION((0.,0.,1.));
#1612=IFCEXTRUDEDAREASOLID(#1606,#1610,#1611,0.4);
#1613=IFCSHAPEREPRESENTATION(#12,'Body','SweptSolid',(#1612));
#1614=IFCPRODUCTDEFINITIONSHAPE($,$,(#1613));
#1615=IFCSTYLEDITEM(#1612,(#39),'Concreto armado');
#1616=IFCCARTESIANPOINT((-0.075,-0.075,-0.5));
#1617=IFCDIRECTION((0.,0.,1.));
#1618=IFCDIRECTION((1.,0.,0.));
#1619=IFCAXIS2PLACEMENT3D(#1616,#1617,#1618);
#1620=IFCLOCALPLACEMENT(#33,#1619);
#1621=IFCFOOTING('000DIX001008000000001x',$,'Viga baldrame: Fachada dos fundos',$,$,#1643,#1637,$,.STRIP_FOOTING.);
#1627=IFCCARTESIANPOINTLIST2D(((0.,0.),(10.149999999999999,0.),(10.149999999999999,0.14999999999999858),(0.,0.14999999999999858)));
#1628=IFCINDEXEDPOLYCURVE(#1627,(IFCLINEINDEX((1,2,3,4,1))),$);
#1629=IFCARBITRARYCLOSEDPROFILEDEF(.AREA.,$,#1628);
#1630=IFCCARTESIANPOINT((0.,0.,0.));
#1631=IFCDIRECTION((0.,0.,1.));
#1632=IFCDIRECTION((1.,0.,0.));
#1633=IFCAXIS2PLACEMENT3D(#1630,#1631,#1632);
#1634=IFCDIRECTION((0.,0.,1.));
#1635=IFCEXTRUDEDAREASOLID(#1629,#1633,#1634,0.4);
#1636=IFCSHAPEREPRESENTATION(#12,'Body','SweptSolid',(#1635));
#1637=IFCPRODUCTDEFINITIONSHAPE($,$,(#1636));
#1638=IFCSTYLEDITEM(#1635,(#39),'Concreto armado');
#1639=IFCCARTESIANPOINT((-0.075,17.925,-0.5));
#1640=IFCDIRECTION((0.,0.,1.));
#1641=IFCDIRECTION((1.,0.,0.));
#1642=IFCAXIS2PLACEMENT3D(#1639,#1640,#1641);
#1643=IFCLOCALPLACEMENT(#33,#1642);
#1644=IFCFOOTING('000DIX001008000000001y',$,'Viga baldrame: Lateral oeste, su\X2\00ED\X0\tes',$,$,#1666,#1660,$,.STRIP_FOOTING.);
#1650=IFCCARTESIANPOINTLIST2D(((0.,0.),(0.15,0.),(0.15,7.65),(0.,7.65)));
#1651=IFCINDEXEDPOLYCURVE(#1650,(IFCLINEINDEX((1,2,3,4,1))),$);
#1652=IFCARBITRARYCLOSEDPROFILEDEF(.AREA.,$,#1651);
#1653=IFCCARTESIANPOINT((0.,0.,0.));
#1654=IFCDIRECTION((0.,0.,1.));
#1655=IFCDIRECTION((1.,0.,0.));
#1656=IFCAXIS2PLACEMENT3D(#1653,#1654,#1655);
#1657=IFCDIRECTION((0.,0.,1.));
#1658=IFCEXTRUDEDAREASOLID(#1652,#1656,#1657,0.4);
#1659=IFCSHAPEREPRESENTATION(#12,'Body','SweptSolid',(#1658));
#1660=IFCPRODUCTDEFINITIONSHAPE($,$,(#1659));
#1661=IFCSTYLEDITEM(#1658,(#39),'Concreto armado');
#1662=IFCCARTESIANPOINT((-0.075,-0.075,-0.5));
#1663=IFCDIRECTION((0.,0.,1.));
#1664=IFCDIRECTION((1.,0.,0.));
#1665=IFCAXIS2PLACEMENT3D(#1662,#1663,#1664);
#1666=IFCLOCALPLACEMENT(#33,#1665);
#1667=IFCFOOTING('000DIX001008000000001z',$,'Viga baldrame: Lateral oeste, sala',$,$,#1689,#1683,$,.STRIP_FOOTING.);
#1673=IFCCARTESIANPOINTLIST2D(((0.,0.),(0.15,0.),(0.15,6.1499999999999995),(0.,6.1499999999999995)));
#1674=IFCINDEXEDPOLYCURVE(#1673,(IFCLINEINDEX((1,2,3,4,1))),$);
#1675=IFCARBITRARYCLOSEDPROFILEDEF(.AREA.,$,#1674);
#1676=IFCCARTESIANPOINT((0.,0.,0.));
#1677=IFCDIRECTION((0.,0.,1.));
#1678=IFCDIRECTION((1.,0.,0.));
#1679=IFCAXIS2PLACEMENT3D(#1676,#1677,#1678);
#1680=IFCDIRECTION((0.,0.,1.));
#1681=IFCEXTRUDEDAREASOLID(#1675,#1679,#1680,0.4);
#1682=IFCSHAPEREPRESENTATION(#12,'Body','SweptSolid',(#1681));
#1683=IFCPRODUCTDEFINITIONSHAPE($,$,(#1682));
#1684=IFCSTYLEDITEM(#1681,(#39),'Concreto armado');
#1685=IFCCARTESIANPOINT((-0.075,7.425,-0.5));
#1686=IFCDIRECTION((0.,0.,1.));
#1687=IFCDIRECTION((1.,0.,0.));
#1688=IFCAXIS2PLACEMENT3D(#1685,#1686,#1687);
#1689=IFCLOCALPLACEMENT(#33,#1688);
#1690=IFCFOOTING('000DIX001008000000001_',$,'Viga baldrame: Lateral oeste, cozinha',$,$,#1712,#1706,$,.STRIP_FOOTING.);
#1696=IFCCARTESIANPOINTLIST2D(((0.,0.),(0.15,0.),(0.15,4.649999999999999),(0.,4.649999999999999)));
#1697=IFCINDEXEDPOLYCURVE(#1696,(IFCLINEINDEX((1,2,3,4,1))),$);
#1698=IFCARBITRARYCLOSEDPROFILEDEF(.AREA.,$,#1697);
#1699=IFCCARTESIANPOINT((0.,0.,0.));
#1700=IFCDIRECTION((0.,0.,1.));
#1701=IFCDIRECTION((1.,0.,0.));
#1702=IFCAXIS2PLACEMENT3D(#1699,#1700,#1701);
#1703=IFCDIRECTION((0.,0.,1.));
#1704=IFCEXTRUDEDAREASOLID(#1698,#1702,#1703,0.4);
#1705=IFCSHAPEREPRESENTATION(#12,'Body','SweptSolid',(#1704));
#1706=IFCPRODUCTDEFINITIONSHAPE($,$,(#1705));
#1707=IFCSTYLEDITEM(#1704,(#39),'Concreto armado');
#1708=IFCCARTESIANPOINT((-0.075,13.425,-0.5));
#1709=IFCDIRECTION((0.,0.,1.));
#1710=IFCDIRECTION((1.,0.,0.));
#1711=IFCAXIS2PLACEMENT3D(#1708,#1709,#1710);
#1712=IFCLOCALPLACEMENT(#33,#1711);
#1713=IFCFOOTING('000DIX001008000000001$',$,'Viga baldrame: Lateral leste, su\X2\00ED\X0\tes',$,$,#1735,#1729,$,.STRIP_FOOTING.);
#1719=IFCCARTESIANPOINTLIST2D(((0.,0.),(0.14999999999999858,0.),(0.14999999999999858,7.65),(0.,7.65)));
#1720=IFCINDEXEDPOLYCURVE(#1719,(IFCLINEINDEX((1,2,3,4,1))),$);
#1721=IFCARBITRARYCLOSEDPROFILEDEF(.AREA.,$,#1720);
#1722=IFCCARTESIANPOINT((0.,0.,0.));
#1723=IFCDIRECTION((0.,0.,1.));
#1724=IFCDIRECTION((1.,0.,0.));
#1725=IFCAXIS2PLACEMENT3D(#1722,#1723,#1724);
#1726=IFCDIRECTION((0.,0.,1.));
#1727=IFCEXTRUDEDAREASOLID(#1721,#1725,#1726,0.4);
#1728=IFCSHAPEREPRESENTATION(#12,'Body','SweptSolid',(#1727));
#1729=IFCPRODUCTDEFINITIONSHAPE($,$,(#1728));
#1730=IFCSTYLEDITEM(#1727,(#39),'Concreto armado');
#1731=IFCCARTESIANPOINT((9.925,-0.075,-0.5));
#1732=IFCDIRECTION((0.,0.,1.));
#1733=IFCDIRECTION((1.,0.,0.));
#1734=IFCAXIS2PLACEMENT3D(#1731,#1732,#1733);
#1735=IFCLOCALPLACEMENT(#33,#1734);
#1736=IFCFOOTING('000DIX0010080000000020',$,'Viga baldrame: Lateral leste, sala',$,$,#1758,#1752,$,.STRIP_FOOTING.);
#1742=IFCCARTESIANPOINTLIST2D(((0.,0.),(0.14999999999999858,0.),(0.14999999999999858,6.1499999999999995),(0.,6.1499999999999995)));
#1743=IFCINDEXEDPOLYCURVE(#1742,(IFCLINEINDEX((1,2,3,4,1))),$);
#1744=IFCARBITRARYCLOSEDPROFILEDEF(.AREA.,$,#1743);
#1745=IFCCARTESIANPOINT((0.,0.,0.));
#1746=IFCDIRECTION((0.,0.,1.));
#1747=IFCDIRECTION((1.,0.,0.));
#1748=IFCAXIS2PLACEMENT3D(#1745,#1746,#1747);
#1749=IFCDIRECTION((0.,0.,1.));
#1750=IFCEXTRUDEDAREASOLID(#1744,#1748,#1749,0.4);
#1751=IFCSHAPEREPRESENTATION(#12,'Body','SweptSolid',(#1750));
#1752=IFCPRODUCTDEFINITIONSHAPE($,$,(#1751));
#1753=IFCSTYLEDITEM(#1750,(#39),'Concreto armado');
#1754=IFCCARTESIANPOINT((9.925,7.425,-0.5));
#1755=IFCDIRECTION((0.,0.,1.));
#1756=IFCDIRECTION((1.,0.,0.));
#1757=IFCAXIS2PLACEMENT3D(#1754,#1755,#1756);
#1758=IFCLOCALPLACEMENT(#33,#1757);
#1759=IFCFOOTING('000DIX0010080000000021',$,'Viga baldrame: Lateral leste, servi\X2\00E7\X0\o',$,$,#1781,#1775,$,.STRIP_FOOTING.);
#1765=IFCCARTESIANPOINTLIST2D(((0.,0.),(0.14999999999999858,0.),(0.14999999999999858,4.649999999999999),(0.,4.649999999999999)));
#1766=IFCINDEXEDPOLYCURVE(#1765,(IFCLINEINDEX((1,2,3,4,1))),$);
#1767=IFCARBITRARYCLOSEDPROFILEDEF(.AREA.,$,#1766);
#1768=IFCCARTESIANPOINT((0.,0.,0.));
#1769=IFCDIRECTION((0.,0.,1.));
#1770=IFCDIRECTION((1.,0.,0.));
#1771=IFCAXIS2PLACEMENT3D(#1768,#1769,#1770);
#1772=IFCDIRECTION((0.,0.,1.));
#1773=IFCEXTRUDEDAREASOLID(#1767,#1771,#1772,0.4);
#1774=IFCSHAPEREPRESENTATION(#12,'Body','SweptSolid',(#1773));
#1775=IFCPRODUCTDEFINITIONSHAPE($,$,(#1774));
#1776=IFCSTYLEDITEM(#1773,(#39),'Concreto armado');
#1777=IFCCARTESIANPOINT((9.925,13.425,-0.5));
#1778=IFCDIRECTION((0.,0.,1.));
#1779=IFCDIRECTION((1.,0.,0.));
#1780=IFCAXIS2PLACEMENT3D(#1777,#1778,#1779);
#1781=IFCLOCALPLACEMENT(#33,#1780);
#1782=IFCFOOTING('000DIX0010080000000022',$,'Viga baldrame: Sala, frente',$,$,#1804,#1798,$,.STRIP_FOOTING.);
#1788=IFCCARTESIANPOINTLIST2D(((0.,0.),(10.149999999999999,0.),(10.149999999999999,0.15000000000000036),(0.,0.15000000000000036)));
#1789=IFCINDEXEDPOLYCURVE(#1788,(IFCLINEINDEX((1,2,3,4,1))),$);
#1790=IFCARBITRARYCLOSEDPROFILEDEF(.AREA.,$,#1789);
#1791=IFCCARTESIANPOINT((0.,0.,0.));
#1792=IFCDIRECTION((0.,0.,1.));
#1793=IFCDIRECTION((1.,0.,0.));
#1794=IFCAXIS2PLACEMENT3D(#1791,#1792,#1793);
#1795=IFCDIRECTION((0.,0.,1.));
#1796=IFCEXTRUDEDAREASOLID(#1790,#1794,#1795,0.4);
#1797=IFCSHAPEREPRESENTATION(#12,'Body','SweptSolid',(#1796));
#1798=IFCPRODUCTDEFINITIONSHAPE($,$,(#1797));
#1799=IFCSTYLEDITEM(#1796,(#39),'Concreto armado');
#1800=IFCCARTESIANPOINT((-0.075,7.425,-0.5));
#1801=IFCDIRECTION((0.,0.,1.));
#1802=IFCDIRECTION((1.,0.,0.));
#1803=IFCAXIS2PLACEMENT3D(#1800,#1801,#1802);
#1804=IFCLOCALPLACEMENT(#33,#1803);
#1805=IFCFOOTING('000DIX0010080000000023',$,'Viga baldrame: Sala, fundo',$,$,#1827,#1821,$,.STRIP_FOOTING.);
#1811=IFCCARTESIANPOINTLIST2D(((0.,0.),(10.149999999999999,0.),(10.149999999999999,0.14999999999999858),(0.,0.14999999999999858)));
#1812=IFCINDEXEDPOLYCURVE(#1811,(IFCLINEINDEX((1,2,3,4,1))),$);
#1813=IFCARBITRARYCLOSEDPROFILEDEF(.AREA.,$,#1812);
#1814=IFCCARTESIANPOINT((0.,0.,0.));
#1815=IFCDIRECTION((0.,0.,1.));
#1816=IFCDIRECTION((1.,0.,0.));
#1817=IFCAXIS2PLACEMENT3D(#1814,#1815,#1816);
#1818=IFCDIRECTION((0.,0.,1.));
#1819=IFCEXTRUDEDAREASOLID(#1813,#1817,#1818,0.4);
#1820=IFCSHAPEREPRESENTATION(#12,'Body','SweptSolid',(#1819));
#1821=IFCPRODUCTDEFINITIONSHAPE($,$,(#1820));
#1822=IFCSTYLEDITEM(#1819,(#39),'Concreto armado');
#1823=IFCCARTESIANPOINT((-0.075,13.425,-0.5));
#1824=IFCDIRECTION((0.,0.,1.));
#1825=IFCDIRECTION((1.,0.,0.));
#1826=IFCAXIS2PLACEMENT3D(#1823,#1824,#1825);
#1827=IFCLOCALPLACEMENT(#33,#1826);
#1828=IFCFOOTING('000DIX0010080000000024',$,'Viga baldrame: Vest\X2\00ED\X0\bulo, oeste',$,$,#1850,#1844,$,.STRIP_FOOTING.);
#1834=IFCCARTESIANPOINTLIST2D(((0.,0.),(0.15000000000000036,0.),(0.15000000000000036,7.65),(0.,7.65)));
#1835=IFCINDEXEDPOLYCURVE(#1834,(IFCLINEINDEX((1,2,3,4,1))),$);
#1836=IFCARBITRARYCLOSEDPROFILEDEF(.AREA.,$,#1835);
#1837=IFCCARTESIANPOINT((0.,0.,0.));
#1838=IFCDIRECTION((0.,0.,1.));
#1839=IFCDIRECTION((1.,0.,0.));
#1840=IFCAXIS2PLACEMENT3D(#1837,#1838,#1839);
#1841=IFCDIRECTION((0.,0.,1.));
#1842=IFCEXTRUDEDAREASOLID(#1836,#1840,#1841,0.4);
#1843=IFCSHAPEREPRESENTATION(#12,'Body','SweptSolid',(#1842));
#1844=IFCPRODUCTDEFINITIONSHAPE($,$,(#1843));
#1845=IFCSTYLEDITEM(#1842,(#39),'Concreto armado');
#1846=IFCCARTESIANPOINT((3.925,-0.075,-0.5));
#1847=IFCDIRECTION((0.,0.,1.));
#1848=IFCDIRECTION((1.,0.,0.));
#1849=IFCAXIS2PLACEMENT3D(#1846,#1847,#1848);
#1850=IFCLOCALPLACEMENT(#33,#1849);
#1851=IFCFOOTING('000DIX0010080000000025',$,'Viga baldrame: Vest\X2\00ED\X0\bulo, leste',$,$,#1873,#1867,$,.STRIP_FOOTING.);
#1857=IFCCARTESIANPOINTLIST2D(((0.,0.),(0.15000000000000036,0.),(0.15000000000000036,7.65),(0.,7.65)));
#1858=IFCINDEXEDPOLYCURVE(#1857,(IFCLINEINDEX((1,2,3,4,1))),$);
#1859=IFCARBITRARYCLOSEDPROFILEDEF(.AREA.,$,#1858);
#1860=IFCCARTESIANPOINT((0.,0.,0.));
#1861=IFCDIRECTION((0.,0.,1.));
#1862=IFCDIRECTION((1.,0.,0.));
#1863=IFCAXIS2PLACEMENT3D(#1860,#1861,#1862);
#1864=IFCDIRECTION((0.,0.,1.));
#1865=IFCEXTRUDEDAREASOLID(#1859,#1863,#1864,0.4);
#1866=IFCSHAPEREPRESENTATION(#12,'Body','SweptSolid',(#1865));
#1867=IFCPRODUCTDEFINITIONSHAPE($,$,(#1866));
#1868=IFCSTYLEDITEM(#1865,(#39),'Concreto armado');
#1869=IFCCARTESIANPOINT((5.925,-0.075,-0.5));
#1870=IFCDIRECTION((0.,0.,1.));
#1871=IFCDIRECTION((1.,0.,0.));
#1872=IFCAXIS2PLACEMENT3D(#1869,#1870,#1871);
#1873=IFCLOCALPLACEMENT(#33,#1872);
#1874=IFCFOOTING('000DIX0010080000000026',$,'Viga baldrame: Su\X2\00ED\X0\te oeste, banho',$,$,#1896,#1890,$,.STRIP_FOOTING.);
#1880=IFCCARTESIANPOINTLIST2D(((0.,0.),(4.15,0.),(4.15,0.15000000000000036),(0.,0.15000000000000036)));
#1881=IFCINDEXEDPOLYCURVE(#1880,(IFCLINEINDEX((1,2,3,4,1))),$);
#1882=IFCARBITRARYCLOSEDPROFILEDEF(.AREA.,$,#1881);
#1883=IFCCARTESIANPOINT((0.,0.,0.));
#1884=IFCDIRECTION((0.,0.,1.));
#1885=IFCDIRECTION((1.,0.,0.));
#1886=IFCAXIS2PLACEMENT3D(#1883,#1884,#1885);
#1887=IFCDIRECTION((0.,0.,1.));
#1888=IFCEXTRUDEDAREASOLID(#1882,#1886,#1887,0.4);
#1889=IFCSHAPEREPRESENTATION(#12,'Body','SweptSolid',(#1888));
#1890=IFCPRODUCTDEFINITIONSHAPE($,$,(#1889));
#1891=IFCSTYLEDITEM(#1888,(#39),'Concreto armado');
#1892=IFCCARTESIANPOINT((-0.075,4.925,-0.5));
#1893=IFCDIRECTION((0.,0.,1.));
#1894=IFCDIRECTION((1.,0.,0.));
#1895=IFCAXIS2PLACEMENT3D(#1892,#1893,#1894);
#1896=IFCLOCALPLACEMENT(#33,#1895);
#1897=IFCFOOTING('000DIX0010080000000027',$,'Viga baldrame: Su\X2\00ED\X0\te leste, banho',$,$,#1919,#1913,$,.STRIP_FOOTING.);
#1903=IFCCARTESIANPOINTLIST2D(((0.,0.),(4.1499999999999995,0.),(4.1499999999999995,0.15000000000000036),(0.,0.15000000000000036)));
#1904=IFCINDEXEDPOLYCURVE(#1903,(IFCLINEINDEX((1,2,3,4,1))),$);
#1905=IFCARBITRARYCLOSEDPROFILEDEF(.AREA.,$,#1904);
#1906=IFCCARTESIANPOINT((0.,0.,0.));
#1907=IFCDIRECTION((0.,0.,1.));
#1908=IFCDIRECTION((1.,0.,0.));
#1909=IFCAXIS2PLACEMENT3D(#1906,#1907,#1908);
#1910=IFCDIRECTION((0.,0.,1.));
#1911=IFCEXTRUDEDAREASOLID(#1905,#1909,#1910,0.4);
#1912=IFCSHAPEREPRESENTATION(#12,'Body','SweptSolid',(#1911));
#1913=IFCPRODUCTDEFINITIONSHAPE($,$,(#1912));
#1914=IFCSTYLEDITEM(#1911,(#39),'Concreto armado');
#1915=IFCCARTESIANPOINT((5.925,4.925,-0.5));
#1916=IFCDIRECTION((0.,0.,1.));
#1917=IFCDIRECTION((1.,0.,0.));
#1918=IFCAXIS2PLACEMENT3D(#1915,#1916,#1917);
#1919=IFCLOCALPLACEMENT(#33,#1918);
#1920=IFCFOOTING('000DIX0010080000000028',$,'Viga baldrame: Cozinha, WC e servi\X2\00E7\X0\o',$,$,#1942,#1936,$,.STRIP_FOOTING.);
#1926=IFCCARTESIANPOINTLIST2D(((0.,0.),(0.15000000000000036,0.),(0.15000000000000036,4.649999999999999),(0.,4.649999999999999)));
#1927=IFCINDEXEDPOLYCURVE(#1926,(IFCLINEINDEX((1,2,3,4,1))),$);
#1928=IFCARBITRARYCLOSEDPROFILEDEF(.AREA.,$,#1927);
#1929=IFCCARTESIANPOINT((0.,0.,0.));
#1930=IFCDIRECTION((0.,0.,1.));
#1931=IFCDIRECTION((1.,0.,0.));
#1932=IFCAXIS2PLACEMENT3D(#1929,#1930,#1931);
#1933=IFCDIRECTION((0.,0.,1.));
#1934=IFCEXTRUDEDAREASOLID(#1928,#1932,#1933,0.4);
#1935=IFCSHAPEREPRESENTATION(#12,'Body','SweptSolid',(#1934));
#1936=IFCPRODUCTDEFINITIONSHAPE($,$,(#1935));
#1937=IFCSTYLEDITEM(#1934,(#39),'Concreto armado');
#1938=IFCCARTESIANPOINT((5.925,13.425,-0.5));
#1939=IFCDIRECTION((0.,0.,1.));
#1940=IFCDIRECTION((1.,0.,0.));
#1941=IFCAXIS2PLACEMENT3D(#1938,#1939,#1940);
#1942=IFCLOCALPLACEMENT(#33,#1941);
#1943=IFCFOOTING('000DIX0010080000000029',$,'Viga baldrame: WC, servi\X2\00E7\X0\o',$,$,#1965,#1959,$,.STRIP_FOOTING.);
#1949=IFCCARTESIANPOINTLIST2D(((0.,0.),(4.1499999999999995,0.),(4.1499999999999995,0.14999999999999858),(0.,0.14999999999999858)));
#1950=IFCINDEXEDPOLYCURVE(#1949,(IFCLINEINDEX((1,2,3,4,1))),$);
#1951=IFCARBITRARYCLOSEDPROFILEDEF(.AREA.,$,#1950);
#1952=IFCCARTESIANPOINT((0.,0.,0.));
#1953=IFCDIRECTION((0.,0.,1.));
#1954=IFCDIRECTION((1.,0.,0.));
#1955=IFCAXIS2PLACEMENT3D(#1952,#1953,#1954);
#1956=IFCDIRECTION((0.,0.,1.));
#1957=IFCEXTRUDEDAREASOLID(#1951,#1955,#1956,0.4);
#1958=IFCSHAPEREPRESENTATION(#12,'Body','SweptSolid',(#1957));
#1959=IFCPRODUCTDEFINITIONSHAPE($,$,(#1958));
#1960=IFCSTYLEDITEM(#1957,(#39),'Concreto armado');
#1961=IFCCARTESIANPOINT((5.925,15.925,-0.5));
#1962=IFCDIRECTION((0.,0.,1.));
#1963=IFCDIRECTION((1.,0.,0.));
#1964=IFCAXIS2PLACEMENT3D(#1961,#1962,#1963);
#1965=IFCLOCALPLACEMENT(#33,#1964);
#1966=IFCFOOTING('000DIX001008000000002A',$,'Sapata P(0;0)',$,$,#1988,#1982,$,.PAD_FOOTING.);
#1972=IFCCARTESIANPOINTLIST2D(((0.,0.),(0.8,0.),(0.8,0.8),(0.,0.8)));
#1973=IFCINDEXEDPOLYCURVE(#1972,(IFCLINEINDEX((1,2,3,4,1))),$);
#1974=IFCARBITRARYCLOSEDPROFILEDEF(.AREA.,$,#1973);
#1975=IFCCARTESIANPOINT((0.,0.,0.));
#1976=IFCDIRECTION((0.,0.,1.));
#1977=IFCDIRECTION((1.,0.,0.));
#1978=IFCAXIS2PLACEMENT3D(#1975,#1976,#1977);
#1979=IFCDIRECTION((0.,0.,1.));
#1980=IFCEXTRUDEDAREASOLID(#1974,#1978,#1979,0.6000000000000001);
#1981=IFCSHAPEREPRESENTATION(#12,'Body','SweptSolid',(#1980));
#1982=IFCPRODUCTDEFINITIONSHAPE($,$,(#1981));
#1983=IFCSTYLEDITEM(#1980,(#39),'Concreto armado');
#1984=IFCCARTESIANPOINT((-0.4,-0.4,-1.1));
#1985=IFCDIRECTION((0.,0.,1.));
#1986=IFCDIRECTION((1.,0.,0.));
#1987=IFCAXIS2PLACEMENT3D(#1984,#1985,#1986);
#1988=IFCLOCALPLACEMENT(#33,#1987);
#1989=IFCFOOTING('000DIX001008000000002B',$,'Sapata P(4;0)',$,$,#2011,#2005,$,.PAD_FOOTING.);
#1995=IFCCARTESIANPOINTLIST2D(((0.,0.),(0.8000000000000003,0.),(0.8000000000000003,0.8),(0.,0.8)));
#1996=IFCINDEXEDPOLYCURVE(#1995,(IFCLINEINDEX((1,2,3,4,1))),$);
#1997=IFCARBITRARYCLOSEDPROFILEDEF(.AREA.,$,#1996);
#1998=IFCCARTESIANPOINT((0.,0.,0.));
#1999=IFCDIRECTION((0.,0.,1.));
#2000=IFCDIRECTION((1.,0.,0.));
#2001=IFCAXIS2PLACEMENT3D(#1998,#1999,#2000);
#2002=IFCDIRECTION((0.,0.,1.));
#2003=IFCEXTRUDEDAREASOLID(#1997,#2001,#2002,0.6000000000000001);
#2004=IFCSHAPEREPRESENTATION(#12,'Body','SweptSolid',(#2003));
#2005=IFCPRODUCTDEFINITIONSHAPE($,$,(#2004));
#2006=IFCSTYLEDITEM(#2003,(#39),'Concreto armado');
#2007=IFCCARTESIANPOINT((3.6,-0.4,-1.1));
#2008=IFCDIRECTION((0.,0.,1.));
#2009=IFCDIRECTION((1.,0.,0.));
#2010=IFCAXIS2PLACEMENT3D(#2007,#2008,#2009);
#2011=IFCLOCALPLACEMENT(#33,#2010);
#2012=IFCFOOTING('000DIX001008000000002C',$,'Sapata P(6;0)',$,$,#2034,#2028,$,.PAD_FOOTING.);
#2018=IFCCARTESIANPOINTLIST2D(((0.,0.),(0.8000000000000007,0.),(0.8000000000000007,0.8),(0.,0.8)));
#2019=IFCINDEXEDPOLYCURVE(#2018,(IFCLINEINDEX((1,2,3,4,1))),$);
#2020=IFCARBITRARYCLOSEDPROFILEDEF(.AREA.,$,#2019);
#2021=IFCCARTESIANPOINT((0.,0.,0.));
#2022=IFCDIRECTION((0.,0.,1.));
#2023=IFCDIRECTION((1.,0.,0.));
#2024=IFCAXIS2PLACEMENT3D(#2021,#2022,#2023);
#2025=IFCDIRECTION((0.,0.,1.));
#2026=IFCEXTRUDEDAREASOLID(#2020,#2024,#2025,0.6000000000000001);
#2027=IFCSHAPEREPRESENTATION(#12,'Body','SweptSolid',(#2026));
#2028=IFCPRODUCTDEFINITIONSHAPE($,$,(#2027));
#2029=IFCSTYLEDITEM(#2026,(#39),'Concreto armado');
#2030=IFCCARTESIANPOINT((5.6,-0.4,-1.1));
#2031=IFCDIRECTION((0.,0.,1.));
#2032=IFCDIRECTION((1.,0.,0.));
#2033=IFCAXIS2PLACEMENT3D(#2030,#2031,#2032);
#2034=IFCLOCALPLACEMENT(#33,#2033);
#2035=IFCFOOTING('000DIX001008000000002D',$,'Sapata P(10;0)',$,$,#2057,#2051,$,.PAD_FOOTING.);
#2041=IFCCARTESIANPOINTLIST2D(((0.,0.),(0.8000000000000007,0.),(0.8000000000000007,0.8),(0.,0.8)));
#2042=IFCINDEXEDPOLYCURVE(#2041,(IFCLINEINDEX((1,2,3,4,1))),$);
#2043=IFCARBITRARYCLOSEDPROFILEDEF(.AREA.,$,#2042);
#2044=IFCCARTESIANPOINT((0.,0.,0.));
#2045=IFCDIRECTION((0.,0.,1.));
#2046=IFCDIRECTION((1.,0.,0.));
#2047=IFCAXIS2PLACEMENT3D(#2044,#2045,#2046);
#2048=IFCDIRECTION((0.,0.,1.));
#2049=IFCEXTRUDEDAREASOLID(#2043,#2047,#2048,0.6000000000000001);
#2050=IFCSHAPEREPRESENTATION(#12,'Body','SweptSolid',(#2049));
#2051=IFCPRODUCTDEFINITIONSHAPE($,$,(#2050));
#2052=IFCSTYLEDITEM(#2049,(#39),'Concreto armado');
#2053=IFCCARTESIANPOINT((9.6,-0.4,-1.1));
#2054=IFCDIRECTION((0.,0.,1.));
#2055=IFCDIRECTION((1.,0.,0.));
#2056=IFCAXIS2PLACEMENT3D(#2053,#2054,#2055);
#2057=IFCLOCALPLACEMENT(#33,#2056);
#2058=IFCFOOTING('000DIX001008000000002E',$,'Sapata P(0;5)',$,$,#2080,#2074,$,.PAD_FOOTING.);
#2064=IFCCARTESIANPOINTLIST2D(((0.,0.),(0.8,0.),(0.8,0.8000000000000007),(0.,0.8000000000000007)));
#2065=IFCINDEXEDPOLYCURVE(#2064,(IFCLINEINDEX((1,2,3,4,1))),$);
#2066=IFCARBITRARYCLOSEDPROFILEDEF(.AREA.,$,#2065);
#2067=IFCCARTESIANPOINT((0.,0.,0.));
#2068=IFCDIRECTION((0.,0.,1.));
#2069=IFCDIRECTION((1.,0.,0.));
#2070=IFCAXIS2PLACEMENT3D(#2067,#2068,#2069);
#2071=IFCDIRECTION((0.,0.,1.));
#2072=IFCEXTRUDEDAREASOLID(#2066,#2070,#2071,0.6000000000000001);
#2073=IFCSHAPEREPRESENTATION(#12,'Body','SweptSolid',(#2072));
#2074=IFCPRODUCTDEFINITIONSHAPE($,$,(#2073));
#2075=IFCSTYLEDITEM(#2072,(#39),'Concreto armado');
#2076=IFCCARTESIANPOINT((-0.4,4.6,-1.1));
#2077=IFCDIRECTION((0.,0.,1.));
#2078=IFCDIRECTION((1.,0.,0.));
#2079=IFCAXIS2PLACEMENT3D(#2076,#2077,#2078);
#2080=IFCLOCALPLACEMENT(#33,#2079);
#2081=IFCFOOTING('000DIX001008000000002F',$,'Sapata P(4;5)',$,$,#2103,#2097,$,.PAD_FOOTING.);
#2087=IFCCARTESIANPOINTLIST2D(((0.,0.),(0.8000000000000003,0.),(0.8000000000000003,0.8000000000000007),(0.,0.8000000000000007)));
#2088=IFCINDEXEDPOLYCURVE(#2087,(IFCLINEINDEX((1,2,3,4,1))),$);
#2089=IFCARBITRARYCLOSEDPROFILEDEF(.AREA.,$,#2088);
#2090=IFCCARTESIANPOINT((0.,0.,0.));
#2091=IFCDIRECTION((0.,0.,1.));
#2092=IFCDIRECTION((1.,0.,0.));
#2093=IFCAXIS2PLACEMENT3D(#2090,#2091,#2092);
#2094=IFCDIRECTION((0.,0.,1.));
#2095=IFCEXTRUDEDAREASOLID(#2089,#2093,#2094,0.6000000000000001);
#2096=IFCSHAPEREPRESENTATION(#12,'Body','SweptSolid',(#2095));
#2097=IFCPRODUCTDEFINITIONSHAPE($,$,(#2096));
#2098=IFCSTYLEDITEM(#2095,(#39),'Concreto armado');
#2099=IFCCARTESIANPOINT((3.6,4.6,-1.1));
#2100=IFCDIRECTION((0.,0.,1.));
#2101=IFCDIRECTION((1.,0.,0.));
#2102=IFCAXIS2PLACEMENT3D(#2099,#2100,#2101);
#2103=IFCLOCALPLACEMENT(#33,#2102);
#2104=IFCFOOTING('000DIX001008000000002G',$,'Sapata P(6;5)',$,$,#2126,#2120,$,.PAD_FOOTING.);
#2110=IFCCARTESIANPOINTLIST2D(((0.,0.),(0.8000000000000007,0.),(0.8000000000000007,0.8000000000000007),(0.,0.8000000000000007)));
#2111=IFCINDEXEDPOLYCURVE(#2110,(IFCLINEINDEX((1,2,3,4,1))),$);
#2112=IFCARBITRARYCLOSEDPROFILEDEF(.AREA.,$,#2111);
#2113=IFCCARTESIANPOINT((0.,0.,0.));
#2114=IFCDIRECTION((0.,0.,1.));
#2115=IFCDIRECTION((1.,0.,0.));
#2116=IFCAXIS2PLACEMENT3D(#2113,#2114,#2115);
#2117=IFCDIRECTION((0.,0.,1.));
#2118=IFCEXTRUDEDAREASOLID(#2112,#2116,#2117,0.6000000000000001);
#2119=IFCSHAPEREPRESENTATION(#12,'Body','SweptSolid',(#2118));
#2120=IFCPRODUCTDEFINITIONSHAPE($,$,(#2119));
#2121=IFCSTYLEDITEM(#2118,(#39),'Concreto armado');
#2122=IFCCARTESIANPOINT((5.6,4.6,-1.1));
#2123=IFCDIRECTION((0.,0.,1.));
#2124=IFCDIRECTION((1.,0.,0.));
#2125=IFCAXIS2PLACEMENT3D(#2122,#2123,#2124);
#2126=IFCLOCALPLACEMENT(#33,#2125);
#2127=IFCFOOTING('000DIX001008000000002H',$,'Sapata P(10;5)',$,$,#2149,#2143,$,.PAD_FOOTING.);
#2133=IFCCARTESIANPOINTLIST2D(((0.,0.),(0.8000000000000007,0.),(0.8000000000000007,0.8000000000000007),(0.,0.8000000000000007)));
#2134=IFCINDEXEDPOLYCURVE(#2133,(IFCLINEINDEX((1,2,3,4,1))),$);
#2135=IFCARBITRARYCLOSEDPROFILEDEF(.AREA.,$,#2134);
#2136=IFCCARTESIANPOINT((0.,0.,0.));
#2137=IFCDIRECTION((0.,0.,1.));
#2138=IFCDIRECTION((1.,0.,0.));
#2139=IFCAXIS2PLACEMENT3D(#2136,#2137,#2138);
#2140=IFCDIRECTION((0.,0.,1.));
#2141=IFCEXTRUDEDAREASOLID(#2135,#2139,#2140,0.6000000000000001);
#2142=IFCSHAPEREPRESENTATION(#12,'Body','SweptSolid',(#2141));
#2143=IFCPRODUCTDEFINITIONSHAPE($,$,(#2142));
#2144=IFCSTYLEDITEM(#2141,(#39),'Concreto armado');
#2145=IFCCARTESIANPOINT((9.6,4.6,-1.1));
#2146=IFCDIRECTION((0.,0.,1.));
#2147=IFCDIRECTION((1.,0.,0.));
#2148=IFCAXIS2PLACEMENT3D(#2145,#2146,#2147);
#2149=IFCLOCALPLACEMENT(#33,#2148);
#2150=IFCFOOTING('000DIX001008000000002I',$,'Sapata P(0;7.5)',$,$,#2172,#2166,$,.PAD_FOOTING.);
#2156=IFCCARTESIANPOINTLIST2D(((0.,0.),(0.8,0.),(0.8,0.8000000000000007),(0.,0.8000000000000007)));
#2157=IFCINDEXEDPOLYCURVE(#2156,(IFCLINEINDEX((1,2,3,4,1))),$);
#2158=IFCARBITRARYCLOSEDPROFILEDEF(.AREA.,$,#2157);
#2159=IFCCARTESIANPOINT((0.,0.,0.));
#2160=IFCDIRECTION((0.,0.,1.));
#2161=IFCDIRECTION((1.,0.,0.));
#2162=IFCAXIS2PLACEMENT3D(#2159,#2160,#2161);
#2163=IFCDIRECTION((0.,0.,1.));
#2164=IFCEXTRUDEDAREASOLID(#2158,#2162,#2163,0.6000000000000001);
#2165=IFCSHAPEREPRESENTATION(#12,'Body','SweptSolid',(#2164));
#2166=IFCPRODUCTDEFINITIONSHAPE($,$,(#2165));
#2167=IFCSTYLEDITEM(#2164,(#39),'Concreto armado');
#2168=IFCCARTESIANPOINT((-0.4,7.1,-1.1));
#2169=IFCDIRECTION((0.,0.,1.));
#2170=IFCDIRECTION((1.,0.,0.));
#2171=IFCAXIS2PLACEMENT3D(#2168,#2169,#2170);
#2172=IFCLOCALPLACEMENT(#33,#2171);
#2173=IFCFOOTING('000DIX001008000000002J',$,'Sapata P(4;7.5)',$,$,#2195,#2189,$,.PAD_FOOTING.);
#2179=IFCCARTESIANPOINTLIST2D(((0.,0.),(0.8000000000000003,0.),(0.8000000000000003,0.8000000000000007),(0.,0.8000000000000007)));
#2180=IFCINDEXEDPOLYCURVE(#2179,(IFCLINEINDEX((1,2,3,4,1))),$);
#2181=IFCARBITRARYCLOSEDPROFILEDEF(.AREA.,$,#2180);
#2182=IFCCARTESIANPOINT((0.,0.,0.));
#2183=IFCDIRECTION((0.,0.,1.));
#2184=IFCDIRECTION((1.,0.,0.));
#2185=IFCAXIS2PLACEMENT3D(#2182,#2183,#2184);
#2186=IFCDIRECTION((0.,0.,1.));
#2187=IFCEXTRUDEDAREASOLID(#2181,#2185,#2186,0.6000000000000001);
#2188=IFCSHAPEREPRESENTATION(#12,'Body','SweptSolid',(#2187));
#2189=IFCPRODUCTDEFINITIONSHAPE($,$,(#2188));
#2190=IFCSTYLEDITEM(#2187,(#39),'Concreto armado');
#2191=IFCCARTESIANPOINT((3.6,7.1,-1.1));
#2192=IFCDIRECTION((0.,0.,1.));
#2193=IFCDIRECTION((1.,0.,0.));
#2194=IFCAXIS2PLACEMENT3D(#2191,#2192,#2193);
#2195=IFCLOCALPLACEMENT(#33,#2194);
#2196=IFCFOOTING('000DIX001008000000002K',$,'Sapata P(6;7.5)',$,$,#2218,#2212,$,.PAD_FOOTING.);
#2202=IFCCARTESIANPOINTLIST2D(((0.,0.),(0.8000000000000007,0.),(0.8000000000000007,0.8000000000000007),(0.,0.8000000000000007)));
#2203=IFCINDEXEDPOLYCURVE(#2202,(IFCLINEINDEX((1,2,3,4,1))),$);
#2204=IFCARBITRARYCLOSEDPROFILEDEF(.AREA.,$,#2203);
#2205=IFCCARTESIANPOINT((0.,0.,0.));
#2206=IFCDIRECTION((0.,0.,1.));
#2207=IFCDIRECTION((1.,0.,0.));
#2208=IFCAXIS2PLACEMENT3D(#2205,#2206,#2207);
#2209=IFCDIRECTION((0.,0.,1.));
#2210=IFCEXTRUDEDAREASOLID(#2204,#2208,#2209,0.6000000000000001);
#2211=IFCSHAPEREPRESENTATION(#12,'Body','SweptSolid',(#2210));
#2212=IFCPRODUCTDEFINITIONSHAPE($,$,(#2211));
#2213=IFCSTYLEDITEM(#2210,(#39),'Concreto armado');
#2214=IFCCARTESIANPOINT((5.6,7.1,-1.1));
#2215=IFCDIRECTION((0.,0.,1.));
#2216=IFCDIRECTION((1.,0.,0.));
#2217=IFCAXIS2PLACEMENT3D(#2214,#2215,#2216);
#2218=IFCLOCALPLACEMENT(#33,#2217);
#2219=IFCFOOTING('000DIX001008000000002L',$,'Sapata P(10;7.5)',$,$,#2241,#2235,$,.PAD_FOOTING.);
#2225=IFCCARTESIANPOINTLIST2D(((0.,0.),(0.8000000000000007,0.),(0.8000000000000007,0.8000000000000007),(0.,0.8000000000000007)));
#2226=IFCINDEXEDPOLYCURVE(#2225,(IFCLINEINDEX((1,2,3,4,1))),$);
#2227=IFCARBITRARYCLOSEDPROFILEDEF(.AREA.,$,#2226);
#2228=IFCCARTESIANPOINT((0.,0.,0.));
#2229=IFCDIRECTION((0.,0.,1.));
#2230=IFCDIRECTION((1.,0.,0.));
#2231=IFCAXIS2PLACEMENT3D(#2228,#2229,#2230);
#2232=IFCDIRECTION((0.,0.,1.));
#2233=IFCEXTRUDEDAREASOLID(#2227,#2231,#2232,0.6000000000000001);
#2234=IFCSHAPEREPRESENTATION(#12,'Body','SweptSolid',(#2233));
#2235=IFCPRODUCTDEFINITIONSHAPE($,$,(#2234));
#2236=IFCSTYLEDITEM(#2233,(#39),'Concreto armado');
#2237=IFCCARTESIANPOINT((9.6,7.1,-1.1));
#2238=IFCDIRECTION((0.,0.,1.));
#2239=IFCDIRECTION((1.,0.,0.));
#2240=IFCAXIS2PLACEMENT3D(#2237,#2238,#2239);
#2241=IFCLOCALPLACEMENT(#33,#2240);
#2242=IFCFOOTING('000DIX001008000000002M',$,'Sapata P(0;13.5)',$,$,#2264,#2258,$,.PAD_FOOTING.);
#2248=IFCCARTESIANPOINTLIST2D(((0.,0.),(0.8,0.),(0.8,0.8000000000000007),(0.,0.8000000000000007)));
#2249=IFCINDEXEDPOLYCURVE(#2248,(IFCLINEINDEX((1,2,3,4,1))),$);
#2250=IFCARBITRARYCLOSEDPROFILEDEF(.AREA.,$,#2249);
#2251=IFCCARTESIANPOINT((0.,0.,0.));
#2252=IFCDIRECTION((0.,0.,1.));
#2253=IFCDIRECTION((1.,0.,0.));
#2254=IFCAXIS2PLACEMENT3D(#2251,#2252,#2253);
#2255=IFCDIRECTION((0.,0.,1.));
#2256=IFCEXTRUDEDAREASOLID(#2250,#2254,#2255,0.6000000000000001);
#2257=IFCSHAPEREPRESENTATION(#12,'Body','SweptSolid',(#2256));
#2258=IFCPRODUCTDEFINITIONSHAPE($,$,(#2257));
#2259=IFCSTYLEDITEM(#2256,(#39),'Concreto armado');
#2260=IFCCARTESIANPOINT((-0.4,13.1,-1.1));
#2261=IFCDIRECTION((0.,0.,1.));
#2262=IFCDIRECTION((1.,0.,0.));
#2263=IFCAXIS2PLACEMENT3D(#2260,#2261,#2262);
#2264=IFCLOCALPLACEMENT(#33,#2263);
#2265=IFCFOOTING('000DIX001008000000002N',$,'Sapata P(4;13.5)',$,$,#2287,#2281,$,.PAD_FOOTING.);
#2271=IFCCARTESIANPOINTLIST2D(((0.,0.),(0.8000000000000003,0.),(0.8000000000000003,0.8000000000000007),(0.,0.8000000000000007)));
#2272=IFCINDEXEDPOLYCURVE(#2271,(IFCLINEINDEX((1,2,3,4,1))),$);
#2273=IFCARBITRARYCLOSEDPROFILEDEF(.AREA.,$,#2272);
#2274=IFCCARTESIANPOINT((0.,0.,0.));
#2275=IFCDIRECTION((0.,0.,1.));
#2276=IFCDIRECTION((1.,0.,0.));
#2277=IFCAXIS2PLACEMENT3D(#2274,#2275,#2276);
#2278=IFCDIRECTION((0.,0.,1.));
#2279=IFCEXTRUDEDAREASOLID(#2273,#2277,#2278,0.6000000000000001);
#2280=IFCSHAPEREPRESENTATION(#12,'Body','SweptSolid',(#2279));
#2281=IFCPRODUCTDEFINITIONSHAPE($,$,(#2280));
#2282=IFCSTYLEDITEM(#2279,(#39),'Concreto armado');
#2283=IFCCARTESIANPOINT((3.6,13.1,-1.1));
#2284=IFCDIRECTION((0.,0.,1.));
#2285=IFCDIRECTION((1.,0.,0.));
#2286=IFCAXIS2PLACEMENT3D(#2283,#2284,#2285);
#2287=IFCLOCALPLACEMENT(#33,#2286);
#2288=IFCFOOTING('000DIX001008000000002O',$,'Sapata P(6;13.5)',$,$,#2310,#2304,$,.PAD_FOOTING.);
#2294=IFCCARTESIANPOINTLIST2D(((0.,0.),(0.8000000000000007,0.),(0.8000000000000007,0.8000000000000007),(0.,0.8000000000000007)));
#2295=IFCINDEXEDPOLYCURVE(#2294,(IFCLINEINDEX((1,2,3,4,1))),$);
#2296=IFCARBITRARYCLOSEDPROFILEDEF(.AREA.,$,#2295);
#2297=IFCCARTESIANPOINT((0.,0.,0.));
#2298=IFCDIRECTION((0.,0.,1.));
#2299=IFCDIRECTION((1.,0.,0.));
#2300=IFCAXIS2PLACEMENT3D(#2297,#2298,#2299);
#2301=IFCDIRECTION((0.,0.,1.));
#2302=IFCEXTRUDEDAREASOLID(#2296,#2300,#2301,0.6000000000000001);
#2303=IFCSHAPEREPRESENTATION(#12,'Body','SweptSolid',(#2302));
#2304=IFCPRODUCTDEFINITIONSHAPE($,$,(#2303));
#2305=IFCSTYLEDITEM(#2302,(#39),'Concreto armado');
#2306=IFCCARTESIANPOINT((5.6,13.1,-1.1));
#2307=IFCDIRECTION((0.,0.,1.));
#2308=IFCDIRECTION((1.,0.,0.));
#2309=IFCAXIS2PLACEMENT3D(#2306,#2307,#2308);
#2310=IFCLOCALPLACEMENT(#33,#2309);
#2311=IFCFOOTING('000DIX001008000000002P',$,'Sapata P(10;13.5)',$,$,#2333,#2327,$,.PAD_FOOTING.);
#2317=IFCCARTESIANPOINTLIST2D(((0.,0.),(0.8000000000000007,0.),(0.8000000000000007,0.8000000000000007),(0.,0.8000000000000007)));
#2318=IFCINDEXEDPOLYCURVE(#2317,(IFCLINEINDEX((1,2,3,4,1))),$);
#2319=IFCARBITRARYCLOSEDPROFILEDEF(.AREA.,$,#2318);
#2320=IFCCARTESIANPOINT((0.,0.,0.));
#2321=IFCDIRECTION((0.,0.,1.));
#2322=IFCDIRECTION((1.,0.,0.));
#2323=IFCAXIS2PLACEMENT3D(#2320,#2321,#2322);
#2324=IFCDIRECTION((0.,0.,1.));
#2325=IFCEXTRUDEDAREASOLID(#2319,#2323,#2324,0.6000000000000001);
#2326=IFCSHAPEREPRESENTATION(#12,'Body','SweptSolid',(#2325));
#2327=IFCPRODUCTDEFINITIONSHAPE($,$,(#2326));
#2328=IFCSTYLEDITEM(#2325,(#39),'Concreto armado');
#2329=IFCCARTESIANPOINT((9.6,13.1,-1.1));
#2330=IFCDIRECTION((0.,0.,1.));
#2331=IFCDIRECTION((1.,0.,0.));
#2332=IFCAXIS2PLACEMENT3D(#2329,#2330,#2331);
#2333=IFCLOCALPLACEMENT(#33,#2332);
#2334=IFCFOOTING('000DIX001008000000002Q',$,'Sapata P(0;18)',$,$,#2356,#2350,$,.PAD_FOOTING.);
#2340=IFCCARTESIANPOINTLIST2D(((0.,0.),(0.8,0.),(0.8,0.7999999999999972),(0.,0.7999999999999972)));
#2341=IFCINDEXEDPOLYCURVE(#2340,(IFCLINEINDEX((1,2,3,4,1))),$);
#2342=IFCARBITRARYCLOSEDPROFILEDEF(.AREA.,$,#2341);
#2343=IFCCARTESIANPOINT((0.,0.,0.));
#2344=IFCDIRECTION((0.,0.,1.));
#2345=IFCDIRECTION((1.,0.,0.));
#2346=IFCAXIS2PLACEMENT3D(#2343,#2344,#2345);
#2347=IFCDIRECTION((0.,0.,1.));
#2348=IFCEXTRUDEDAREASOLID(#2342,#2346,#2347,0.6000000000000001);
#2349=IFCSHAPEREPRESENTATION(#12,'Body','SweptSolid',(#2348));
#2350=IFCPRODUCTDEFINITIONSHAPE($,$,(#2349));
#2351=IFCSTYLEDITEM(#2348,(#39),'Concreto armado');
#2352=IFCCARTESIANPOINT((-0.4,17.6,-1.1));
#2353=IFCDIRECTION((0.,0.,1.));
#2354=IFCDIRECTION((1.,0.,0.));
#2355=IFCAXIS2PLACEMENT3D(#2352,#2353,#2354);
#2356=IFCLOCALPLACEMENT(#33,#2355);
#2357=IFCFOOTING('000DIX001008000000002R',$,'Sapata P(6;18)',$,$,#2379,#2373,$,.PAD_FOOTING.);
#2363=IFCCARTESIANPOINTLIST2D(((0.,0.),(0.8000000000000007,0.),(0.8000000000000007,0.7999999999999972),(0.,0.7999999999999972)));
#2364=IFCINDEXEDPOLYCURVE(#2363,(IFCLINEINDEX((1,2,3,4,1))),$);
#2365=IFCARBITRARYCLOSEDPROFILEDEF(.AREA.,$,#2364);
#2366=IFCCARTESIANPOINT((0.,0.,0.));
#2367=IFCDIRECTION((0.,0.,1.));
#2368=IFCDIRECTION((1.,0.,0.));
#2369=IFCAXIS2PLACEMENT3D(#2366,#2367,#2368);
#2370=IFCDIRECTION((0.,0.,1.));
#2371=IFCEXTRUDEDAREASOLID(#2365,#2369,#2370,0.6000000000000001);
#2372=IFCSHAPEREPRESENTATION(#12,'Body','SweptSolid',(#2371));
#2373=IFCPRODUCTDEFINITIONSHAPE($,$,(#2372));
#2374=IFCSTYLEDITEM(#2371,(#39),'Concreto armado');
#2375=IFCCARTESIANPOINT((5.6,17.6,-1.1));
#2376=IFCDIRECTION((0.,0.,1.));
#2377=IFCDIRECTION((1.,0.,0.));
#2378=IFCAXIS2PLACEMENT3D(#2375,#2376,#2377);
#2379=IFCLOCALPLACEMENT(#33,#2378);
#2380=IFCFOOTING('000DIX001008000000002S',$,'Sapata P(10;18)',$,$,#2402,#2396,$,.PAD_FOOTING.);
#2386=IFCCARTESIANPOINTLIST2D(((0.,0.),(0.8000000000000007,0.),(0.8000000000000007,0.7999999999999972),(0.,0.7999999999999972)));
#2387=IFCINDEXEDPOLYCURVE(#2386,(IFCLINEINDEX((1,2,3,4,1))),$);
#2388=IFCARBITRARYCLOSEDPROFILEDEF(.AREA.,$,#2387);
#2389=IFCCARTESIANPOINT((0.,0.,0.));
#2390=IFCDIRECTION((0.,0.,1.));
#2391=IFCDIRECTION((1.,0.,0.));
#2392=IFCAXIS2PLACEMENT3D(#2389,#2390,#2391);
#2393=IFCDIRECTION((0.,0.,1.));
#2394=IFCEXTRUDEDAREASOLID(#2388,#2392,#2393,0.6000000000000001);
#2395=IFCSHAPEREPRESENTATION(#12,'Body','SweptSolid',(#2394));
#2396=IFCPRODUCTDEFINITIONSHAPE($,$,(#2395));
#2397=IFCSTYLEDITEM(#2394,(#39),'Concreto armado');
#2398=IFCCARTESIANPOINT((9.6,17.6,-1.1));
#2399=IFCDIRECTION((0.,0.,1.));
#2400=IFCDIRECTION((1.,0.,0.));
#2401=IFCAXIS2PLACEMENT3D(#2398,#2399,#2400);
#2402=IFCLOCALPLACEMENT(#33,#2401);
#2403=IFCSLAB('000DIX001008000000002T',$,'Contrapiso',$,$,#2425,#2419,$,.BASESLAB.);
#2409=IFCCARTESIANPOINTLIST2D(((0.,0.),(10.149999999999999,0.),(10.149999999999999,18.15),(0.,18.15)));
#2410=IFCINDEXEDPOLYCURVE(#2409,(IFCLINEINDEX((1,2,3,4,1))),$);
#2411=IFCARBITRARYCLOSEDPROFILEDEF(.AREA.,$,#2410);
#2412=IFCCARTESIANPOINT((0.,0.,0.));
#2413=IFCDIRECTION((0.,0.,1.));
#2414=IFCDIRECTION((1.,0.,0.));
#2415=IFCAXIS2PLACEMENT3D(#2412,#2413,#2414);
#2416=IFCDIRECTION((0.,0.,1.));
#2417=IFCEXTRUDEDAREASOLID(#2411,#2415,#2416,0.1);
#2418=IFCSHAPEREPRESENTATION(#12,'Body','SweptSolid',(#2417));
#2419=IFCPRODUCTDEFINITIONSHAPE($,$,(#2418));
#2420=IFCSTYLEDITEM(#2417,(#39),'Concreto armado');
#2421=IFCCARTESIANPOINT((-0.075,-0.075,-0.1));
#2422=IFCDIRECTION((0.,0.,1.));
#2423=IFCDIRECTION((1.,0.,0.));
#2424=IFCAXIS2PLACEMENT3D(#2421,#2422,#2423);
#2425=IFCLOCALPLACEMENT(#33,#2424);
#2426=IFCCOLUMN('000DIX001008000000002U',$,'Pilar P(0;0)',$,$,#2448,#2442,$,.COLUMN.);
#2432=IFCCARTESIANPOINTLIST2D(((0.,0.),(0.2,0.),(0.2,0.2),(0.,0.2)));
#2433=IFCINDEXEDPOLYCURVE(#2432,(IFCLINEINDEX((1,2,3,4,1))),$);
#2434=IFCARBITRARYCLOSEDPROFILEDEF(.AREA.,$,#2433);
#2435=IFCCARTESIANPOINT((0.,0.,0.));
#2436=IFCDIRECTION((0.,0.,1.));
#2437=IFCDIRECTION((1.,0.,0.));
#2438=IFCAXIS2PLACEMENT3D(#2435,#2436,#2437);
#2439=IFCDIRECTION((0.,0.,1.));
#2440=IFCEXTRUDEDAREASOLID(#2434,#2438,#2439,2.8);
#2441=IFCSHAPEREPRESENTATION(#12,'Body','SweptSolid',(#2440));
#2442=IFCPRODUCTDEFINITIONSHAPE($,$,(#2441));
#2443=IFCSTYLEDITEM(#2440,(#39),'Concreto armado');
#2444=IFCCARTESIANPOINT((-0.1,-0.1,0.));
#2445=IFCDIRECTION((0.,0.,1.));
#2446=IFCDIRECTION((1.,0.,0.));
#2447=IFCAXIS2PLACEMENT3D(#2444,#2445,#2446);
#2448=IFCLOCALPLACEMENT(#33,#2447);
#2449=IFCCOLUMN('000DIX001008000000002V',$,'Pilar P(4;0)',$,$,#2471,#2465,$,.COLUMN.);
#2455=IFCCARTESIANPOINTLIST2D(((0.,0.),(0.19999999999999973,0.),(0.19999999999999973,0.2),(0.,0.2)));
#2456=IFCINDEXEDPOLYCURVE(#2455,(IFCLINEINDEX((1,2,3,4,1))),$);
#2457=IFCARBITRARYCLOSEDPROFILEDEF(.AREA.,$,#2456);
#2458=IFCCARTESIANPOINT((0.,0.,0.));
#2459=IFCDIRECTION((0.,0.,1.));
#2460=IFCDIRECTION((1.,0.,0.));
#2461=IFCAXIS2PLACEMENT3D(#2458,#2459,#2460);
#2462=IFCDIRECTION((0.,0.,1.));
#2463=IFCEXTRUDEDAREASOLID(#2457,#2461,#2462,2.8);
#2464=IFCSHAPEREPRESENTATION(#12,'Body','SweptSolid',(#2463));
#2465=IFCPRODUCTDEFINITIONSHAPE($,$,(#2464));
#2466=IFCSTYLEDITEM(#2463,(#39),'Concreto armado');
#2467=IFCCARTESIANPOINT((3.9,-0.1,0.));
#2468=IFCDIRECTION((0.,0.,1.));
#2469=IFCDIRECTION((1.,0.,0.));
#2470=IFCAXIS2PLACEMENT3D(#2467,#2468,#2469);
#2471=IFCLOCALPLACEMENT(#33,#2470);
#2472=IFCCOLUMN('000DIX001008000000002W',$,'Pilar P(6;0)',$,$,#2494,#2488,$,.COLUMN.);
#2478=IFCCARTESIANPOINTLIST2D(((0.,0.),(0.1999999999999993,0.),(0.1999999999999993,0.2),(0.,0.2)));
#2479=IFCINDEXEDPOLYCURVE(#2478,(IFCLINEINDEX((1,2,3,4,1))),$);
#2480=IFCARBITRARYCLOSEDPROFILEDEF(.AREA.,$,#2479);
#2481=IFCCARTESIANPOINT((0.,0.,0.));
#2482=IFCDIRECTION((0.,0.,1.));
#2483=IFCDIRECTION((1.,0.,0.));
#2484=IFCAXIS2PLACEMENT3D(#2481,#2482,#2483);
#2485=IFCDIRECTION((0.,0.,1.));
#2486=IFCEXTRUDEDAREASOLID(#2480,#2484,#2485,2.8);
#2487=IFCSHAPEREPRESENTATION(#12,'Body','SweptSolid',(#2486));
#2488=IFCPRODUCTDEFINITIONSHAPE($,$,(#2487));
#2489=IFCSTYLEDITEM(#2486,(#39),'Concreto armado');
#2490=IFCCARTESIANPOINT((5.9,-0.1,0.));
#2491=IFCDIRECTION((0.,0.,1.));
#2492=IFCDIRECTION((1.,0.,0.));
#2493=IFCAXIS2PLACEMENT3D(#2490,#2491,#2492);
#2494=IFCLOCALPLACEMENT(#33,#2493);
#2495=IFCCOLUMN('000DIX001008000000002X',$,'Pilar P(10;0)',$,$,#2517,#2511,$,.COLUMN.);
#2501=IFCCARTESIANPOINTLIST2D(((0.,0.),(0.1999999999999993,0.),(0.1999999999999993,0.2),(0.,0.2)));
#2502=IFCINDEXEDPOLYCURVE(#2501,(IFCLINEINDEX((1,2,3,4,1))),$);
#2503=IFCARBITRARYCLOSEDPROFILEDEF(.AREA.,$,#2502);
#2504=IFCCARTESIANPOINT((0.,0.,0.));
#2505=IFCDIRECTION((0.,0.,1.));
#2506=IFCDIRECTION((1.,0.,0.));
#2507=IFCAXIS2PLACEMENT3D(#2504,#2505,#2506);
#2508=IFCDIRECTION((0.,0.,1.));
#2509=IFCEXTRUDEDAREASOLID(#2503,#2507,#2508,2.8);
#2510=IFCSHAPEREPRESENTATION(#12,'Body','SweptSolid',(#2509));
#2511=IFCPRODUCTDEFINITIONSHAPE($,$,(#2510));
#2512=IFCSTYLEDITEM(#2509,(#39),'Concreto armado');
#2513=IFCCARTESIANPOINT((9.9,-0.1,0.));
#2514=IFCDIRECTION((0.,0.,1.));
#2515=IFCDIRECTION((1.,0.,0.));
#2516=IFCAXIS2PLACEMENT3D(#2513,#2514,#2515);
#2517=IFCLOCALPLACEMENT(#33,#2516);
#2518=IFCCOLUMN('000DIX001008000000002Y',$,'Pilar P(0;5)',$,$,#2540,#2534,$,.COLUMN.);
#2524=IFCCARTESIANPOINTLIST2D(((0.,0.),(0.2,0.),(0.2,0.1999999999999993),(0.,0.1999999999999993)));
#2525=IFCINDEXEDPOLYCURVE(#2524,(IFCLINEINDEX((1,2,3,4,1))),$);
#2526=IFCARBITRARYCLOSEDPROFILEDEF(.AREA.,$,#2525);
#2527=IFCCARTESIANPOINT((0.,0.,0.));
#2528=IFCDIRECTION((0.,0.,1.));
#2529=IFCDIRECTION((1.,0.,0.));
#2530=IFCAXIS2PLACEMENT3D(#2527,#2528,#2529);
#2531=IFCDIRECTION((0.,0.,1.));
#2532=IFCEXTRUDEDAREASOLID(#2526,#2530,#2531,2.8);
#2533=IFCSHAPEREPRESENTATION(#12,'Body','SweptSolid',(#2532));
#2534=IFCPRODUCTDEFINITIONSHAPE($,$,(#2533));
#2535=IFCSTYLEDITEM(#2532,(#39),'Concreto armado');
#2536=IFCCARTESIANPOINT((-0.1,4.9,0.));
#2537=IFCDIRECTION((0.,0.,1.));
#2538=IFCDIRECTION((1.,0.,0.));
#2539=IFCAXIS2PLACEMENT3D(#2536,#2537,#2538);
#2540=IFCLOCALPLACEMENT(#33,#2539);
#2541=IFCCOLUMN('000DIX001008000000002Z',$,'Pilar P(4;5)',$,$,#2563,#2557,$,.COLUMN.);
#2547=IFCCARTESIANPOINTLIST2D(((0.,0.),(0.19999999999999973,0.),(0.19999999999999973,0.1999999999999993),(0.,0.1999999999999993)));
#2548=IFCINDEXEDPOLYCURVE(#2547,(IFCLINEINDEX((1,2,3,4,1))),$);
#2549=IFCARBITRARYCLOSEDPROFILEDEF(.AREA.,$,#2548);
#2550=IFCCARTESIANPOINT((0.,0.,0.));
#2551=IFCDIRECTION((0.,0.,1.));
#2552=IFCDIRECTION((1.,0.,0.));
#2553=IFCAXIS2PLACEMENT3D(#2550,#2551,#2552);
#2554=IFCDIRECTION((0.,0.,1.));
#2555=IFCEXTRUDEDAREASOLID(#2549,#2553,#2554,2.8);
#2556=IFCSHAPEREPRESENTATION(#12,'Body','SweptSolid',(#2555));
#2557=IFCPRODUCTDEFINITIONSHAPE($,$,(#2556));
#2558=IFCSTYLEDITEM(#2555,(#39),'Concreto armado');
#2559=IFCCARTESIANPOINT((3.9,4.9,0.));
#2560=IFCDIRECTION((0.,0.,1.));
#2561=IFCDIRECTION((1.,0.,0.));
#2562=IFCAXIS2PLACEMENT3D(#2559,#2560,#2561);
#2563=IFCLOCALPLACEMENT(#33,#2562);
#2564=IFCCOLUMN('000DIX001008000000002a',$,'Pilar P(6;5)',$,$,#2586,#2580,$,.COLUMN.);
#2570=IFCCARTESIANPOINTLIST2D(((0.,0.),(0.1999999999999993,0.),(0.1999999999999993,0.1999999999999993),(0.,0.1999999999999993)));
#2571=IFCINDEXEDPOLYCURVE(#2570,(IFCLINEINDEX((1,2,3,4,1))),$);
#2572=IFCARBITRARYCLOSEDPROFILEDEF(.AREA.,$,#2571);
#2573=IFCCARTESIANPOINT((0.,0.,0.));
#2574=IFCDIRECTION((0.,0.,1.));
#2575=IFCDIRECTION((1.,0.,0.));
#2576=IFCAXIS2PLACEMENT3D(#2573,#2574,#2575);
#2577=IFCDIRECTION((0.,0.,1.));
#2578=IFCEXTRUDEDAREASOLID(#2572,#2576,#2577,2.8);
#2579=IFCSHAPEREPRESENTATION(#12,'Body','SweptSolid',(#2578));
#2580=IFCPRODUCTDEFINITIONSHAPE($,$,(#2579));
#2581=IFCSTYLEDITEM(#2578,(#39),'Concreto armado');
#2582=IFCCARTESIANPOINT((5.9,4.9,0.));
#2583=IFCDIRECTION((0.,0.,1.));
#2584=IFCDIRECTION((1.,0.,0.));
#2585=IFCAXIS2PLACEMENT3D(#2582,#2583,#2584);
#2586=IFCLOCALPLACEMENT(#33,#2585);
#2587=IFCCOLUMN('000DIX001008000000002b',$,'Pilar P(10;5)',$,$,#2609,#2603,$,.COLUMN.);
#2593=IFCCARTESIANPOINTLIST2D(((0.,0.),(0.1999999999999993,0.),(0.1999999999999993,0.1999999999999993),(0.,0.1999999999999993)));
#2594=IFCINDEXEDPOLYCURVE(#2593,(IFCLINEINDEX((1,2,3,4,1))),$);
#2595=IFCARBITRARYCLOSEDPROFILEDEF(.AREA.,$,#2594);
#2596=IFCCARTESIANPOINT((0.,0.,0.));
#2597=IFCDIRECTION((0.,0.,1.));
#2598=IFCDIRECTION((1.,0.,0.));
#2599=IFCAXIS2PLACEMENT3D(#2596,#2597,#2598);
#2600=IFCDIRECTION((0.,0.,1.));
#2601=IFCEXTRUDEDAREASOLID(#2595,#2599,#2600,2.8);
#2602=IFCSHAPEREPRESENTATION(#12,'Body','SweptSolid',(#2601));
#2603=IFCPRODUCTDEFINITIONSHAPE($,$,(#2602));
#2604=IFCSTYLEDITEM(#2601,(#39),'Concreto armado');
#2605=IFCCARTESIANPOINT((9.9,4.9,0.));
#2606=IFCDIRECTION((0.,0.,1.));
#2607=IFCDIRECTION((1.,0.,0.));
#2608=IFCAXIS2PLACEMENT3D(#2605,#2606,#2607);
#2609=IFCLOCALPLACEMENT(#33,#2608);
#2610=IFCCOLUMN('000DIX001008000000002c',$,'Pilar P(0;7.5)',$,$,#2632,#2626,$,.COLUMN.);
#2616=IFCCARTESIANPOINTLIST2D(((0.,0.),(0.2,0.),(0.2,0.1999999999999993),(0.,0.1999999999999993)));
#2617=IFCINDEXEDPOLYCURVE(#2616,(IFCLINEINDEX((1,2,3,4,1))),$);
#2618=IFCARBITRARYCLOSEDPROFILEDEF(.AREA.,$,#2617);
#2619=IFCCARTESIANPOINT((0.,0.,0.));
#2620=IFCDIRECTION((0.,0.,1.));
#2621=IFCDIRECTION((1.,0.,0.));
#2622=IFCAXIS2PLACEMENT3D(#2619,#2620,#2621);
#2623=IFCDIRECTION((0.,0.,1.));
#2624=IFCEXTRUDEDAREASOLID(#2618,#2622,#2623,5.6);
#2625=IFCSHAPEREPRESENTATION(#12,'Body','SweptSolid',(#2624));
#2626=IFCPRODUCTDEFINITIONSHAPE($,$,(#2625));
#2627=IFCSTYLEDITEM(#2624,(#39),'Concreto armado');
#2628=IFCCARTESIANPOINT((-0.1,7.4,0.));
#2629=IFCDIRECTION((0.,0.,1.));
#2630=IFCDIRECTION((1.,0.,0.));
#2631=IFCAXIS2PLACEMENT3D(#2628,#2629,#2630);
#2632=IFCLOCALPLACEMENT(#33,#2631);
#2633=IFCCOLUMN('000DIX001008000000002d',$,'Pilar P(4;7.5)',$,$,#2655,#2649,$,.COLUMN.);
#2639=IFCCARTESIANPOINTLIST2D(((0.,0.),(0.19999999999999973,0.),(0.19999999999999973,0.1999999999999993),(0.,0.1999999999999993)));
#2640=IFCINDEXEDPOLYCURVE(#2639,(IFCLINEINDEX((1,2,3,4,1))),$);
#2641=IFCARBITRARYCLOSEDPROFILEDEF(.AREA.,$,#2640);
#2642=IFCCARTESIANPOINT((0.,0.,0.));
#2643=IFCDIRECTION((0.,0.,1.));
#2644=IFCDIRECTION((1.,0.,0.));
#2645=IFCAXIS2PLACEMENT3D(#2642,#2643,#2644);
#2646=IFCDIRECTION((0.,0.,1.));
#2647=IFCEXTRUDEDAREASOLID(#2641,#2645,#2646,5.6);
#2648=IFCSHAPEREPRESENTATION(#12,'Body','SweptSolid',(#2647));
#2649=IFCPRODUCTDEFINITIONSHAPE($,$,(#2648));
#2650=IFCSTYLEDITEM(#2647,(#39),'Concreto armado');
#2651=IFCCARTESIANPOINT((3.9,7.4,0.));
#2652=IFCDIRECTION((0.,0.,1.));
#2653=IFCDIRECTION((1.,0.,0.));
#2654=IFCAXIS2PLACEMENT3D(#2651,#2652,#2653);
#2655=IFCLOCALPLACEMENT(#33,#2654);
#2656=IFCCOLUMN('000DIX001008000000002e',$,'Pilar P(6;7.5)',$,$,#2678,#2672,$,.COLUMN.);
#2662=IFCCARTESIANPOINTLIST2D(((0.,0.),(0.1999999999999993,0.),(0.1999999999999993,0.1999999999999993),(0.,0.1999999999999993)));
#2663=IFCINDEXEDPOLYCURVE(#2662,(IFCLINEINDEX((1,2,3,4,1))),$);
#2664=IFCARBITRARYCLOSEDPROFILEDEF(.AREA.,$,#2663);
#2665=IFCCARTESIANPOINT((0.,0.,0.));
#2666=IFCDIRECTION((0.,0.,1.));
#2667=IFCDIRECTION((1.,0.,0.));
#2668=IFCAXIS2PLACEMENT3D(#2665,#2666,#2667);
#2669=IFCDIRECTION((0.,0.,1.));
#2670=IFCEXTRUDEDAREASOLID(#2664,#2668,#2669,5.6);
#2671=IFCSHAPEREPRESENTATION(#12,'Body','SweptSolid',(#2670));
#2672=IFCPRODUCTDEFINITIONSHAPE($,$,(#2671));
#2673=IFCSTYLEDITEM(#2670,(#39),'Concreto armado');
#2674=IFCCARTESIANPOINT((5.9,7.4,0.));
#2675=IFCDIRECTION((0.,0.,1.));
#2676=IFCDIRECTION((1.,0.,0.));
#2677=IFCAXIS2PLACEMENT3D(#2674,#2675,#2676);
#2678=IFCLOCALPLACEMENT(#33,#2677);
#2679=IFCCOLUMN('000DIX001008000000002f',$,'Pilar P(10;7.5)',$,$,#2701,#2695,$,.COLUMN.);
#2685=IFCCARTESIANPOINTLIST2D(((0.,0.),(0.1999999999999993,0.),(0.1999999999999993,0.1999999999999993),(0.,0.1999999999999993)));
#2686=IFCINDEXEDPOLYCURVE(#2685,(IFCLINEINDEX((1,2,3,4,1))),$);
#2687=IFCARBITRARYCLOSEDPROFILEDEF(.AREA.,$,#2686);
#2688=IFCCARTESIANPOINT((0.,0.,0.));
#2689=IFCDIRECTION((0.,0.,1.));
#2690=IFCDIRECTION((1.,0.,0.));
#2691=IFCAXIS2PLACEMENT3D(#2688,#2689,#2690);
#2692=IFCDIRECTION((0.,0.,1.));
#2693=IFCEXTRUDEDAREASOLID(#2687,#2691,#2692,5.6);
#2694=IFCSHAPEREPRESENTATION(#12,'Body','SweptSolid',(#2693));
#2695=IFCPRODUCTDEFINITIONSHAPE($,$,(#2694));
#2696=IFCSTYLEDITEM(#2693,(#39),'Concreto armado');
#2697=IFCCARTESIANPOINT((9.9,7.4,0.));
#2698=IFCDIRECTION((0.,0.,1.));
#2699=IFCDIRECTION((1.,0.,0.));
#2700=IFCAXIS2PLACEMENT3D(#2697,#2698,#2699);
#2701=IFCLOCALPLACEMENT(#33,#2700);
#2702=IFCCOLUMN('000DIX001008000000002g',$,'Pilar P(0;13.5)',$,$,#2724,#2718,$,.COLUMN.);
#2708=IFCCARTESIANPOINTLIST2D(((0.,0.),(0.2,0.),(0.2,0.1999999999999993),(0.,0.1999999999999993)));
#2709=IFCINDEXEDPOLYCURVE(#2708,(IFCLINEINDEX((1,2,3,4,1))),$);
#2710=IFCARBITRARYCLOSEDPROFILEDEF(.AREA.,$,#2709);
#2711=IFCCARTESIANPOINT((0.,0.,0.));
#2712=IFCDIRECTION((0.,0.,1.));
#2713=IFCDIRECTION((1.,0.,0.));
#2714=IFCAXIS2PLACEMENT3D(#2711,#2712,#2713);
#2715=IFCDIRECTION((0.,0.,1.));
#2716=IFCEXTRUDEDAREASOLID(#2710,#2714,#2715,5.6);
#2717=IFCSHAPEREPRESENTATION(#12,'Body','SweptSolid',(#2716));
#2718=IFCPRODUCTDEFINITIONSHAPE($,$,(#2717));
#2719=IFCSTYLEDITEM(#2716,(#39),'Concreto armado');
#2720=IFCCARTESIANPOINT((-0.1,13.4,0.));
#2721=IFCDIRECTION((0.,0.,1.));
#2722=IFCDIRECTION((1.,0.,0.));
#2723=IFCAXIS2PLACEMENT3D(#2720,#2721,#2722);
#2724=IFCLOCALPLACEMENT(#33,#2723);
#2725=IFCCOLUMN('000DIX001008000000002h',$,'Pilar P(4;13.5)',$,$,#2747,#2741,$,.COLUMN.);
#2731=IFCCARTESIANPOINTLIST2D(((0.,0.),(0.19999999999999973,0.),(0.19999999999999973,0.1999999999999993),(0.,0.1999999999999993)));
#2732=IFCINDEXEDPOLYCURVE(#2731,(IFCLINEINDEX((1,2,3,4,1))),$);
#2733=IFCARBITRARYCLOSEDPROFILEDEF(.AREA.,$,#2732);
#2734=IFCCARTESIANPOINT((0.,0.,0.));
#2735=IFCDIRECTION((0.,0.,1.));
#2736=IFCDIRECTION((1.,0.,0.));
#2737=IFCAXIS2PLACEMENT3D(#2734,#2735,#2736);
#2738=IFCDIRECTION((0.,0.,1.));
#2739=IFCEXTRUDEDAREASOLID(#2733,#2737,#2738,5.6);
#2740=IFCSHAPEREPRESENTATION(#12,'Body','SweptSolid',(#2739));
#2741=IFCPRODUCTDEFINITIONSHAPE($,$,(#2740));
#2742=IFCSTYLEDITEM(#2739,(#39),'Concreto armado');
#2743=IFCCARTESIANPOINT((3.9,13.4,0.));
#2744=IFCDIRECTION((0.,0.,1.));
#2745=IFCDIRECTION((1.,0.,0.));
#2746=IFCAXIS2PLACEMENT3D(#2743,#2744,#2745);
#2747=IFCLOCALPLACEMENT(#33,#2746);
#2748=IFCCOLUMN('000DIX001008000000002i',$,'Pilar P(6;13.5)',$,$,#2770,#2764,$,.COLUMN.);
#2754=IFCCARTESIANPOINTLIST2D(((0.,0.),(0.1999999999999993,0.),(0.1999999999999993,0.1999999999999993),(0.,0.1999999999999993)));
#2755=IFCINDEXEDPOLYCURVE(#2754,(IFCLINEINDEX((1,2,3,4,1))),$);
#2756=IFCARBITRARYCLOSEDPROFILEDEF(.AREA.,$,#2755);
#2757=IFCCARTESIANPOINT((0.,0.,0.));
#2758=IFCDIRECTION((0.,0.,1.));
#2759=IFCDIRECTION((1.,0.,0.));
#2760=IFCAXIS2PLACEMENT3D(#2757,#2758,#2759);
#2761=IFCDIRECTION((0.,0.,1.));
#2762=IFCEXTRUDEDAREASOLID(#2756,#2760,#2761,5.6);
#2763=IFCSHAPEREPRESENTATION(#12,'Body','SweptSolid',(#2762));
#2764=IFCPRODUCTDEFINITIONSHAPE($,$,(#2763));
#2765=IFCSTYLEDITEM(#2762,(#39),'Concreto armado');
#2766=IFCCARTESIANPOINT((5.9,13.4,0.));
#2767=IFCDIRECTION((0.,0.,1.));
#2768=IFCDIRECTION((1.,0.,0.));
#2769=IFCAXIS2PLACEMENT3D(#2766,#2767,#2768);
#2770=IFCLOCALPLACEMENT(#33,#2769);
#2771=IFCCOLUMN('000DIX001008000000002j',$,'Pilar P(10;13.5)',$,$,#2793,#2787,$,.COLUMN.);
#2777=IFCCARTESIANPOINTLIST2D(((0.,0.),(0.1999999999999993,0.),(0.1999999999999993,0.1999999999999993),(0.,0.1999999999999993)));
#2778=IFCINDEXEDPOLYCURVE(#2777,(IFCLINEINDEX((1,2,3,4,1))),$);
#2779=IFCARBITRARYCLOSEDPROFILEDEF(.AREA.,$,#2778);
#2780=IFCCARTESIANPOINT((0.,0.,0.));
#2781=IFCDIRECTION((0.,0.,1.));
#2782=IFCDIRECTION((1.,0.,0.));
#2783=IFCAXIS2PLACEMENT3D(#2780,#2781,#2782);
#2784=IFCDIRECTION((0.,0.,1.));
#2785=IFCEXTRUDEDAREASOLID(#2779,#2783,#2784,5.6);
#2786=IFCSHAPEREPRESENTATION(#12,'Body','SweptSolid',(#2785));
#2787=IFCPRODUCTDEFINITIONSHAPE($,$,(#2786));
#2788=IFCSTYLEDITEM(#2785,(#39),'Concreto armado');
#2789=IFCCARTESIANPOINT((9.9,13.4,0.));
#2790=IFCDIRECTION((0.,0.,1.));
#2791=IFCDIRECTION((1.,0.,0.));
#2792=IFCAXIS2PLACEMENT3D(#2789,#2790,#2791);
#2793=IFCLOCALPLACEMENT(#33,#2792);
#2794=IFCCOLUMN('000DIX001008000000002k',$,'Pilar P(0;18)',$,$,#2816,#2810,$,.COLUMN.);
#2800=IFCCARTESIANPOINTLIST2D(((0.,0.),(0.2,0.),(0.2,0.20000000000000284),(0.,0.20000000000000284)));
#2801=IFCINDEXEDPOLYCURVE(#2800,(IFCLINEINDEX((1,2,3,4,1))),$);
#2802=IFCARBITRARYCLOSEDPROFILEDEF(.AREA.,$,#2801);
#2803=IFCCARTESIANPOINT((0.,0.,0.));
#2804=IFCDIRECTION((0.,0.,1.));
#2805=IFCDIRECTION((1.,0.,0.));
#2806=IFCAXIS2PLACEMENT3D(#2803,#2804,#2805);
#2807=IFCDIRECTION((0.,0.,1.));
#2808=IFCEXTRUDEDAREASOLID(#2802,#2806,#2807,2.8);
#2809=IFCSHAPEREPRESENTATION(#12,'Body','SweptSolid',(#2808));
#2810=IFCPRODUCTDEFINITIONSHAPE($,$,(#2809));
#2811=IFCSTYLEDITEM(#2808,(#39),'Concreto armado');
#2812=IFCCARTESIANPOINT((-0.1,17.9,0.));
#2813=IFCDIRECTION((0.,0.,1.));
#2814=IFCDIRECTION((1.,0.,0.));
#2815=IFCAXIS2PLACEMENT3D(#2812,#2813,#2814);
#2816=IFCLOCALPLACEMENT(#33,#2815);
#2817=IFCCOLUMN('000DIX001008000000002l',$,'Pilar P(6;18)',$,$,#2839,#2833,$,.COLUMN.);
#2823=IFCCARTESIANPOINTLIST2D(((0.,0.),(0.1999999999999993,0.),(0.1999999999999993,0.20000000000000284),(0.,0.20000000000000284)));
#2824=IFCINDEXEDPOLYCURVE(#2823,(IFCLINEINDEX((1,2,3,4,1))),$);
#2825=IFCARBITRARYCLOSEDPROFILEDEF(.AREA.,$,#2824);
#2826=IFCCARTESIANPOINT((0.,0.,0.));
#2827=IFCDIRECTION((0.,0.,1.));
#2828=IFCDIRECTION((1.,0.,0.));
#2829=IFCAXIS2PLACEMENT3D(#2826,#2827,#2828);
#2830=IFCDIRECTION((0.,0.,1.));
#2831=IFCEXTRUDEDAREASOLID(#2825,#2829,#2830,2.8);
#2832=IFCSHAPEREPRESENTATION(#12,'Body','SweptSolid',(#2831));
#2833=IFCPRODUCTDEFINITIONSHAPE($,$,(#2832));
#2834=IFCSTYLEDITEM(#2831,(#39),'Concreto armado');
#2835=IFCCARTESIANPOINT((5.9,17.9,0.));
#2836=IFCDIRECTION((0.,0.,1.));
#2837=IFCDIRECTION((1.,0.,0.));
#2838=IFCAXIS2PLACEMENT3D(#2835,#2836,#2837);
#2839=IFCLOCALPLACEMENT(#33,#2838);
#2840=IFCCOLUMN('000DIX001008000000002m',$,'Pilar P(10;18)',$,$,#2862,#2856,$,.COLUMN.);
#2846=IFCCARTESIANPOINTLIST2D(((0.,0.),(0.1999999999999993,0.),(0.1999999999999993,0.20000000000000284),(0.,0.20000000000000284)));
#2847=IFCINDEXEDPOLYCURVE(#2846,(IFCLINEINDEX((1,2,3,4,1))),$);
#2848=IFCARBITRARYCLOSEDPROFILEDEF(.AREA.,$,#2847);
#2849=IFCCARTESIANPOINT((0.,0.,0.));
#2850=IFCDIRECTION((0.,0.,1.));
#2851=IFCDIRECTION((1.,0.,0.));
#2852=IFCAXIS2PLACEMENT3D(#2849,#2850,#2851);
#2853=IFCDIRECTION((0.,0.,1.));
#2854=IFCEXTRUDEDAREASOLID(#2848,#2852,#2853,2.8);
#2855=IFCSHAPEREPRESENTATION(#12,'Body','SweptSolid',(#2854));
#2856=IFCPRODUCTDEFINITIONSHAPE($,$,(#2855));
#2857=IFCSTYLEDITEM(#2854,(#39),'Concreto armado');
#2858=IFCCARTESIANPOINT((9.9,17.9,0.));
#2859=IFCDIRECTION((0.,0.,1.));
#2860=IFCDIRECTION((1.,0.,0.));
#2861=IFCAXIS2PLACEMENT3D(#2858,#2859,#2860);
#2862=IFCLOCALPLACEMENT(#33,#2861);
#2863=IFCBEAM('000DIX001008000000002n',$,'Viga: Fachada frontal',$,$,#2885,#2879,$,.BEAM.);
#2869=IFCCARTESIANPOINTLIST2D(((0.,0.),(10.149999999999999,0.),(10.149999999999999,0.15),(0.,0.15)));
#2870=IFCINDEXEDPOLYCURVE(#2869,(IFCLINEINDEX((1,2,3,4,1))),$);
#2871=IFCARBITRARYCLOSEDPROFILEDEF(.AREA.,$,#2870);
#2872=IFCCARTESIANPOINT((0.,0.,0.));
#2873=IFCDIRECTION((0.,0.,1.));
#2874=IFCDIRECTION((1.,0.,0.));
#2875=IFCAXIS2PLACEMENT3D(#2872,#2873,#2874);
#2876=IFCDIRECTION((0.,0.,1.));
#2877=IFCEXTRUDEDAREASOLID(#2871,#2875,#2876,0.3500000000000001);
#2878=IFCSHAPEREPRESENTATION(#12,'Body','SweptSolid',(#2877));
#2879=IFCPRODUCTDEFINITIONSHAPE($,$,(#2878));
#2880=IFCSTYLEDITEM(#2877,(#39),'Concreto armado');
#2881=IFCCARTESIANPOINT((-0.075,-0.075,2.4499999999999997));
#2882=IFCDIRECTION((0.,0.,1.));
#2883=IFCDIRECTION((1.,0.,0.));
#2884=IFCAXIS2PLACEMENT3D(#2881,#2882,#2883);
#2885=IFCLOCALPLACEMENT(#33,#2884);
#2886=IFCBEAM('000DIX001008000000002o',$,'Viga: Fachada dos fundos',$,$,#2908,#2902,$,.BEAM.);
#2892=IFCCARTESIANPOINTLIST2D(((0.,0.),(10.149999999999999,0.),(10.149999999999999,0.14999999999999858),(0.,0.14999999999999858)));
#2893=IFCINDEXEDPOLYCURVE(#2892,(IFCLINEINDEX((1,2,3,4,1))),$);
#2894=IFCARBITRARYCLOSEDPROFILEDEF(.AREA.,$,#2893);
#2895=IFCCARTESIANPOINT((0.,0.,0.));
#2896=IFCDIRECTION((0.,0.,1.));
#2897=IFCDIRECTION((1.,0.,0.));
#2898=IFCAXIS2PLACEMENT3D(#2895,#2896,#2897);
#2899=IFCDIRECTION((0.,0.,1.));
#2900=IFCEXTRUDEDAREASOLID(#2894,#2898,#2899,0.3500000000000001);
#2901=IFCSHAPEREPRESENTATION(#12,'Body','SweptSolid',(#2900));
#2902=IFCPRODUCTDEFINITIONSHAPE($,$,(#2901));
#2903=IFCSTYLEDITEM(#2900,(#39),'Concreto armado');
#2904=IFCCARTESIANPOINT((-0.075,17.925,2.4499999999999997));
#2905=IFCDIRECTION((0.,0.,1.));
#2906=IFCDIRECTION((1.,0.,0.));
#2907=IFCAXIS2PLACEMENT3D(#2904,#2905,#2906);
#2908=IFCLOCALPLACEMENT(#33,#2907);
#2909=IFCBEAM('000DIX001008000000002p',$,'Viga: Lateral oeste, su\X2\00ED\X0\tes',$,$,#2931,#2925,$,.BEAM.);
#2915=IFCCARTESIANPOINTLIST2D(((0.,0.),(0.15,0.),(0.15,7.65),(0.,7.65)));
#2916=IFCINDEXEDPOLYCURVE(#2915,(IFCLINEINDEX((1,2,3,4,1))),$);
#2917=IFCARBITRARYCLOSEDPROFILEDEF(.AREA.,$,#2916);
#2918=IFCCARTESIANPOINT((0.,0.,0.));
#2919=IFCDIRECTION((0.,0.,1.));
#2920=IFCDIRECTION((1.,0.,0.));
#2921=IFCAXIS2PLACEMENT3D(#2918,#2919,#2920);
#2922=IFCDIRECTION((0.,0.,1.));
#2923=IFCEXTRUDEDAREASOLID(#2917,#2921,#2922,0.3500000000000001);
#2924=IFCSHAPEREPRESENTATION(#12,'Body','SweptSolid',(#2923));
#2925=IFCPRODUCTDEFINITIONSHAPE($,$,(#2924));
#2926=IFCSTYLEDITEM(#2923,(#39),'Concreto armado');
#2927=IFCCARTESIANPOINT((-0.075,-0.075,2.4499999999999997));
#2928=IFCDIRECTION((0.,0.,1.));
#2929=IFCDIRECTION((1.,0.,0.));
#2930=IFCAXIS2PLACEMENT3D(#2927,#2928,#2929);
#2931=IFCLOCALPLACEMENT(#33,#2930);
#2932=IFCBEAM('000DIX001008000000002q',$,'Viga: Lateral oeste, sala',$,$,#2954,#2948,$,.BEAM.);
#2938=IFCCARTESIANPOINTLIST2D(((0.,0.),(0.15,0.),(0.15,6.1499999999999995),(0.,6.1499999999999995)));
#2939=IFCINDEXEDPOLYCURVE(#2938,(IFCLINEINDEX((1,2,3,4,1))),$);
#2940=IFCARBITRARYCLOSEDPROFILEDEF(.AREA.,$,#2939);
#2941=IFCCARTESIANPOINT((0.,0.,0.));
#2942=IFCDIRECTION((0.,0.,1.));
#2943=IFCDIRECTION((1.,0.,0.));
#2944=IFCAXIS2PLACEMENT3D(#2941,#2942,#2943);
#2945=IFCDIRECTION((0.,0.,1.));
#2946=IFCEXTRUDEDAREASOLID(#2940,#2944,#2945,0.34999999999999964);
#2947=IFCSHAPEREPRESENTATION(#12,'Body','SweptSolid',(#2946));
#2948=IFCPRODUCTDEFINITIONSHAPE($,$,(#2947));
#2949=IFCSTYLEDITEM(#2946,(#39),'Concreto armado');
#2950=IFCCARTESIANPOINT((-0.075,7.425,5.25));
#2951=IFCDIRECTION((0.,0.,1.));
#2952=IFCDIRECTION((1.,0.,0.));
#2953=IFCAXIS2PLACEMENT3D(#2950,#2951,#2952);
#2954=IFCLOCALPLACEMENT(#33,#2953);
#2955=IFCBEAM('000DIX001008000000002r',$,'Viga: Lateral oeste, cozinha',$,$,#2977,#2971,$,.BEAM.);
#2961=IFCCARTESIANPOINTLIST2D(((0.,0.),(0.15,0.),(0.15,4.649999999999999),(0.,4.649999999999999)));
#2962=IFCINDEXEDPOLYCURVE(#2961,(IFCLINEINDEX((1,2,3,4,1))),$);
#2963=IFCARBITRARYCLOSEDPROFILEDEF(.AREA.,$,#2962);
#2964=IFCCARTESIANPOINT((0.,0.,0.));
#2965=IFCDIRECTION((0.,0.,1.));
#2966=IFCDIRECTION((1.,0.,0.));
#2967=IFCAXIS2PLACEMENT3D(#2964,#2965,#2966);
#2968=IFCDIRECTION((0.,0.,1.));
#2969=IFCEXTRUDEDAREASOLID(#2963,#2967,#2968,0.3500000000000001);
#2970=IFCSHAPEREPRESENTATION(#12,'Body','SweptSolid',(#2969));
#2971=IFCPRODUCTDEFINITIONSHAPE($,$,(#2970));
#2972=IFCSTYLEDITEM(#2969,(#39),'Concreto armado');
#2973=IFCCARTESIANPOINT((-0.075,13.425,2.4499999999999997));
#2974=IFCDIRECTION((0.,0.,1.));
#2975=IFCDIRECTION((1.,0.,0.));
#2976=IFCAXIS2PLACEMENT3D(#2973,#2974,#2975);
#2977=IFCLOCALPLACEMENT(#33,#2976);
#2978=IFCBEAM('000DIX001008000000002s',$,'Viga: Lateral leste, su\X2\00ED\X0\tes',$,$,#3000,#2994,$,.BEAM.);
#2984=IFCCARTESIANPOINTLIST2D(((0.,0.),(0.14999999999999858,0.),(0.14999999999999858,7.65),(0.,7.65)));
#2985=IFCINDEXEDPOLYCURVE(#2984,(IFCLINEINDEX((1,2,3,4,1))),$);
#2986=IFCARBITRARYCLOSEDPROFILEDEF(.AREA.,$,#2985);
#2987=IFCCARTESIANPOINT((0.,0.,0.));
#2988=IFCDIRECTION((0.,0.,1.));
#2989=IFCDIRECTION((1.,0.,0.));
#2990=IFCAXIS2PLACEMENT3D(#2987,#2988,#2989);
#2991=IFCDIRECTION((0.,0.,1.));
#2992=IFCEXTRUDEDAREASOLID(#2986,#2990,#2991,0.3500000000000001);
#2993=IFCSHAPEREPRESENTATION(#12,'Body','SweptSolid',(#2992));
#2994=IFCPRODUCTDEFINITIONSHAPE($,$,(#2993));
#2995=IFCSTYLEDITEM(#2992,(#39),'Concreto armado');
#2996=IFCCARTESIANPOINT((9.925,-0.075,2.4499999999999997));
#2997=IFCDIRECTION((0.,0.,1.));
#2998=IFCDIRECTION((1.,0.,0.));
#2999=IFCAXIS2PLACEMENT3D(#2996,#2997,#2998);
#3000=IFCLOCALPLACEMENT(#33,#2999);
#3001=IFCBEAM('000DIX001008000000002t',$,'Viga: Lateral leste, sala',$,$,#3023,#3017,$,.BEAM.);
#3007=IFCCARTESIANPOINTLIST2D(((0.,0.),(0.14999999999999858,0.),(0.14999999999999858,6.1499999999999995),(0.,6.1499999999999995)));
#3008=IFCINDEXEDPOLYCURVE(#3007,(IFCLINEINDEX((1,2,3,4,1))),$);
#3009=IFCARBITRARYCLOSEDPROFILEDEF(.AREA.,$,#3008);
#3010=IFCCARTESIANPOINT((0.,0.,0.));
#3011=IFCDIRECTION((0.,0.,1.));
#3012=IFCDIRECTION((1.,0.,0.));
#3013=IFCAXIS2PLACEMENT3D(#3010,#3011,#3012);
#3014=IFCDIRECTION((0.,0.,1.));
#3015=IFCEXTRUDEDAREASOLID(#3009,#3013,#3014,0.34999999999999964);
#3016=IFCSHAPEREPRESENTATION(#12,'Body','SweptSolid',(#3015));
#3017=IFCPRODUCTDEFINITIONSHAPE($,$,(#3016));
#3018=IFCSTYLEDITEM(#3015,(#39),'Concreto armado');
#3019=IFCCARTESIANPOINT((9.925,7.425,5.25));
#3020=IFCDIRECTION((0.,0.,1.));
#3021=IFCDIRECTION((1.,0.,0.));
#3022=IFCAXIS2PLACEMENT3D(#3019,#3020,#3021);
#3023=IFCLOCALPLACEMENT(#33,#3022);
#3024=IFCBEAM('000DIX001008000000002u',$,'Viga: Lateral leste, servi\X2\00E7\X0\o',$,$,#3046,#3040,$,.BEAM.);
#3030=IFCCARTESIANPOINTLIST2D(((0.,0.),(0.14999999999999858,0.),(0.14999999999999858,4.649999999999999),(0.,4.649999999999999)));
#3031=IFCINDEXEDPOLYCURVE(#3030,(IFCLINEINDEX((1,2,3,4,1))),$);
#3032=IFCARBITRARYCLOSEDPROFILEDEF(.AREA.,$,#3031);
#3033=IFCCARTESIANPOINT((0.,0.,0.));
#3034=IFCDIRECTION((0.,0.,1.));
#3035=IFCDIRECTION((1.,0.,0.));
#3036=IFCAXIS2PLACEMENT3D(#3033,#3034,#3035);
#3037=IFCDIRECTION((0.,0.,1.));
#3038=IFCEXTRUDEDAREASOLID(#3032,#3036,#3037,0.3500000000000001);
#3039=IFCSHAPEREPRESENTATION(#12,'Body','SweptSolid',(#3038));
#3040=IFCPRODUCTDEFINITIONSHAPE($,$,(#3039));
#3041=IFCSTYLEDITEM(#3038,(#39),'Concreto armado');
#3042=IFCCARTESIANPOINT((9.925,13.425,2.4499999999999997));
#3043=IFCDIRECTION((0.,0.,1.));
#3044=IFCDIRECTION((1.,0.,0.));
#3045=IFCAXIS2PLACEMENT3D(#3042,#3043,#3044);
#3046=IFCLOCALPLACEMENT(#33,#3045);
#3047=IFCBEAM('000DIX001008000000002v',$,'Viga: Sala, frente',$,$,#3069,#3063,$,.BEAM.);
#3053=IFCCARTESIANPOINTLIST2D(((0.,0.),(10.149999999999999,0.),(10.149999999999999,0.15000000000000036),(0.,0.15000000000000036)));
#3054=IFCINDEXEDPOLYCURVE(#3053,(IFCLINEINDEX((1,2,3,4,1))),$);
#3055=IFCARBITRARYCLOSEDPROFILEDEF(.AREA.,$,#3054);
#3056=IFCCARTESIANPOINT((0.,0.,0.));
#3057=IFCDIRECTION((0.,0.,1.));
#3058=IFCDIRECTION((1.,0.,0.));
#3059=IFCAXIS2PLACEMENT3D(#3056,#3057,#3058);
#3060=IFCDIRECTION((0.,0.,1.));
#3061=IFCEXTRUDEDAREASOLID(#3055,#3059,#3060,0.34999999999999964);
#3062=IFCSHAPEREPRESENTATION(#12,'Body','SweptSolid',(#3061));
#3063=IFCPRODUCTDEFINITIONSHAPE($,$,(#3062));
#3064=IFCSTYLEDITEM(#3061,(#39),'Concreto armado');
#3065=IFCCARTESIANPOINT((-0.075,7.425,5.25));
#3066=IFCDIRECTION((0.,0.,1.));
#3067=IFCDIRECTION((1.,0.,0.));
#3068=IFCAXIS2PLACEMENT3D(#3065,#3066,#3067);
#3069=IFCLOCALPLACEMENT(#33,#3068);
#3070=IFCBEAM('000DIX001008000000002w',$,'Viga baixa: Sala, frente',$,$,#3092,#3086,$,.BEAM.);
#3076=IFCCARTESIANPOINTLIST2D(((0.,0.),(10.149999999999999,0.),(10.149999999999999,0.15000000000000036),(0.,0.15000000000000036)));
#3077=IFCINDEXEDPOLYCURVE(#3076,(IFCLINEINDEX((1,2,3,4,1))),$);
#3078=IFCARBITRARYCLOSEDPROFILEDEF(.AREA.,$,#3077);
#3079=IFCCARTESIANPOINT((0.,0.,0.));
#3080=IFCDIRECTION((0.,0.,1.));
#3081=IFCDIRECTION((1.,0.,0.));
#3082=IFCAXIS2PLACEMENT3D(#3079,#3080,#3081);
#3083=IFCDIRECTION((0.,0.,1.));
#3084=IFCEXTRUDEDAREASOLID(#3078,#3082,#3083,0.3500000000000001);
#3085=IFCSHAPEREPRESENTATION(#12,'Body','SweptSolid',(#3084));
#3086=IFCPRODUCTDEFINITIONSHAPE($,$,(#3085));
#3087=IFCSTYLEDITEM(#3084,(#39),'Concreto armado');
#3088=IFCCARTESIANPOINT((-0.075,7.425,2.4499999999999997));
#3089=IFCDIRECTION((0.,0.,1.));
#3090=IFCDIRECTION((1.,0.,0.));
#3091=IFCAXIS2PLACEMENT3D(#3088,#3089,#3090);
#3092=IFCLOCALPLACEMENT(#33,#3091);
#3093=IFCBEAM('000DIX001008000000002x',$,'Viga: Sala, fundo',$,$,#3115,#3109,$,.BEAM.);
#3099=IFCCARTESIANPOINTLIST2D(((0.,0.),(10.149999999999999,0.),(10.149999999999999,0.14999999999999858),(0.,0.14999999999999858)));
#3100=IFCINDEXEDPOLYCURVE(#3099,(IFCLINEINDEX((1,2,3,4,1))),$);
#3101=IFCARBITRARYCLOSEDPROFILEDEF(.AREA.,$,#3100);
#3102=IFCCARTESIANPOINT((0.,0.,0.));
#3103=IFCDIRECTION((0.,0.,1.));
#3104=IFCDIRECTION((1.,0.,0.));
#3105=IFCAXIS2PLACEMENT3D(#3102,#3103,#3104);
#3106=IFCDIRECTION((0.,0.,1.));
#3107=IFCEXTRUDEDAREASOLID(#3101,#3105,#3106,0.34999999999999964);
#3108=IFCSHAPEREPRESENTATION(#12,'Body','SweptSolid',(#3107));
#3109=IFCPRODUCTDEFINITIONSHAPE($,$,(#3108));
#3110=IFCSTYLEDITEM(#3107,(#39),'Concreto armado');
#3111=IFCCARTESIANPOINT((-0.075,13.425,5.25));
#3112=IFCDIRECTION((0.,0.,1.));
#3113=IFCDIRECTION((1.,0.,0.));
#3114=IFCAXIS2PLACEMENT3D(#3111,#3112,#3113);
#3115=IFCLOCALPLACEMENT(#33,#3114);
#3116=IFCBEAM('000DIX001008000000002y',$,'Viga baixa: Sala, fundo',$,$,#3138,#3132,$,.BEAM.);
#3122=IFCCARTESIANPOINTLIST2D(((0.,0.),(10.149999999999999,0.),(10.149999999999999,0.14999999999999858),(0.,0.14999999999999858)));
#3123=IFCINDEXEDPOLYCURVE(#3122,(IFCLINEINDEX((1,2,3,4,1))),$);
#3124=IFCARBITRARYCLOSEDPROFILEDEF(.AREA.,$,#3123);
#3125=IFCCARTESIANPOINT((0.,0.,0.));
#3126=IFCDIRECTION((0.,0.,1.));
#3127=IFCDIRECTION((1.,0.,0.));
#3128=IFCAXIS2PLACEMENT3D(#3125,#3126,#3127);
#3129=IFCDIRECTION((0.,0.,1.));
#3130=IFCEXTRUDEDAREASOLID(#3124,#3128,#3129,0.3500000000000001);
#3131=IFCSHAPEREPRESENTATION(#12,'Body','SweptSolid',(#3130));
#3132=IFCPRODUCTDEFINITIONSHAPE($,$,(#3131));
#3133=IFCSTYLEDITEM(#3130,(#39),'Concreto armado');
#3134=IFCCARTESIANPOINT((-0.075,13.425,2.4499999999999997));
#3135=IFCDIRECTION((0.,0.,1.));
#3136=IFCDIRECTION((1.,0.,0.));
#3137=IFCAXIS2PLACEMENT3D(#3134,#3135,#3136);
#3138=IFCLOCALPLACEMENT(#33,#3137);
#3139=IFCBEAM('000DIX001008000000002z',$,'Viga: Vest\X2\00ED\X0\bulo, oeste',$,$,#3161,#3155,$,.BEAM.);
#3145=IFCCARTESIANPOINTLIST2D(((0.,0.),(0.15000000000000036,0.),(0.15000000000000036,7.65),(0.,7.65)));
#3146=IFCINDEXEDPOLYCURVE(#3145,(IFCLINEINDEX((1,2,3,4,1))),$);
#3147=IFCARBITRARYCLOSEDPROFILEDEF(.AREA.,$,#3146);
#3148=IFCCARTESIANPOINT((0.,0.,0.));
#3149=IFCDIRECTION((0.,0.,1.));
#3150=IFCDIRECTION((1.,0.,0.));
#3151=IFCAXIS2PLACEMENT3D(#3148,#3149,#3150);
#3152=IFCDIRECTION((0.,0.,1.));
#3153=IFCEXTRUDEDAREASOLID(#3147,#3151,#3152,0.3500000000000001);
#3154=IFCSHAPEREPRESENTATION(#12,'Body','SweptSolid',(#3153));
#3155=IFCPRODUCTDEFINITIONSHAPE($,$,(#3154));
#3156=IFCSTYLEDITEM(#3153,(#39),'Concreto armado');
#3157=IFCCARTESIANPOINT((3.925,-0.075,2.4499999999999997));
#3158=IFCDIRECTION((0.,0.,1.));
#3159=IFCDIRECTION((1.,0.,0.));
#3160=IFCAXIS2PLACEMENT3D(#3157,#3158,#3159);
#3161=IFCLOCALPLACEMENT(#33,#3160);
#3162=IFCBEAM('000DIX001008000000002_',$,'Viga: Vest\X2\00ED\X0\bulo, leste',$,$,#3184,#3178,$,.BEAM.);
#3168=IFCCARTESIANPOINTLIST2D(((0.,0.),(0.15000000000000036,0.),(0.15000000000000036,7.65),(0.,7.65)));
#3169=IFCINDEXEDPOLYCURVE(#3168,(IFCLINEINDEX((1,2,3,4,1))),$);
#3170=IFCARBITRARYCLOSEDPROFILEDEF(.AREA.,$,#3169);
#3171=IFCCARTESIANPOINT((0.,0.,0.));
#3172=IFCDIRECTION((0.,0.,1.));
#3173=IFCDIRECTION((1.,0.,0.));
#3174=IFCAXIS2PLACEMENT3D(#3171,#3172,#3173);
#3175=IFCDIRECTION((0.,0.,1.));
#3176=IFCEXTRUDEDAREASOLID(#3170,#3174,#3175,0.3500000000000001);
#3177=IFCSHAPEREPRESENTATION(#12,'Body','SweptSolid',(#3176));
#3178=IFCPRODUCTDEFINITIONSHAPE($,$,(#3177));
#3179=IFCSTYLEDITEM(#3176,(#39),'Concreto armado');
#3180=IFCCARTESIANPOINT((5.925,-0.075,2.4499999999999997));
#3181=IFCDIRECTION((0.,0.,1.));
#3182=IFCDIRECTION((1.,0.,0.));
#3183=IFCAXIS2PLACEMENT3D(#3180,#3181,#3182);
#3184=IFCLOCALPLACEMENT(#33,#3183);
#3185=IFCBEAM('000DIX001008000000002$',$,'Viga: Su\X2\00ED\X0\te oeste, banho',$,$,#3207,#3201,$,.BEAM.);
#3191=IFCCARTESIANPOINTLIST2D(((0.,0.),(4.15,0.),(4.15,0.15000000000000036),(0.,0.15000000000000036)));
#3192=IFCINDEXEDPOLYCURVE(#3191,(IFCLINEINDEX((1,2,3,4,1))),$);
#3193=IFCARBITRARYCLOSEDPROFILEDEF(.AREA.,$,#3192);
#3194=IFCCARTESIANPOINT((0.,0.,0.));
#3195=IFCDIRECTION((0.,0.,1.));
#3196=IFCDIRECTION((1.,0.,0.));
#3197=IFCAXIS2PLACEMENT3D(#3194,#3195,#3196);
#3198=IFCDIRECTION((0.,0.,1.));
#3199=IFCEXTRUDEDAREASOLID(#3193,#3197,#3198,0.3500000000000001);
#3200=IFCSHAPEREPRESENTATION(#12,'Body','SweptSolid',(#3199));
#3201=IFCPRODUCTDEFINITIONSHAPE($,$,(#3200));
#3202=IFCSTYLEDITEM(#3199,(#39),'Concreto armado');
#3203=IFCCARTESIANPOINT((-0.075,4.925,2.4499999999999997));
#3204=IFCDIRECTION((0.,0.,1.));
#3205=IFCDIRECTION((1.,0.,0.));
#3206=IFCAXIS2PLACEMENT3D(#3203,#3204,#3205);
#3207=IFCLOCALPLACEMENT(#33,#3206);
#3208=IFCBEAM('000DIX0010080000000030',$,'Viga: Su\X2\00ED\X0\te leste, banho',$,$,#3230,#3224,$,.BEAM.);
#3214=IFCCARTESIANPOINTLIST2D(((0.,0.),(4.1499999999999995,0.),(4.1499999999999995,0.15000000000000036),(0.,0.15000000000000036)));
#3215=IFCINDEXEDPOLYCURVE(#3214,(IFCLINEINDEX((1,2,3,4,1))),$);
#3216=IFCARBITRARYCLOSEDPROFILEDEF(.AREA.,$,#3215);
#3217=IFCCARTESIANPOINT((0.,0.,0.));
#3218=IFCDIRECTION((0.,0.,1.));
#3219=IFCDIRECTION((1.,0.,0.));
#3220=IFCAXIS2PLACEMENT3D(#3217,#3218,#3219);
#3221=IFCDIRECTION((0.,0.,1.));
#3222=IFCEXTRUDEDAREASOLID(#3216,#3220,#3221,0.3500000000000001);
#3223=IFCSHAPEREPRESENTATION(#12,'Body','SweptSolid',(#3222));
#3224=IFCPRODUCTDEFINITIONSHAPE($,$,(#3223));
#3225=IFCSTYLEDITEM(#3222,(#39),'Concreto armado');
#3226=IFCCARTESIANPOINT((5.925,4.925,2.4499999999999997));
#3227=IFCDIRECTION((0.,0.,1.));
#3228=IFCDIRECTION((1.,0.,0.));
#3229=IFCAXIS2PLACEMENT3D(#3226,#3227,#3228);
#3230=IFCLOCALPLACEMENT(#33,#3229);
#3231=IFCBEAM('000DIX0010080000000031',$,'Viga: Cozinha, WC e servi\X2\00E7\X0\o',$,$,#3253,#3247,$,.BEAM.);
#3237=IFCCARTESIANPOINTLIST2D(((0.,0.),(0.15000000000000036,0.),(0.15000000000000036,4.649999999999999),(0.,4.649999999999999)));
#3238=IFCINDEXEDPOLYCURVE(#3237,(IFCLINEINDEX((1,2,3,4,1))),$);
#3239=IFCARBITRARYCLOSEDPROFILEDEF(.AREA.,$,#3238);
#3240=IFCCARTESIANPOINT((0.,0.,0.));
#3241=IFCDIRECTION((0.,0.,1.));
#3242=IFCDIRECTION((1.,0.,0.));
#3243=IFCAXIS2PLACEMENT3D(#3240,#3241,#3242);
#3244=IFCDIRECTION((0.,0.,1.));
#3245=IFCEXTRUDEDAREASOLID(#3239,#3243,#3244,0.3500000000000001);
#3246=IFCSHAPEREPRESENTATION(#12,'Body','SweptSolid',(#3245));
#3247=IFCPRODUCTDEFINITIONSHAPE($,$,(#3246));
#3248=IFCSTYLEDITEM(#3245,(#39),'Concreto armado');
#3249=IFCCARTESIANPOINT((5.925,13.425,2.4499999999999997));
#3250=IFCDIRECTION((0.,0.,1.));
#3251=IFCDIRECTION((1.,0.,0.));
#3252=IFCAXIS2PLACEMENT3D(#3249,#3250,#3251);
#3253=IFCLOCALPLACEMENT(#33,#3252);
#3254=IFCBEAM('000DIX0010080000000032',$,'Viga: WC, servi\X2\00E7\X0\o',$,$,#3276,#3270,$,.BEAM.);
#3260=IFCCARTESIANPOINTLIST2D(((0.,0.),(4.1499999999999995,0.),(4.1499999999999995,0.14999999999999858),(0.,0.14999999999999858)));
#3261=IFCINDEXEDPOLYCURVE(#3260,(IFCLINEINDEX((1,2,3,4,1))),$);
#3262=IFCARBITRARYCLOSEDPROFILEDEF(.AREA.,$,#3261);
#3263=IFCCARTESIANPOINT((0.,0.,0.));
#3264=IFCDIRECTION((0.,0.,1.));
#3265=IFCDIRECTION((1.,0.,0.));
#3266=IFCAXIS2PLACEMENT3D(#3263,#3264,#3265);
#3267=IFCDIRECTION((0.,0.,1.));
#3268=IFCEXTRUDEDAREASOLID(#3262,#3266,#3267,0.3500000000000001);
#3269=IFCSHAPEREPRESENTATION(#12,'Body','SweptSolid',(#3268));
#3270=IFCPRODUCTDEFINITIONSHAPE($,$,(#3269));
#3271=IFCSTYLEDITEM(#3268,(#39),'Concreto armado');
#3272=IFCCARTESIANPOINT((5.925,15.925,2.4499999999999997));
#3273=IFCDIRECTION((0.,0.,1.));
#3274=IFCDIRECTION((1.,0.,0.));
#3275=IFCAXIS2PLACEMENT3D(#3272,#3273,#3274);
#3276=IFCLOCALPLACEMENT(#33,#3275);
#3277=IFCSLAB('000DIX0010080000000033',$,'Laje de forro, su\X2\00ED\X0\tes e vest\X2\00ED\X0\bulo',$,$,#3299,#3293,$,.FLOOR.);
#3283=IFCCARTESIANPOINTLIST2D(((0.,0.),(10.,0.),(10.,7.5),(0.,7.5)));
#3284=IFCINDEXEDPOLYCURVE(#3283,(IFCLINEINDEX((1,2,3,4,1))),$);
#3285=IFCARBITRARYCLOSEDPROFILEDEF(.AREA.,$,#3284);
#3286=IFCCARTESIANPOINT((0.,0.,0.));
#3287=IFCDIRECTION((0.,0.,1.));
#3288=IFCDIRECTION((1.,0.,0.));
#3289=IFCAXIS2PLACEMENT3D(#3286,#3287,#3288);
#3290=IFCDIRECTION((0.,0.,1.));
#3291=IFCEXTRUDEDAREASOLID(#3285,#3289,#3290,0.10000000000000009);
#3292=IFCSHAPEREPRESENTATION(#12,'Body','SweptSolid',(#3291));
#3293=IFCPRODUCTDEFINITIONSHAPE($,$,(#3292));
#3294=IFCSTYLEDITEM(#3291,(#39),'Concreto armado');
#3295=IFCCARTESIANPOINT((0.,0.,2.8));
#3296=IFCDIRECTION((0.,0.,1.));
#3297=IFCDIRECTION((1.,0.,0.));
#3298=IFCAXIS2PLACEMENT3D(#3295,#3296,#3297);
#3299=IFCLOCALPLACEMENT(#33,#3298);
#3300=IFCSLAB('000DIX0010080000000034',$,'Laje de forro, cozinha e servi\X2\00E7\X0\o',$,$,#3322,#3316,$,.FLOOR.);
#3306=IFCCARTESIANPOINTLIST2D(((0.,0.),(10.,0.),(10.,4.5),(0.,4.5)));
#3307=IFCINDEXEDPOLYCURVE(#3306,(IFCLINEINDEX((1,2,3,4,1))),$);
#3308=IFCARBITRARYCLOSEDPROFILEDEF(.AREA.,$,#3307);
#3309=IFCCARTESIANPOINT((0.,0.,0.));
#3310=IFCDIRECTION((0.,0.,1.));
#3311=IFCDIRECTION((1.,0.,0.));
#3312=IFCAXIS2PLACEMENT3D(#3309,#3310,#3311);
#3313=IFCDIRECTION((0.,0.,1.));
#3314=IFCEXTRUDEDAREASOLID(#3308,#3312,#3313,0.10000000000000009);
#3315=IFCSHAPEREPRESENTATION(#12,'Body','SweptSolid',(#3314));
#3316=IFCPRODUCTDEFINITIONSHAPE($,$,(#3315));
#3317=IFCSTYLEDITEM(#3314,(#39),'Concreto armado');
#3318=IFCCARTESIANPOINT((0.,13.5,2.8));
#3319=IFCDIRECTION((0.,0.,1.));
#3320=IFCDIRECTION((1.,0.,0.));
#3321=IFCAXIS2PLACEMENT3D(#3318,#3319,#3320);
#3322=IFCLOCALPLACEMENT(#33,#3321);
#3323=IFCROOF('000DIX0010080000000035',$,'Cobertura',$,$,#3328,$,$,.FLAT_ROOF.);
#3324=IFCCARTESIANPOINT((0.,0.,0.));
#3325=IFCDIRECTION((0.,0.,1.));
#3326=IFCDIRECTION((1.,0.,0.));
#3327=IFCAXIS2PLACEMENT3D(#3324,#3325,#3326);
#3328=IFCLOCALPLACEMENT(#33,#3327);
#3329=IFCSLAB('000DIX0010080000000036',$,'Telhado, su\X2\00ED\X0\tes e vest\X2\00ED\X0\bulo',$,$,#3399,#3345,$,.ROOF.);
#3335=IFCCARTESIANPOINTLIST2D(((0.,0.),(9.850000000000001,0.),(9.850000000000001,7.35),(0.,7.35)));
#3336=IFCINDEXEDPOLYCURVE(#3335,(IFCLINEINDEX((1,2,3,4,1))),$);
#3337=IFCARBITRARYCLOSEDPROFILEDEF(.AREA.,$,#3336);
#3338=IFCCARTESIANPOINT((0.,0.,0.));
#3339=IFCDIRECTION((0.,0.,1.));
#3340=IFCDIRECTION((1.,0.,0.));
#3341=IFCAXIS2PLACEMENT3D(#3338,#3339,#3340);
#3342=IFCDIRECTION((0.,0.,1.));
#3343=IFCEXTRUDEDAREASOLID(#3337,#3341,#3342,0.07000000000000028);
#3344=IFCSHAPEREPRESENTATION(#12,'Body','SweptSolid',(#3343));
#3345=IFCPRODUCTDEFINITIONSHAPE($,$,(#3344));
#3346=IFCSTYLEDITEM(#3343,(#47),'Telha met\X2\00E1\X0\lica termoac\X2\00FA\X0\stica');
#3347=IFCRELASSOCIATESMATERIAL('000DIX0010080000000037',$,$,$,(#3348,#3366,#3329),#46);
#3348=IFCSLAB('000DIX0010080000000038',$,'Telhado, cozinha e servi\X2\00E7\X0\o',$,$,#3389,#3364,$,.ROOF.);
#3354=IFCCARTESIANPOINTLIST2D(((0.,0.),(9.850000000000001,0.),(9.850000000000001,4.350000000000001),(0.,4.350000000000001)));
#3355=IFCINDEXEDPOLYCURVE(#3354,(IFCLINEINDEX((1,2,3,4,1))),$);
#3356=IFCARBITRARYCLOSEDPROFILEDEF(.AREA.,$,#3355);
#3357=IFCCARTESIANPOINT((0.,0.,0.));
#3358=IFCDIRECTION((0.,0.,1.));
#3359=IFCDIRECTION((1.,0.,0.));
#3360=IFCAXIS2PLACEMENT3D(#3357,#3358,#3359);
#3361=IFCDIRECTION((0.,0.,1.));
#3362=IFCEXTRUDEDAREASOLID(#3356,#3360,#3361,0.07000000000000028);
#3363=IFCSHAPEREPRESENTATION(#12,'Body','SweptSolid',(#3362));
#3364=IFCPRODUCTDEFINITIONSHAPE($,$,(#3363));
#3365=IFCSTYLEDITEM(#3362,(#47),'Telha met\X2\00E1\X0\lica termoac\X2\00FA\X0\stica');
#3366=IFCSLAB('000DIX0010080000000039',$,'Telhado da sala',$,$,#3394,#3382,$,.ROOF.);
#3372=IFCCARTESIANPOINTLIST2D(((0.,0.),(9.850000000000001,0.),(9.850000000000001,5.8500000000000005),(0.,5.8500000000000005)));
#3373=IFCINDEXEDPOLYCURVE(#3372,(IFCLINEINDEX((1,2,3,4,1))),$);
#3374=IFCARBITRARYCLOSEDPROFILEDEF(.AREA.,$,#3373);
#3375=IFCCARTESIANPOINT((0.,0.,0.));
#3376=IFCDIRECTION((0.,0.,1.));
#3377=IFCDIRECTION((1.,0.,0.));
#3378=IFCAXIS2PLACEMENT3D(#3375,#3376,#3377);
#3379=IFCDIRECTION((0.,0.,1.));
#3380=IFCEXTRUDEDAREASOLID(#3374,#3378,#3379,0.07000000000000028);
#3381=IFCSHAPEREPRESENTATION(#12,'Body','SweptSolid',(#3380));
#3382=IFCPRODUCTDEFINITIONSHAPE($,$,(#3381));
#3383=IFCSTYLEDITEM(#3380,(#47),'Telha met\X2\00E1\X0\lica termoac\X2\00FA\X0\stica');
#3384=IFCRELAGGREGATES('000DIX001008000000003A',$,$,$,#3323,(#3348,#3366,#3329));
#3385=IFCCARTESIANPOINT((0.075,13.575,3.05));
#3386=IFCDIRECTION((0.,0.,1.));
#3387=IFCDIRECTION((1.,0.,0.));
#3388=IFCAXIS2PLACEMENT3D(#3385,#3386,#3387);
#3389=IFCLOCALPLACEMENT(#3328,#3388);
#3390=IFCCARTESIANPOINT((0.075,7.575,5.699999999999999));
#3391=IFCDIRECTION((0.,0.,1.));
#3392=IFCDIRECTION((1.,0.,0.));
#3393=IFCAXIS2PLACEMENT3D(#3390,#3391,#3392);
#3394=IFCLOCALPLACEMENT(#3328,#3393);
#3395=IFCCARTESIANPOINT((0.075,0.075,3.05));
#3396=IFCDIRECTION((0.,0.,1.));
#3397=IFCDIRECTION((1.,0.,0.));
#3398=IFCAXIS2PLACEMENT3D(#3395,#3396,#3397);
#3399=IFCLOCALPLACEMENT(#3328,#3398);
#3400=IFCTANK('000DIX001008000000003B',$,'Caixa d''\X2\00E1\X0\gua 1.000 L',$,$,#3423,#3416,$,.STORAGE.);
#3406=IFCCARTESIANPOINTLIST2D(((0.,0.),(1.4000000000000004,0.),(1.4000000000000004,1.4),(0.,1.4)));
#3407=IFCINDEXEDPOLYCURVE(#3406,(IFCLINEINDEX((1,2,3,4,1))),$);
#3408=IFCARBITRARYCLOSEDPROFILEDEF(.AREA.,$,#3407);
#3409=IFCCARTESIANPOINT((0.,0.,0.));
#3410=IFCDIRECTION((0.,0.,1.));
#3411=IFCDIRECTION((1.,0.,0.));
#3412=IFCAXIS2PLACEMENT3D(#3409,#3410,#3411);
#3413=IFCDIRECTION((0.,0.,1.));
#3414=IFCEXTRUDEDAREASOLID(#3408,#3412,#3413,1.);
#3415=IFCSHAPEREPRESENTATION(#12,'Body','SweptSolid',(#3414));
#3416=IFCPRODUCTDEFINITIONSHAPE($,$,(#3415));
#3417=IFCSTYLEDITEM(#3414,(#71),'Polietileno');
#3418=IFCRELASSOCIATESMATERIAL('000DIX001008000000003C',$,$,$,(#3400),#70);
#3419=IFCCARTESIANPOINT((4.3,2.,2.9));
#3420=IFCDIRECTION((0.,0.,1.));
#3421=IFCDIRECTION((1.,0.,0.));
#3422=IFCAXIS2PLACEMENT3D(#3419,#3420,#3421);
#3423=IFCLOCALPLACEMENT(#33,#3422);
#3424=IFCELECTRICDISTRIBUTIONBOARD('000DIX001008000000003D',$,'Quadro de distribui\X2\00E700E3\X0\o',$,$,#3447,#3440,$,.DISTRIBUTIONBOARD.);
#3430=IFCCARTESIANPOINTLIST2D(((0.,0.),(0.08000000000000007,0.),(0.08000000000000007,0.5),(0.,0.5)));
#3431=IFCINDEXEDPOLYCURVE(#3430,(IFCLINEINDEX((1,2,3,4,1))),$);
#3432=IFCARBITRARYCLOSEDPROFILEDEF(.AREA.,$,#3431);
#3433=IFCCARTESIANPOINT((0.,0.,0.));
#3434=IFCDIRECTION((0.,0.,1.));
#3435=IFCDIRECTION((1.,0.,0.));
#3436=IFCAXIS2PLACEMENT3D(#3433,#3434,#3435);
#3437=IFCDIRECTION((0.,0.,1.));
#3438=IFCEXTRUDEDAREASOLID(#3432,#3436,#3437,0.5);
#3439=IFCSHAPEREPRESENTATION(#12,'Body','SweptSolid',(#3438));
#3440=IFCPRODUCTDEFINITIONSHAPE($,$,(#3439));
#3441=IFCSTYLEDITEM(#3438,(#75),'A\X2\00E7\X0\o pintado');
#3442=IFCRELASSOCIATESMATERIAL('000DIX001008000000003E',$,$,$,(#3424),#74);
#3443=IFCCARTESIANPOINT((4.09,0.8,1.4));
#3444=IFCDIRECTION((0.,0.,1.));
#3445=IFCDIRECTION((1.,0.,0.));
#3446=IFCAXIS2PLACEMENT3D(#3443,#3444,#3445);
#3447=IFCLOCALPLACEMENT(#33,#3446);
#3448=IFCPIPESEGMENT('000DIX001008000000003F',$,'Prumada de \X2\00E1\X0\gua, banho oeste',$,$,#3471,#3464,$,.RIGIDSEGMENT.);
#3454=IFCCARTESIANPOINTLIST2D(((0.,0.),(0.10000000000000003,0.),(0.10000000000000003,0.09999999999999964),(0.,0.09999999999999964)));
#3455=IFCINDEXEDPOLYCURVE(#3454,(IFCLINEINDEX((1,2,3,4,1))),$);
#3456=IFCARBITRARYCLOSEDPROFILEDEF(.AREA.,$,#3455);
#3457=IFCCARTESIANPOINT((0.,0.,0.));
#3458=IFCDIRECTION((0.,0.,1.));
#3459=IFCDIRECTION((1.,0.,0.));
#3460=IFCAXIS2PLACEMENT3D(#3457,#3458,#3459);
#3461=IFCDIRECTION((0.,0.,1.));
#3462=IFCEXTRUDEDAREASOLID(#3456,#3460,#3461,2.9);
#3463=IFCSHAPEREPRESENTATION(#12,'Body','SweptSolid',(#3462));
#3464=IFCPRODUCTDEFINITIONSHAPE($,$,(#3463));
#3465=IFCSTYLEDITEM(#3462,(#67),'PVC');
#3466=IFCRELASSOCIATESMATERIAL('000DIX001008000000003G',$,$,$,(#3541,#3472,#3518,#3448,#3495),#66);
#3467=IFCCARTESIANPOINT((0.2,6.8,0.));
#3468=IFCDIRECTION((0.,0.,1.));
#3469=IFCDIRECTION((1.,0.,0.));
#3470=IFCAXIS2PLACEMENT3D(#3467,#3468,#3469);
#3471=IFCLOCALPLACEMENT(#33,#3470);
#3472=IFCPIPESEGMENT('000DIX001008000000003H',$,'Prumada de \X2\00E1\X0\gua, banho leste',$,$,#3494,#3488,$,.RIGIDSEGMENT.);
#3478=IFCCARTESIANPOINTLIST2D(((0.,0.),(0.09999999999999964,0.),(0.09999999999999964,0.09999999999999964),(0.,0.09999999999999964)));
#3479=IFCINDEXEDPOLYCURVE(#3478,(IFCLINEINDEX((1,2,3,4,1))),$);
#3480=IFCARBITRARYCLOSEDPROFILEDEF(.AREA.,$,#3479);
#3481=IFCCARTESIANPOINT((0.,0.,0.));
#3482=IFCDIRECTION((0.,0.,1.));
#3483=IFCDIRECTION((1.,0.,0.));
#3484=IFCAXIS2PLACEMENT3D(#3481,#3482,#3483);
#3485=IFCDIRECTION((0.,0.,1.));
#3486=IFCEXTRUDEDAREASOLID(#3480,#3484,#3485,2.9);
#3487=IFCSHAPEREPRESENTATION(#12,'Body','SweptSolid',(#3486));
#3488=IFCPRODUCTDEFINITIONSHAPE($,$,(#3487));
#3489=IFCSTYLEDITEM(#3486,(#67),'PVC');
#3490=IFCCARTESIANPOINT((9.7,6.8,0.));
#3491=IFCDIRECTION((0.,0.,1.));
#3492=IFCDIRECTION((1.,0.,0.));
#3493=IFCAXIS2PLACEMENT3D(#3490,#3491,#3492);
#3494=IFCLOCALPLACEMENT(#33,#3493);
#3495=IFCPIPESEGMENT('000DIX001008000000003I',$,'Prumada de \X2\00E1\X0\gua, cozinha',$,$,#3517,#3511,$,.RIGIDSEGMENT.);
#3501=IFCCARTESIANPOINTLIST2D(((0.,0.),(0.10000000000000003,0.),(0.10000000000000003,0.10000000000000142),(0.,0.10000000000000142)));
#3502=IFCINDEXEDPOLYCURVE(#3501,(IFCLINEINDEX((1,2,3,4,1))),$);
#3503=IFCARBITRARYCLOSEDPROFILEDEF(.AREA.,$,#3502);
#3504=IFCCARTESIANPOINT((0.,0.,0.));
#3505=IFCDIRECTION((0.,0.,1.));
#3506=IFCDIRECTION((1.,0.,0.));
#3507=IFCAXIS2PLACEMENT3D(#3504,#3505,#3506);
#3508=IFCDIRECTION((0.,0.,1.));
#3509=IFCEXTRUDEDAREASOLID(#3503,#3507,#3508,2.9);
#3510=IFCSHAPEREPRESENTATION(#12,'Body','SweptSolid',(#3509));
#3511=IFCPRODUCTDEFINITIONSHAPE($,$,(#3510));
#3512=IFCSTYLEDITEM(#3509,(#67),'PVC');
#3513=IFCCARTESIANPOINT((0.2,17.7,0.));
#3514=IFCDIRECTION((0.,0.,1.));
#3515=IFCDIRECTION((1.,0.,0.));
#3516=IFCAXIS2PLACEMENT3D(#3513,#3514,#3515);
#3517=IFCLOCALPLACEMENT(#33,#3516);
#3518=IFCPIPESEGMENT('000DIX001008000000003J',$,'Prumada de \X2\00E1\X0\gua, WC e servi\X2\00E7\X0\o',$,$,#3540,#3534,$,.RIGIDSEGMENT.);
#3524=IFCCARTESIANPOINTLIST2D(((0.,0.),(0.09999999999999964,0.),(0.09999999999999964,0.09999999999999964),(0.,0.09999999999999964)));
#3525=IFCINDEXEDPOLYCURVE(#3524,(IFCLINEINDEX((1,2,3,4,1))),$);
#3526=IFCARBITRARYCLOSEDPROFILEDEF(.AREA.,$,#3525);
#3527=IFCCARTESIANPOINT((0.,0.,0.));
#3528=IFCDIRECTION((0.,0.,1.));
#3529=IFCDIRECTION((1.,0.,0.));
#3530=IFCAXIS2PLACEMENT3D(#3527,#3528,#3529);
#3531=IFCDIRECTION((0.,0.,1.));
#3532=IFCEXTRUDEDAREASOLID(#3526,#3530,#3531,2.9);
#3533=IFCSHAPEREPRESENTATION(#12,'Body','SweptSolid',(#3532));
#3534=IFCPRODUCTDEFINITIONSHAPE($,$,(#3533));
#3535=IFCSTYLEDITEM(#3532,(#67),'PVC');
#3536=IFCCARTESIANPOINT((9.7,15.9,0.));
#3537=IFCDIRECTION((0.,0.,1.));
#3538=IFCDIRECTION((1.,0.,0.));
#3539=IFCAXIS2PLACEMENT3D(#3536,#3537,#3538);
#3540=IFCLOCALPLACEMENT(#33,#3539);
#3541=IFCPIPESEGMENT('000DIX001008000000003K',$,'Barrilete',$,$,#3563,#3557,$,.RIGIDSEGMENT.);
#3547=IFCCARTESIANPOINTLIST2D(((0.,0.),(9.600000000000001,0.),(9.600000000000001,0.10000000000000009),(0.,0.10000000000000009)));
#3548=IFCINDEXEDPOLYCURVE(#3547,(IFCLINEINDEX((1,2,3,4,1))),$);
#3549=IFCARBITRARYCLOSEDPROFILEDEF(.AREA.,$,#3548);
#3550=IFCCARTESIANPOINT((0.,0.,0.));
#3551=IFCDIRECTION((0.,0.,1.));
#3552=IFCDIRECTION((1.,0.,0.));
#3553=IFCAXIS2PLACEMENT3D(#3550,#3551,#3552);
#3554=IFCDIRECTION((0.,0.,1.));
#3555=IFCEXTRUDEDAREASOLID(#3549,#3553,#3554,0.10000000000000009);
#3556=IFCSHAPEREPRESENTATION(#12,'Body','SweptSolid',(#3555));
#3557=IFCPRODUCTDEFINITIONSHAPE($,$,(#3556));
#3558=IFCSTYLEDITEM(#3555,(#67),'PVC');
#3559=IFCCARTESIANPOINT((0.2,2.6,2.92));
#3560=IFCDIRECTION((0.,0.,1.));
#3561=IFCDIRECTION((1.,0.,0.));
#3562=IFCAXIS2PLACEMENT3D(#3559,#3560,#3561);
#3563=IFCLOCALPLACEMENT(#33,#3562);
#3564=IFCCOVERING('000DIX001008000000003L',$,'Piso: Su\X2\00ED\X0\te oeste',$,$,#3587,#3580,$,.FLOORING.);
#3570=IFCCARTESIANPOINTLIST2D(((0.,0.),(3.8499999999999996,0.),(3.8499999999999996,4.85),(0.,4.85)));
#3571=IFCINDEXEDPOLYCURVE(#3570,(IFCLINEINDEX((1,2,3,4,1))),$);
#3572=IFCARBITRARYCLOSEDPROFILEDEF(.AREA.,$,#3571);
#3573=IFCCARTESIANPOINT((0.,0.,0.));
#3574=IFCDIRECTION((0.,0.,1.));
#3575=IFCDIRECTION((1.,0.,0.));
#3576=IFCAXIS2PLACEMENT3D(#3573,#3574,#3575);
#3577=IFCDIRECTION((0.,0.,1.));
#3578=IFCEXTRUDEDAREASOLID(#3572,#3576,#3577,0.02);
#3579=IFCSHAPEREPRESENTATION(#12,'Body','SweptSolid',(#3578));
#3580=IFCPRODUCTDEFINITIONSHAPE($,$,(#3579));
#3581=IFCSTYLEDITEM(#3578,(#59),'Porcelanato');
#3582=IFCRELASSOCIATESMATERIAL('000DIX001008000000003M',$,$,$,(#3564,#3657,#3588,#3749,#3634,#3726,#3703,#3611,#3680),#58);
#3583=IFCCARTESIANPOINT((0.075,0.075,0.));
#3584=IFCDIRECTION((0.,0.,1.));
#3585=IFCDIRECTION((1.,0.,0.));
#3586=IFCAXIS2PLACEMENT3D(#3583,#3584,#3585);
#3587=IFCLOCALPLACEMENT(#33,#3586);
#3588=IFCCOVERING('000DIX001008000000003N',$,'Piso: Su\X2\00ED\X0\te leste',$,$,#3610,#3604,$,.FLOORING.);
#3594=IFCCARTESIANPOINTLIST2D(((0.,0.),(3.8500000000000005,0.),(3.8500000000000005,4.85),(0.,4.85)));
#3595=IFCINDEXEDPOLYCURVE(#3594,(IFCLINEINDEX((1,2,3,4,1))),$);
#3596=IFCARBITRARYCLOSEDPROFILEDEF(.AREA.,$,#3595);
#3597=IFCCARTESIANPOINT((0.,0.,0.));
#3598=IFCDIRECTION((0.,0.,1.));
#3599=IFCDIRECTION((1.,0.,0.));
#3600=IFCAXIS2PLACEMENT3D(#3597,#3598,#3599);
#3601=IFCDIRECTION((0.,0.,1.));
#3602=IFCEXTRUDEDAREASOLID(#3596,#3600,#3601,0.02);
#3603=IFCSHAPEREPRESENTATION(#12,'Body','SweptSolid',(#3602));
#3604=IFCPRODUCTDEFINITIONSHAPE($,$,(#3603));
#3605=IFCSTYLEDITEM(#3602,(#59),'Porcelanato');
#3606=IFCCARTESIANPOINT((6.075,0.075,0.));
#3607=IFCDIRECTION((0.,0.,1.));
#3608=IFCDIRECTION((1.,0.,0.));
#3609=IFCAXIS2PLACEMENT3D(#3606,#3607,#3608);
#3610=IFCLOCALPLACEMENT(#33,#3609);
#3611=IFCCOVERING('000DIX001008000000003O',$,'Piso: Banho oeste',$,$,#3633,#3627,$,.FLOORING.);
#3617=IFCCARTESIANPOINTLIST2D(((0.,0.),(3.8499999999999996,0.),(3.8499999999999996,2.3499999999999996),(0.,2.3499999999999996)));
#3618=IFCINDEXEDPOLYCURVE(#3617,(IFCLINEINDEX((1,2,3,4,1))),$);
#3619=IFCARBITRARYCLOSEDPROFILEDEF(.AREA.,$,#3618);
#3620=IFCCARTESIANPOINT((0.,0.,0.));
#3621=IFCDIRECTION((0.,0.,1.));
#3622=IFCDIRECTION((1.,0.,0.));
#3623=IFCAXIS2PLACEMENT3D(#3620,#3621,#3622);
#3624=IFCDIRECTION((0.,0.,1.));
#3625=IFCEXTRUDEDAREASOLID(#3619,#3623,#3624,0.02);
#3626=IFCSHAPEREPRESENTATION(#12,'Body','SweptSolid',(#3625));
#3627=IFCPRODUCTDEFINITIONSHAPE($,$,(#3626));
#3628=IFCSTYLEDITEM(#3625,(#59),'Porcelanato');
#3629=IFCCARTESIANPOINT((0.075,5.075,0.));
#3630=IFCDIRECTION((0.,0.,1.));
#3631=IFCDIRECTION((1.,0.,0.));
#3632=IFCAXIS2PLACEMENT3D(#3629,#3630,#3631);
#3633=IFCLOCALPLACEMENT(#33,#3632);
#3634=IFCCOVERING('000DIX001008000000003P',$,'Piso: Banho leste',$,$,#3656,#3650,$,.FLOORING.);
#3640=IFCCARTESIANPOINTLIST2D(((0.,0.),(3.8500000000000005,0.),(3.8500000000000005,2.3499999999999996),(0.,2.3499999999999996)));
#3641=IFCINDEXEDPOLYCURVE(#3640,(IFCLINEINDEX((1,2,3,4,1))),$);
#3642=IFCARBITRARYCLOSEDPROFILEDEF(.AREA.,$,#3641);
#3643=IFCCARTESIANPOINT((0.,0.,0.));
#3644=IFCDIRECTION((0.,0.,1.));
#3645=IFCDIRECTION((1.,0.,0.));
#3646=IFCAXIS2PLACEMENT3D(#3643,#3644,#3645);
#3647=IFCDIRECTION((0.,0.,1.));
#3648=IFCEXTRUDEDAREASOLID(#3642,#3646,#3647,0.02);
#3649=IFCSHAPEREPRESENTATION(#12,'Body','SweptSolid',(#3648));
#3650=IFCPRODUCTDEFINITIONSHAPE($,$,(#3649));
#3651=IFCSTYLEDITEM(#3648,(#59),'Porcelanato');
#3652=IFCCARTESIANPOINT((6.075,5.075,0.));
#3653=IFCDIRECTION((0.,0.,1.));
#3654=IFCDIRECTION((1.,0.,0.));
#3655=IFCAXIS2PLACEMENT3D(#3652,#3653,#3654);
#3656=IFCLOCALPLACEMENT(#33,#3655);
#3657=IFCCOVERING('000DIX001008000000003Q',$,'Piso: Vest\X2\00ED\X0\bulo',$,$,#3679,#3673,$,.FLOORING.);
#3663=IFCCARTESIANPOINTLIST2D(((0.,0.),(1.8499999999999996,0.),(1.8499999999999996,7.35),(0.,7.35)));
#3664=IFCINDEXEDPOLYCURVE(#3663,(IFCLINEINDEX((1,2,3,4,1))),$);
#3665=IFCARBITRARYCLOSEDPROFILEDEF(.AREA.,$,#3664);
#3666=IFCCARTESIANPOINT((0.,0.,0.));
#3667=IFCDIRECTION((0.,0.,1.));
#3668=IFCDIRECTION((1.,0.,0.));
#3669=IFCAXIS2PLACEMENT3D(#3666,#3667,#3668);
#3670=IFCDIRECTION((0.,0.,1.));
#3671=IFCEXTRUDEDAREASOLID(#3665,#3669,#3670,0.02);
#3672=IFCSHAPEREPRESENTATION(#12,'Body','SweptSolid',(#3671));
#3673=IFCPRODUCTDEFINITIONSHAPE($,$,(#3672));
#3674=IFCSTYLEDITEM(#3671,(#59),'Porcelanato');
#3675=IFCCARTESIANPOINT((4.075,0.075,0.));
#3676=IFCDIRECTION((0.,0.,1.));
#3677=IFCDIRECTION((1.,0.,0.));
#3678=IFCAXIS2PLACEMENT3D(#3675,#3676,#3677);
#3679=IFCLOCALPLACEMENT(#33,#3678);
#3680=IFCCOVERING('000DIX001008000000003R',$,'Piso: Sala',$,$,#3702,#3696,$,.FLOORING.);
#3686=IFCCARTESIANPOINTLIST2D(((0.,0.),(9.850000000000001,0.),(9.850000000000001,5.8500000000000005),(0.,5.8500000000000005)));
#3687=IFCINDEXEDPOLYCURVE(#3686,(IFCLINEINDEX((1,2,3,4,1))),$);
#3688=IFCARBITRARYCLOSEDPROFILEDEF(.AREA.,$,#3687);
#3689=IFCCARTESIANPOINT((0.,0.,0.));
#3690=IFCDIRECTION((0.,0.,1.));
#3691=IFCDIRECTION((1.,0.,0.));
#3692=IFCAXIS2PLACEMENT3D(#3689,#3690,#3691);
#3693=IFCDIRECTION((0.,0.,1.));
#3694=IFCEXTRUDEDAREASOLID(#3688,#3692,#3693,0.02);
#3695=IFCSHAPEREPRESENTATION(#12,'Body','SweptSolid',(#3694));
#3696=IFCPRODUCTDEFINITIONSHAPE($,$,(#3695));
#3697=IFCSTYLEDITEM(#3694,(#59),'Porcelanato');
#3698=IFCCARTESIANPOINT((0.075,7.575,0.));
#3699=IFCDIRECTION((0.,0.,1.));
#3700=IFCDIRECTION((1.,0.,0.));
#3701=IFCAXIS2PLACEMENT3D(#3698,#3699,#3700);
#3702=IFCLOCALPLACEMENT(#33,#3701);
#3703=IFCCOVERING('000DIX001008000000003S',$,'Piso: Cozinha',$,$,#3725,#3719,$,.FLOORING.);
#3709=IFCCARTESIANPOINTLIST2D(((0.,0.),(5.85,0.),(5.85,4.350000000000001),(0.,4.350000000000001)));
#3710=IFCINDEXEDPOLYCURVE(#3709,(IFCLINEINDEX((1,2,3,4,1))),$);
#3711=IFCARBITRARYCLOSEDPROFILEDEF(.AREA.,$,#3710);
#3712=IFCCARTESIANPOINT((0.,0.,0.));
#3713=IFCDIRECTION((0.,0.,1.));
#3714=IFCDIRECTION((1.,0.,0.));
#3715=IFCAXIS2PLACEMENT3D(#3712,#3713,#3714);
#3716=IFCDIRECTION((0.,0.,1.));
#3717=IFCEXTRUDEDAREASOLID(#3711,#3715,#3716,0.02);
#3718=IFCSHAPEREPRESENTATION(#12,'Body','SweptSolid',(#3717));
#3719=IFCPRODUCTDEFINITIONSHAPE($,$,(#3718));
#3720=IFCSTYLEDITEM(#3717,(#59),'Porcelanato');
#3721=IFCCARTESIANPOINT((0.075,13.575,0.));
#3722=IFCDIRECTION((0.,0.,1.));
#3723=IFCDIRECTION((1.,0.,0.));
#3724=IFCAXIS2PLACEMENT3D(#3721,#3722,#3723);
#3725=IFCLOCALPLACEMENT(#33,#3724);
#3726=IFCCOVERING('000DIX001008000000003T',$,'Piso: WC',$,$,#3748,#3742,$,.FLOORING.);
#3732=IFCCARTESIANPOINTLIST2D(((0.,0.),(3.8500000000000005,0.),(3.8500000000000005,2.3500000000000014),(0.,2.3500000000000014)));
#3733=IFCINDEXEDPOLYCURVE(#3732,(IFCLINEINDEX((1,2,3,4,1))),$);
#3734=IFCARBITRARYCLOSEDPROFILEDEF(.AREA.,$,#3733);
#3735=IFCCARTESIANPOINT((0.,0.,0.));
#3736=IFCDIRECTION((0.,0.,1.));
#3737=IFCDIRECTION((1.,0.,0.));
#3738=IFCAXIS2PLACEMENT3D(#3735,#3736,#3737);
#3739=IFCDIRECTION((0.,0.,1.));
#3740=IFCEXTRUDEDAREASOLID(#3734,#3738,#3739,0.02);
#3741=IFCSHAPEREPRESENTATION(#12,'Body','SweptSolid',(#3740));
#3742=IFCPRODUCTDEFINITIONSHAPE($,$,(#3741));
#3743=IFCSTYLEDITEM(#3740,(#59),'Porcelanato');
#3744=IFCCARTESIANPOINT((6.075,13.575,0.));
#3745=IFCDIRECTION((0.,0.,1.));
#3746=IFCDIRECTION((1.,0.,0.));
#3747=IFCAXIS2PLACEMENT3D(#3744,#3745,#3746);
#3748=IFCLOCALPLACEMENT(#33,#3747);
#3749=IFCCOVERING('000DIX001008000000003U',$,'Piso: Servi\X2\00E7\X0\o',$,$,#3771,#3765,$,.FLOORING.);
#3755=IFCCARTESIANPOINTLIST2D(((0.,0.),(3.8500000000000005,0.),(3.8500000000000005,1.8500000000000014),(0.,1.8500000000000014)));
#3756=IFCINDEXEDPOLYCURVE(#3755,(IFCLINEINDEX((1,2,3,4,1))),$);
#3757=IFCARBITRARYCLOSEDPROFILEDEF(.AREA.,$,#3756);
#3758=IFCCARTESIANPOINT((0.,0.,0.));
#3759=IFCDIRECTION((0.,0.,1.));
#3760=IFCDIRECTION((1.,0.,0.));
#3761=IFCAXIS2PLACEMENT3D(#3758,#3759,#3760);
#3762=IFCDIRECTION((0.,0.,1.));
#3763=IFCEXTRUDEDAREASOLID(#3757,#3761,#3762,0.02);
#3764=IFCSHAPEREPRESENTATION(#12,'Body','SweptSolid',(#3763));
#3765=IFCPRODUCTDEFINITIONSHAPE($,$,(#3764));
#3766=IFCSTYLEDITEM(#3763,(#59),'Porcelanato');
#3767=IFCCARTESIANPOINT((6.075,16.075,0.));
#3768=IFCDIRECTION((0.,0.,1.));
#3769=IFCDIRECTION((1.,0.,0.));
#3770=IFCAXIS2PLACEMENT3D(#3767,#3768,#3769);
#3771=IFCLOCALPLACEMENT(#33,#3770);
#3772=IFCSANITARYTERMINAL('000DIX001008000000003V',$,'Bacia sanit\X2\00E1\X0\ria, banho oeste',$,$,#3795,#3788,$,.TOILETPAN.);
#3778=IFCCARTESIANPOINTLIST2D(((0.,0.),(0.6000000000000001,0.),(0.6000000000000001,0.40000000000000036),(0.,0.40000000000000036)));
#3779=IFCINDEXEDPOLYCURVE(#3778,(IFCLINEINDEX((1,2,3,4,1))),$);
#3780=IFCARBITRARYCLOSEDPROFILEDEF(.AREA.,$,#3779);
#3781=IFCCARTESIANPOINT((0.,0.,0.));
#3782=IFCDIRECTION((0.,0.,1.));
#3783=IFCDIRECTION((1.,0.,0.));
#3784=IFCAXIS2PLACEMENT3D(#3781,#3782,#3783);
#3785=IFCDIRECTION((0.,0.,1.));
#3786=IFCEXTRUDEDAREASOLID(#3780,#3784,#3785,0.42);
#3787=IFCSHAPEREPRESENTATION(#12,'Body','SweptSolid',(#3786));
#3788=IFCPRODUCTDEFINITIONSHAPE($,$,(#3787));
#3789=IFCSTYLEDITEM(#3786,(#63),'Lou\X2\00E7\X0\a sanit\X2\00E1\X0\ria');
#3790=IFCRELASSOCIATESMATERIAL('000DIX001008000000003W',$,$,$,(#3819,#3865,#3842,#3796,#3888,#3934,#3772,#3911),#62);
#3791=IFCCARTESIANPOINT((0.3,6.3,0.));
#3792=IFCDIRECTION((0.,0.,1.));
#3793=IFCDIRECTION((1.,0.,0.));
#3794=IFCAXIS2PLACEMENT3D(#3791,#3792,#3793);
#3795=IFCLOCALPLACEMENT(#33,#3794);
#3796=IFCSANITARYTERMINAL('000DIX001008000000003X',$,'Lavat\X2\00F3\X0\rio, banho oeste',$,$,#3818,#3812,$,.WASHHANDBASIN.);
#3802=IFCCARTESIANPOINTLIST2D(((0.,0.),(0.6000000000000001,0.),(0.6000000000000001,0.4500000000000002),(0.,0.4500000000000002)));
#3803=IFCINDEXEDPOLYCURVE(#3802,(IFCLINEINDEX((1,2,3,4,1))),$);
#3804=IFCARBITRARYCLOSEDPROFILEDEF(.AREA.,$,#3803);
#3805=IFCCARTESIANPOINT((0.,0.,0.));
#3806=IFCDIRECTION((0.,0.,1.));
#3807=IFCDIRECTION((1.,0.,0.));
#3808=IFCAXIS2PLACEMENT3D(#3805,#3806,#3807);
#3809=IFCDIRECTION((0.,0.,1.));
#3810=IFCEXTRUDEDAREASOLID(#3804,#3808,#3809,0.09999999999999998);
#3811=IFCSHAPEREPRESENTATION(#12,'Body','SweptSolid',(#3810));
#3812=IFCPRODUCTDEFINITIONSHAPE($,$,(#3811));
#3813=IFCSTYLEDITEM(#3810,(#63),'Lou\X2\00E7\X0\a sanit\X2\00E1\X0\ria');
#3814=IFCCARTESIANPOINT((2.8,5.2,0.78));
#3815=IFCDIRECTION((0.,0.,1.));
#3816=IFCDIRECTION((1.,0.,0.));
#3817=IFCAXIS2PLACEMENT3D(#3814,#3815,#3816);
#3818=IFCLOCALPLACEMENT(#33,#3817);
#3819=IFCSANITARYTERMINAL('000DIX001008000000003Y',$,'Bacia sanit\X2\00E1\X0\ria, banho leste',$,$,#3841,#3835,$,.TOILETPAN.);
#3825=IFCCARTESIANPOINTLIST2D(((0.,0.),(0.5999999999999996,0.),(0.5999999999999996,0.40000000000000036),(0.,0.40000000000000036)));
#3826=IFCINDEXEDPOLYCURVE(#3825,(IFCLINEINDEX((1,2,3,4,1))),$);
#3827=IFCARBITRARYCLOSEDPROFILEDEF(.AREA.,$,#3826);
#3828=IFCCARTESIANPOINT((0.,0.,0.));
#3829=IFCDIRECTION((0.,0.,1.));
#3830=IFCDIRECTION((1.,0.,0.));
#3831=IFCAXIS2PLACEMENT3D(#3828,#3829,#3830);
#3832=IFCDIRECTION((0.,0.,1.));
#3833=IFCEXTRUDEDAREASOLID(#3827,#3831,#3832,0.42);
#3834=IFCSHAPEREPRESENTATION(#12,'Body','SweptSolid',(#3833));
#3835=IFCPRODUCTDEFINITIONSHAPE($,$,(#3834));
#3836=IFCSTYLEDITEM(#3833,(#63),'Lou\X2\00E7\X0\a sanit\X2\00E1\X0\ria');
#3837=IFCCARTESIANPOINT((9.1,6.3,0.));
#3838=IFCDIRECTION((0.,0.,1.));
#3839=IFCDIRECTION((1.,0.,0.));
#3840=IFCAXIS2PLACEMENT3D(#3837,#3838,#3839);
#3841=IFCLOCALPLACEMENT(#33,#3840);
#3842=IFCSANITARYTERMINAL('000DIX001008000000003Z',$,'Lavat\X2\00F3\X0\rio, banho leste',$,$,#3864,#3858,$,.WASHHANDBASIN.);
#3848=IFCCARTESIANPOINTLIST2D(((0.,0.),(0.6000000000000005,0.),(0.6000000000000005,0.4500000000000002),(0.,0.4500000000000002)));
#3849=IFCINDEXEDPOLYCURVE(#3848,(IFCLINEINDEX((1,2,3,4,1))),$);
#3850=IFCARBITRARYCLOSEDPROFILEDEF(.AREA.,$,#3849);
#3851=IFCCARTESIANPOINT((0.,0.,0.));
#3852=IFCDIRECTION((0.,0.,1.));
#3853=IFCDIRECTION((1.,0.,0.));
#3854=IFCAXIS2PLACEMENT3D(#3851,#3852,#3853);
#3855=IFCDIRECTION((0.,0.,1.));
#3856=IFCEXTRUDEDAREASOLID(#3850,#3854,#3855,0.09999999999999998);
#3857=IFCSHAPEREPRESENTATION(#12,'Body','SweptSolid',(#3856));
#3858=IFCPRODUCTDEFINITIONSHAPE($,$,(#3857));
#3859=IFCSTYLEDITEM(#3856,(#63),'Lou\X2\00E7\X0\a sanit\X2\00E1\X0\ria');
#3860=IFCCARTESIANPOINT((6.6,5.2,0.78));
#3861=IFCDIRECTION((0.,0.,1.));
#3862=IFCDIRECTION((1.,0.,0.));
#3863=IFCAXIS2PLACEMENT3D(#3860,#3861,#3862);
#3864=IFCLOCALPLACEMENT(#33,#3863);
#3865=IFCSANITARYTERMINAL('000DIX001008000000003a',$,'Bacia sanit\X2\00E1\X0\ria, WC',$,$,#3887,#3881,$,.TOILETPAN.);
#3871=IFCCARTESIANPOINTLIST2D(((0.,0.),(0.5999999999999996,0.),(0.5999999999999996,0.40000000000000036),(0.,0.40000000000000036)));
#3872=IFCINDEXEDPOLYCURVE(#3871,(IFCLINEINDEX((1,2,3,4,1))),$);
#3873=IFCARBITRARYCLOSEDPROFILEDEF(.AREA.,$,#3872);
#3874=IFCCARTESIANPOINT((0.,0.,0.));
#3875=IFCDIRECTION((0.,0.,1.));
#3876=IFCDIRECTION((1.,0.,0.));
#3877=IFCAXIS2PLACEMENT3D(#3874,#3875,#3876);
#3878=IFCDIRECTION((0.,0.,1.));
#3879=IFCEXTRUDEDAREASOLID(#3873,#3877,#3878,0.42);
#3880=IFCSHAPEREPRESENTATION(#12,'Body','SweptSolid',(#3879));
#3881=IFCPRODUCTDEFINITIONSHAPE($,$,(#3880));
#3882=IFCSTYLEDITEM(#3879,(#63),'Lou\X2\00E7\X0\a sanit\X2\00E1\X0\ria');
#3883=IFCCARTESIANPOINT((9.1,14.4,0.));
#3884=IFCDIRECTION((0.,0.,1.));
#3885=IFCDIRECTION((1.,0.,0.));
#3886=IFCAXIS2PLACEMENT3D(#3883,#3884,#3885);
#3887=IFCLOCALPLACEMENT(#33,#3886);
#3888=IFCSANITARYTERMINAL('000DIX001008000000003b',$,'Lavat\X2\00F3\X0\rio, WC',$,$,#3910,#3904,$,.WASHHANDBASIN.);
#3894=IFCCARTESIANPOINTLIST2D(((0.,0.),(0.5999999999999996,0.),(0.5999999999999996,0.4499999999999993),(0.,0.4499999999999993)));
#3895=IFCINDEXEDPOLYCURVE(#3894,(IFCLINEINDEX((1,2,3,4,1))),$);
#3896=IFCARBITRARYCLOSEDPROFILEDEF(.AREA.,$,#3895);
#3897=IFCCARTESIANPOINT((0.,0.,0.));
#3898=IFCDIRECTION((0.,0.,1.));
#3899=IFCDIRECTION((1.,0.,0.));
#3900=IFCAXIS2PLACEMENT3D(#3897,#3898,#3899);
#3901=IFCDIRECTION((0.,0.,1.));
#3902=IFCEXTRUDEDAREASOLID(#3896,#3900,#3901,0.09999999999999998);
#3903=IFCSHAPEREPRESENTATION(#12,'Body','SweptSolid',(#3902));
#3904=IFCPRODUCTDEFINITIONSHAPE($,$,(#3903));
#3905=IFCSTYLEDITEM(#3902,(#63),'Lou\X2\00E7\X0\a sanit\X2\00E1\X0\ria');
#3906=IFCCARTESIANPOINT((7.,15.3,0.78));
#3907=IFCDIRECTION((0.,0.,1.));
#3908=IFCDIRECTION((1.,0.,0.));
#3909=IFCAXIS2PLACEMENT3D(#3906,#3907,#3908);
#3910=IFCLOCALPLACEMENT(#33,#3909);
#3911=IFCSANITARYTERMINAL('000DIX001008000000003c',$,'Pia da cozinha',$,$,#3933,#3927,$,.SINK.);
#3917=IFCCARTESIANPOINTLIST2D(((0.,0.),(0.55,0.),(0.55,1.8000000000000007),(0.,1.8000000000000007)));
#3918=IFCINDEXEDPOLYCURVE(#3917,(IFCLINEINDEX((1,2,3,4,1))),$);
#3919=IFCARBITRARYCLOSEDPROFILEDEF(.AREA.,$,#3918);
#3920=IFCCARTESIANPOINT((0.,0.,0.));
#3921=IFCDIRECTION((0.,0.,1.));
#3922=IFCDIRECTION((1.,0.,0.));
#3923=IFCAXIS2PLACEMENT3D(#3920,#3921,#3922);
#3924=IFCDIRECTION((0.,0.,1.));
#3925=IFCEXTRUDEDAREASOLID(#3919,#3923,#3924,0.07000000000000006);
#3926=IFCSHAPEREPRESENTATION(#12,'Body','SweptSolid',(#3925));
#3927=IFCPRODUCTDEFINITIONSHAPE($,$,(#3926));
#3928=IFCSTYLEDITEM(#3925,(#63),'Lou\X2\00E7\X0\a sanit\X2\00E1\X0\ria');
#3929=IFCCARTESIANPOINT((0.2,15.,0.85));
#3930=IFCDIRECTION((0.,0.,1.));
#3931=IFCDIRECTION((1.,0.,0.));
#3932=IFCAXIS2PLACEMENT3D(#3929,#3930,#3931);
#3933=IFCLOCALPLACEMENT(#33,#3932);
#3934=IFCSANITARYTERMINAL('000DIX001008000000003d',$,'Tanque',$,$,#3956,#3950,$,.SINK.);
#3940=IFCCARTESIANPOINTLIST2D(((0.,0.),(0.5500000000000007,0.),(0.5500000000000007,0.6000000000000014),(0.,0.6000000000000014)));
#3941=IFCINDEXEDPOLYCURVE(#3940,(IFCLINEINDEX((1,2,3,4,1))),$);
#3942=IFCARBITRARYCLOSEDPROFILEDEF(.AREA.,$,#3941);
#3943=IFCCARTESIANPOINT((0.,0.,0.));
#3944=IFCDIRECTION((0.,0.,1.));
#3945=IFCDIRECTION((1.,0.,0.));
#3946=IFCAXIS2PLACEMENT3D(#3943,#3944,#3945);
#3947=IFCDIRECTION((0.,0.,1.));
#3948=IFCEXTRUDEDAREASOLID(#3942,#3946,#3947,0.19999999999999996);
#3949=IFCSHAPEREPRESENTATION(#12,'Body','SweptSolid',(#3948));
#3950=IFCPRODUCTDEFINITIONSHAPE($,$,(#3949));
#3951=IFCSTYLEDITEM(#3948,(#63),'Lou\X2\00E7\X0\a sanit\X2\00E1\X0\ria');
#3952=IFCCARTESIANPOINT((9.25,17.,0.75));
#3953=IFCDIRECTION((0.,0.,1.));
#3954=IFCDIRECTION((1.,0.,0.));
#3955=IFCAXIS2PLACEMENT3D(#3952,#3953,#3954);
#3956=IFCLOCALPLACEMENT(#33,#3955);
#3957=IFCGEOGRAPHICELEMENT('000DIX001008000000003e',$,'Gramado frontal',$,'PAISAGISMO',#3980,#3973,$,.USERDEFINED.);
#3963=IFCCARTESIANPOINTLIST2D(((0.,0.),(13.3,0.),(13.3,4.4),(0.,4.4)));
#3964=IFCINDEXEDPOLYCURVE(#3963,(IFCLINEINDEX((1,2,3,4,1))),$);
#3965=IFCARBITRARYCLOSEDPROFILEDEF(.AREA.,$,#3964);
#3966=IFCCARTESIANPOINT((0.,0.,0.));
#3967=IFCDIRECTION((0.,0.,1.));
#3968=IFCDIRECTION((1.,0.,0.));
#3969=IFCAXIS2PLACEMENT3D(#3966,#3967,#3968);
#3970=IFCDIRECTION((0.,0.,1.));
#3971=IFCEXTRUDEDAREASOLID(#3965,#3969,#3970,0.05);
#3972=IFCSHAPEREPRESENTATION(#12,'Body','SweptSolid',(#3971));
#3973=IFCPRODUCTDEFINITIONSHAPE($,$,(#3972));
#3974=IFCSTYLEDITEM(#3971,(#79),'Grama');
#3975=IFCRELASSOCIATESMATERIAL('000DIX001008000000003f',$,$,$,(#3957,#3981),#78);
#3976=IFCCARTESIANPOINT((-1.65,-5.,-0.1));
#3977=IFCDIRECTION((0.,0.,1.));
#3978=IFCDIRECTION((1.,0.,0.));
#3979=IFCAXIS2PLACEMENT3D(#3976,#3977,#3978);
#3980=IFCLOCALPLACEMENT(#23,#3979);
#3981=IFCGEOGRAPHICELEMENT('000DIX001008000000003g',$,'Gramado do quintal',$,'PAISAGISMO',#4003,#3997,$,.USERDEFINED.);
#3987=IFCCARTESIANPOINTLIST2D(((0.,0.),(13.3,0.),(13.3,6.399999999999999),(0.,6.399999999999999)));
#3988=IFCINDEXEDPOLYCURVE(#3987,(IFCLINEINDEX((1,2,3,4,1))),$);
#3989=IFCARBITRARYCLOSEDPROFILEDEF(.AREA.,$,#3988);
#3990=IFCCARTESIANPOINT((0.,0.,0.));
#3991=IFCDIRECTION((0.,0.,1.));
#3992=IFCDIRECTION((1.,0.,0.));
#3993=IFCAXIS2PLACEMENT3D(#3990,#3991,#3992);
#3994=IFCDIRECTION((0.,0.,1.));
#3995=IFCEXTRUDEDAREASOLID(#3989,#3993,#3994,0.05);
#3996=IFCSHAPEREPRESENTATION(#12,'Body','SweptSolid',(#3995));
#3997=IFCPRODUCTDEFINITIONSHAPE($,$,(#3996));
#3998=IFCSTYLEDITEM(#3995,(#79),'Grama');
#3999=IFCCARTESIANPOINT((-1.65,18.6,-0.1));
#4000=IFCDIRECTION((0.,0.,1.));
#4001=IFCDIRECTION((1.,0.,0.));
#4002=IFCAXIS2PLACEMENT3D(#3999,#4000,#4001);
#4003=IFCLOCALPLACEMENT(#23,#4002);
#4004=IFCGEOGRAPHICELEMENT('000DIX001008000000003h',$,'\X2\00C1\X0\rvore 1',$,'PAISAGISMO',#4037,#4029,$,.USERDEFINED.);
#4010=IFCCARTESIANPOINTLIST2D(((0.88,0.879999999999999),(1.12,0.879999999999999),(1.12,1.120000000000001),(0.88,1.120000000000001)));
#4011=IFCINDEXEDPOLYCURVE(#4010,(IFCLINEINDEX((1,2,3,4,1))),$);
#4012=IFCARBITRARYCLOSEDPROFILEDEF(.AREA.,$,#4011);
#4013=IFCCARTESIANPOINT((0.,0.,0.));
#4014=IFCDIRECTION((0.,0.,1.));
#4015=IFCDIRECTION((1.,0.,0.));
#4016=IFCAXIS2PLACEMENT3D(#4013,#4014,#4015);
#4017=IFCDIRECTION((0.,0.,1.));
#4018=IFCEXTRUDEDAREASOLID(#4012,#4016,#4017,2.25);
#4019=IFCCARTESIANPOINTLIST2D(((0.,0.),(2.,0.),(2.,2.),(0.,2.)));
#4020=IFCINDEXEDPOLYCURVE(#4019,(IFCLINEINDEX((1,2,3,4,1))),$);
#4021=IFCARBITRARYCLOSEDPROFILEDEF(.AREA.,$,#4020);
#4022=IFCCARTESIANPOINT((0.,0.,2.25));
#4023=IFCDIRECTION((0.,0.,1.));
#4024=IFCDIRECTION((1.,0.,0.));
#4025=IFCAXIS2PLACEMENT3D(#4022,#4023,#4024);
#4026=IFCDIRECTION((0.,0.,1.));
#4027=IFCEXTRUDEDAREASOLID(#4021,#4025,#4026,1.7999999999999998);
#4028=IFCSHAPEREPRESENTATION(#12,'Body','SweptSolid',(#4018,#4027));
#4029=IFCPRODUCTDEFINITIONSHAPE($,$,(#4028));
#4030=IFCSTYLEDITEM(#4018,(#83),'Copa de \X2\00E1\X0\rvore');
#4031=IFCSTYLEDITEM(#4027,(#83),'Copa de \X2\00E1\X0\rvore');
#4032=IFCRELASSOCIATESMATERIAL('000DIX001008000000003i',$,$,$,(#4038,#4071,#4004),#82);
#4033=IFCCARTESIANPOINT((-1.8,20.5,-0.05));
#4034=IFCDIRECTION((0.,0.,1.));
#4035=IFCDIRECTION((1.,0.,0.));
#4036=IFCAXIS2PLACEMENT3D(#4033,#4034,#4035);
#4037=IFCLOCALPLACEMENT(#23,#4036);
#4038=IFCGEOGRAPHICELEMENT('000DIX001008000000003j',$,'\X2\00C1\X0\rvore 2',$,'PAISAGISMO',#4070,#4063,$,.USERDEFINED.);
#4044=IFCCARTESIANPOINTLIST2D(((0.8799999999999999,0.879999999999999),(1.12,0.879999999999999),(1.12,1.120000000000001),(0.8799999999999999,1.120000000000001)));
#4045=IFCINDEXEDPOLYCURVE(#4044,(IFCLINEINDEX((1,2,3,4,1))),$);
#4046=IFCARBITRARYCLOSEDPROFILEDEF(.AREA.,$,#4045);
#4047=IFCCARTESIANPOINT((0.,0.,0.));
#4048=IFCDIRECTION((0.,0.,1.));
#4049=IFCDIRECTION((1.,0.,0.));
#4050=IFCAXIS2PLACEMENT3D(#4047,#4048,#4049);
#4051=IFCDIRECTION((0.,0.,1.));
#4052=IFCEXTRUDEDAREASOLID(#4046,#4050,#4051,2.25);
#4053=IFCCARTESIANPOINTLIST2D(((0.,0.),(2.,0.),(2.,2.),(0.,2.)));
#4054=IFCINDEXEDPOLYCURVE(#4053,(IFCLINEINDEX((1,2,3,4,1))),$);
#4055=IFCARBITRARYCLOSEDPROFILEDEF(.AREA.,$,#4054);
#4056=IFCCARTESIANPOINT((0.,0.,2.25));
#4057=IFCDIRECTION((0.,0.,1.));
#4058=IFCDIRECTION((1.,0.,0.));
#4059=IFCAXIS2PLACEMENT3D(#4056,#4057,#4058);
#4060=IFCDIRECTION((0.,0.,1.));
#4061=IFCEXTRUDEDAREASOLID(#4055,#4059,#4060,1.7999999999999998);
#4062=IFCSHAPEREPRESENTATION(#12,'Body','SweptSolid',(#4052,#4061));
#4063=IFCPRODUCTDEFINITIONSHAPE($,$,(#4062));
#4064=IFCSTYLEDITEM(#4052,(#83),'Copa de \X2\00E1\X0\rvore');
#4065=IFCSTYLEDITEM(#4061,(#83),'Copa de \X2\00E1\X0\rvore');
#4066=IFCCARTESIANPOINT((4.,22.,-0.05));
#4067=IFCDIRECTION((0.,0.,1.));
#4068=IFCDIRECTION((1.,0.,0.));
#4069=IFCAXIS2PLACEMENT3D(#4066,#4067,#4068);
#4070=IFCLOCALPLACEMENT(#23,#4069);
#4071=IFCGEOGRAPHICELEMENT('000DIX001008000000003k',$,'\X2\00C1\X0\rvore 3',$,'PAISAGISMO',#4103,#4096,$,.USERDEFINED.);
#4077=IFCCARTESIANPOINTLIST2D(((0.8800000000000008,0.879999999999999),(1.1199999999999992,0.879999999999999),(1.1199999999999992,1.120000000000001),(0.8800000000000008,1.120000000000001)));
#4078=IFCINDEXEDPOLYCURVE(#4077,(IFCLINEINDEX((1,2,3,4,1))),$);
#4079=IFCARBITRARYCLOSEDPROFILEDEF(.AREA.,$,#4078);
#4080=IFCCARTESIANPOINT((0.,0.,0.));
#4081=IFCDIRECTION((0.,0.,1.));
#4082=IFCDIRECTION((1.,0.,0.));
#4083=IFCAXIS2PLACEMENT3D(#4080,#4081,#4082);
#4084=IFCDIRECTION((0.,0.,1.));
#4085=IFCEXTRUDEDAREASOLID(#4079,#4083,#4084,2.25);
#4086=IFCCARTESIANPOINTLIST2D(((0.,0.),(2.,0.),(2.,2.),(0.,2.)));
#4087=IFCINDEXEDPOLYCURVE(#4086,(IFCLINEINDEX((1,2,3,4,1))),$);
#4088=IFCARBITRARYCLOSEDPROFILEDEF(.AREA.,$,#4087);
#4089=IFCCARTESIANPOINT((0.,0.,2.25));
#4090=IFCDIRECTION((0.,0.,1.));
#4091=IFCDIRECTION((1.,0.,0.));
#4092=IFCAXIS2PLACEMENT3D(#4089,#4090,#4091);
#4093=IFCDIRECTION((0.,0.,1.));
#4094=IFCEXTRUDEDAREASOLID(#4088,#4092,#4093,1.7999999999999998);
#4095=IFCSHAPEREPRESENTATION(#12,'Body','SweptSolid',(#4085,#4094));
#4096=IFCPRODUCTDEFINITIONSHAPE($,$,(#4095));
#4097=IFCSTYLEDITEM(#4085,(#83),'Copa de \X2\00E1\X0\rvore');
#4098=IFCSTYLEDITEM(#4094,(#83),'Copa de \X2\00E1\X0\rvore');
#4099=IFCCARTESIANPOINT((9.8,20.5,-0.05));
#4100=IFCDIRECTION((0.,0.,1.));
#4101=IFCDIRECTION((1.,0.,0.));
#4102=IFCAXIS2PLACEMENT3D(#4099,#4100,#4101);
#4103=IFCLOCALPLACEMENT(#23,#4102);
ENDSEC;
END-ISO-10303-21;
