ISO-10303-21;
HEADER;
FILE_DESCRIPTION(('ViewDefinition [CoordinationView]'),'2;1');
FILE_NAME('','2026-10-07T00:00:00',('Construction 4D Studio'),(''),'IfcOpenShell 0.9.0alpha0-8c614fa','IfcOpenShell 0.9.0alpha0-8c614fa','');
FILE_SCHEMA(('IFC4'));
ENDSEC;
DATA;
#1=IFCPROJECT('00052o0010080000000001',$,'Sobrado de exemplo 4D',$,$,$,$,(#11),#6);
#2=IFCSIUNIT(*,.LENGTHUNIT.,$,.METRE.);
#3=IFCSIUNIT(*,.AREAUNIT.,$,.SQUARE_METRE.);
#4=IFCSIUNIT(*,.VOLUMEUNIT.,$,.CUBIC_METRE.);
#5=IFCSIUNIT(*,.PLANEANGLEUNIT.,$,.RADIAN.);
#6=IFCUNITASSIGNMENT((#2,#3,#4,#5));
#7=IFCCARTESIANPOINT((0.,0.,0.));
#8=IFCDIRECTION((0.,0.,1.));
#9=IFCDIRECTION((1.,0.,0.));
#10=IFCAXIS2PLACEMENT3D(#7,#8,#9);
#11=IFCGEOMETRICREPRESENTATIONCONTEXT($,'Model',3,1.E-05,#10,#13);
#12=IFCGEOMETRICREPRESENTATIONSUBCONTEXT('Body','Model',*,*,*,*,#11,$,.MODEL_VIEW.,$);
#13=IFCDIRECTION((0.9396926207859083,-0.3420201433256688));
#14=IFCSITE('00052o0010080000000002',$,'Lote 12,00 \X2\00D7\X0\ 25,00',$,$,#25,$,$,$,(-3,-42,-59,-904000),(-38,-32,-32,-280000),21.,$,$);
#15=IFCBUILDING('00052o0010080000000003',$,'Sobrado',$,$,#30,$,$,$,$,$,$);
#16=IFCBUILDINGSTOREY('00052o0010080000000004',$,'T\X2\00E9\X0\rreo',$,$,#35,$,$,$,0.);
#17=IFCBUILDINGSTOREY('00052o0010080000000005',$,'Pavimento superior',$,$,#40,$,$,$,3.);
#18=IFCRELAGGREGATES('00052o0010080000000006',$,$,$,#1,(#14));
#19=IFCRELAGGREGATES('00052o0010080000000007',$,$,$,#14,(#15));
#20=IFCRELAGGREGATES('00052o0010080000000008',$,$,$,#15,(#16,#17));
#21=IFCCARTESIANPOINT((0.,0.,0.));
#22=IFCDIRECTION((0.,0.,1.));
#23=IFCDIRECTION((1.,0.,0.));
#24=IFCAXIS2PLACEMENT3D(#21,#22,#23);
#25=IFCLOCALPLACEMENT($,#24);
#26=IFCCARTESIANPOINT((0.,0.,0.));
#27=IFCDIRECTION((0.,0.,1.));
#28=IFCDIRECTION((1.,0.,0.));
#29=IFCAXIS2PLACEMENT3D(#26,#27,#28);
#30=IFCLOCALPLACEMENT(#25,#29);
#31=IFCCARTESIANPOINT((0.,0.,0.));
#32=IFCDIRECTION((0.,0.,1.));
#33=IFCDIRECTION((1.,0.,0.));
#34=IFCAXIS2PLACEMENT3D(#31,#32,#33);
#35=IFCLOCALPLACEMENT(#30,#34);
#36=IFCCARTESIANPOINT((0.,0.,0.));
#37=IFCDIRECTION((0.,0.,1.));
#38=IFCDIRECTION((1.,0.,0.));
#39=IFCAXIS2PLACEMENT3D(#36,#37,#38);
#40=IFCLOCALPLACEMENT(#30,#39);
#41=IFCMATERIAL('Terreno natural',$,$);
#42=IFCSURFACESTYLE('Terreno natural',.BOTH.,(#43));
#43=IFCSURFACESTYLESHADING(#44,0.);
#44=IFCCOLOURRGB($,0.54,0.44,0.3);
#45=IFCMATERIAL('Concreto armado',$,$);
#46=IFCSURFACESTYLE('Concreto armado',.BOTH.,(#47));
#47=IFCSURFACESTYLESHADING(#48,0.);
#48=IFCCOLOURRGB($,0.62,0.62,0.6);
#49=IFCMATERIAL('Bloco cer\X2\00E2\X0\mico',$,$);
#50=IFCSURFACESTYLE('Bloco cer\X2\00E2\X0\mico',.BOTH.,(#51));
#51=IFCSURFACESTYLESHADING(#52,0.);
#52=IFCCOLOURRGB($,0.71,0.4,0.22);
#53=IFCMATERIAL('Telha cer\X2\00E2\X0\mica',$,$);
#54=IFCSURFACESTYLE('Telha cer\X2\00E2\X0\mica',.BOTH.,(#55));
#55=IFCSURFACESTYLESHADING(#56,0.);
#56=IFCCOLOURRGB($,0.55,0.27,0.18);
#57=IFCMATERIAL('Madeira',$,$);
#58=IFCSURFACESTYLE('Madeira',.BOTH.,(#59));
#59=IFCSURFACESTYLESHADING(#60,0.);
#60=IFCCOLOURRGB($,0.55,0.36,0.17);
#61=IFCMATERIAL('Vidro',$,$);
#62=IFCSURFACESTYLE('Vidro',.BOTH.,(#63));
#63=IFCSURFACESTYLESHADING(#64,0.55);
#64=IFCCOLOURRGB($,0.56,0.72,0.82);
#65=IFCMATERIAL('Porcelanato',$,$);
#66=IFCSURFACESTYLE('Porcelanato',.BOTH.,(#67));
#67=IFCSURFACESTYLESHADING(#68,0.);
#68=IFCCOLOURRGB($,0.85,0.82,0.76);
#69=IFCMATERIAL('Esquadria de alum\X2\00ED\X0\nio preto',$,$);
#70=IFCSURFACESTYLE('Esquadria de alum\X2\00ED\X0\nio preto',.BOTH.,(#71));
#71=IFCSURFACESTYLESHADING(#72,0.);
#72=IFCCOLOURRGB($,0.13,0.13,0.14);
#73=IFCMATERIAL('Granito cinza',$,$);
#74=IFCSURFACESTYLE('Granito cinza',.BOTH.,(#75));
#75=IFCSURFACESTYLESHADING(#76,0.);
#76=IFCCOLOURRGB($,0.55,0.55,0.54);
#77=IFCMATERIAL('Laca branca',$,$);
#78=IFCSURFACESTYLE('Laca branca',.BOTH.,(#79));
#79=IFCSURFACESTYLESHADING(#80,0.);
#80=IFCCOLOURRGB($,0.94,0.93,0.9);
#81=IFCMATERIAL('Rodap\X2\00E9\X0\ de porcelanato',$,$);
#82=IFCSURFACESTYLE('Rodap\X2\00E9\X0\ de porcelanato',.BOTH.,(#83));
#83=IFCSURFACESTYLESHADING(#84,0.);
#84=IFCCOLOURRGB($,0.85,0.82,0.76);
#85=IFCMATERIAL('Pedra em cacos',$,$);
#86=IFCSURFACESTYLE('Pedra em cacos',.BOTH.,(#87));
#87=IFCSURFACESTYLESHADING(#88,0.);
#88=IFCCOLOURRGB($,0.62,0.58,0.52);
#89=IFCMATERIAL('Ripado de madeira freij\X2\00F3\X0\',$,$);
#90=IFCSURFACESTYLE('Ripado de madeira freij\X2\00F3\X0\',.BOTH.,(#91));
#91=IFCSURFACESTYLESHADING(#92,0.);
#92=IFCCOLOURRGB($,0.62,0.43,0.26);
#93=IFCMATERIAL('Lou\X2\00E7\X0\a sanit\X2\00E1\X0\ria',$,$);
#94=IFCSURFACESTYLE('Lou\X2\00E7\X0\a sanit\X2\00E1\X0\ria',.BOTH.,(#95));
#95=IFCSURFACESTYLESHADING(#96,0.);
#96=IFCCOLOURRGB($,0.96,0.96,0.95);
#97=IFCMATERIAL('PVC',$,$);
#98=IFCSURFACESTYLE('PVC',.BOTH.,(#99));
#99=IFCSURFACESTYLESHADING(#100,0.);
#100=IFCCOLOURRGB($,0.23,0.49,0.85);
#101=IFCMATERIAL('Polietileno',$,$);
#102=IFCSURFACESTYLE('Polietileno',.BOTH.,(#103));
#103=IFCSURFACESTYLESHADING(#104,0.);
#104=IFCCOLOURRGB($,0.2,0.36,0.62);
#105=IFCMATERIAL('Grama',$,$);
#106=IFCSURFACESTYLE('Grama',.BOTH.,(#107));
#107=IFCSURFACESTYLESHADING(#108,0.);
#108=IFCCOLOURRGB($,0.37,0.54,0.29);
#109=IFCMATERIAL('Copa de \X2\00E1\X0\rvore',$,$);
#110=IFCSURFACESTYLE('Copa de \X2\00E1\X0\rvore',.BOTH.,(#111));
#111=IFCSURFACESTYLESHADING(#112,0.);
#112=IFCCOLOURRGB($,0.31,0.48,0.23);
#113=IFCMATERIAL('Tecido',$,$);
#114=IFCSURFACESTYLE('Tecido',.BOTH.,(#115));
#115=IFCSURFACESTYLESHADING(#116,0.);
#116=IFCCOLOURRGB($,0.36,0.42,0.5);
#117=IFCMATERIAL('Tecido claro',$,$);
#118=IFCSURFACESTYLE('Tecido claro',.BOTH.,(#119));
#119=IFCSURFACESTYLESHADING(#120,0.);
#120=IFCCOLOURRGB($,0.9,0.88,0.84);
#121=IFCMATERIAL('Madeira clara',$,$);
#122=IFCSURFACESTYLE('Madeira clara',.BOTH.,(#123));
#123=IFCSURFACESTYLESHADING(#124,0.);
#124=IFCCOLOURRGB($,0.74,0.58,0.4);
#125=IFCMATERIAL('Tela de TV',$,$);
#126=IFCSURFACESTYLE('Tela de TV',.BOTH.,(#127));
#127=IFCSURFACESTYLESHADING(#128,0.);
#128=IFCCOLOURRGB($,0.05,0.05,0.06);
#129=IFCMATERIAL('A\X2\00E7\X0\o inox',$,$);
#130=IFCSURFACESTYLE('A\X2\00E7\X0\o inox',.BOTH.,(#131));
#131=IFCSURFACESTYLESHADING(#132,0.);
#132=IFCCOLOURRGB($,0.76,0.77,0.78);
#133=IFCMATERIAL('Terracota',$,$);
#134=IFCSURFACESTYLE('Terracota',.BOTH.,(#135));
#135=IFCSURFACESTYLESHADING(#136,0.);
#136=IFCCOLOURRGB($,0.62,0.36,0.24);
#137=IFCMATERIAL('Folhagem',$,$);
#138=IFCSURFACESTYLE('Folhagem',.BOTH.,(#139));
#139=IFCSURFACESTYLESHADING(#140,0.);
#140=IFCCOLOURRGB($,0.25,0.45,0.2);
#141=IFCCARTESIANPOINTLIST2D(((-2.,-5.),(10.,-5.),(10.,-0.4500000000000002),(-2.,-0.4500000000000002)));
#142=IFCINDEXEDPOLYCURVE(#141,(IFCLINEINDEX((1,2,3,4,1))),$);
#143=IFCARBITRARYCLOSEDPROFILEDEF(.AREA.,$,#142);
#144=IFCCARTESIANPOINT((0.,0.,-0.4));
#145=IFCDIRECTION((0.,0.,1.));
#146=IFCDIRECTION((1.,0.,0.));
#147=IFCAXIS2PLACEMENT3D(#144,#145,#146);
#148=IFCDIRECTION((0.,0.,1.));
#149=IFCEXTRUDEDAREASOLID(#143,#147,#148,0.30000000000000004);
#150=IFCCARTESIANPOINTLIST2D(((-2.,12.45),(10.,12.45),(10.,20.),(-2.,20.)));
#151=IFCINDEXEDPOLYCURVE(#150,(IFCLINEINDEX((1,2,3,4,1))),$);
#152=IFCARBITRARYCLOSEDPROFILEDEF(.AREA.,$,#151);
#153=IFCCARTESIANPOINT((0.,0.,-0.4));
#154=IFCDIRECTION((0.,0.,1.));
#155=IFCDIRECTION((1.,0.,0.));
#156=IFCAXIS2PLACEMENT3D(#153,#154,#155);
#157=IFCDIRECTION((0.,0.,1.));
#158=IFCEXTRUDEDAREASOLID(#152,#156,#157,0.30000000000000004);
#159=IFCCARTESIANPOINTLIST2D(((-2.,-0.45),(-0.44999999999999996,-0.45),(-0.44999999999999996,12.45),(-2.,12.45)));
#160=IFCINDEXEDPOLYCURVE(#159,(IFCLINEINDEX((1,2,3,4,1))),$);
#161=IFCARBITRARYCLOSEDPROFILEDEF(.AREA.,$,#160);
#162=IFCCARTESIANPOINT((0.,0.,-0.4));
#163=IFCDIRECTION((0.,0.,1.));
#164=IFCDIRECTION((1.,0.,0.));
#165=IFCAXIS2PLACEMENT3D(#162,#163,#164);
#166=IFCDIRECTION((0.,0.,1.));
#167=IFCEXTRUDEDAREASOLID(#161,#165,#166,0.30000000000000004);
#168=IFCCARTESIANPOINTLIST2D(((8.45,-0.45),(10.,-0.45),(10.,12.45),(8.45,12.45)));
#169=IFCINDEXEDPOLYCURVE(#168,(IFCLINEINDEX((1,2,3,4,1))),$);
#170=IFCARBITRARYCLOSEDPROFILEDEF(.AREA.,$,#169);
#171=IFCCARTESIANPOINT((0.,0.,-0.4));
#172=IFCDIRECTION((0.,0.,1.));
#173=IFCDIRECTION((1.,0.,0.));
#174=IFCAXIS2PLACEMENT3D(#171,#172,#173);
#175=IFCDIRECTION((0.,0.,1.));
#176=IFCEXTRUDEDAREASOLID(#170,#174,#175,0.30000000000000004);
#177=IFCGEOGRAPHICELEMENT('00052o0010080000000009',$,'Terreno',$,$,#195,#184,$,.TERRAIN.);
#183=IFCSHAPEREPRESENTATION(#12,'Body','SweptSolid',(#149,#158,#167,#176));
#184=IFCPRODUCTDEFINITIONSHAPE($,$,(#183));
#185=IFCSTYLEDITEM(#149,(#42),'Terreno natural');
#186=IFCSTYLEDITEM(#158,(#42),'Terreno natural');
#187=IFCSTYLEDITEM(#167,(#42),'Terreno natural');
#188=IFCSTYLEDITEM(#176,(#42),'Terreno natural');
#189=IFCRELASSOCIATESMATERIAL('00052o001008000000000A',$,$,$,(#177),#41);
#190=IFCRELCONTAINEDINSPATIALSTRUCTURE('00052o001008000000000B',$,$,$,(#2975,#177,#3007,#3041,#2951),#14);
#191=IFCCARTESIANPOINT((0.,0.,0.));
#192=IFCDIRECTION((0.,0.,1.));
#193=IFCDIRECTION((1.,0.,0.));
#194=IFCAXIS2PLACEMENT3D(#191,#192,#193);
#195=IFCLOCALPLACEMENT(#25,#194);
#196=IFCCARTESIANPOINTLIST2D(((-0.075,-0.075),(8.075,-0.075),(8.075,0.075),(-0.075,0.075)));
#197=IFCINDEXEDPOLYCURVE(#196,(IFCLINEINDEX((1,2,3,4,1))),$);
#198=IFCARBITRARYCLOSEDPROFILEDEF(.AREA.,$,#197);
#199=IFCCARTESIANPOINT((0.,0.,0.));
#200=IFCDIRECTION((0.,0.,1.));
#201=IFCDIRECTION((1.,0.,0.));
#202=IFCAXIS2PLACEMENT3D(#199,#200,#201);
#203=IFCDIRECTION((0.,0.,1.));
#204=IFCEXTRUDEDAREASOLID(#198,#202,#203,2.8);
#205=IFCWALL('00052o001008000000000C',$,'Parede: fachada frontal (t\X2\00E9\X0\rreo)',$,$,#220,#212,$,.SOLIDWALL.);
#211=IFCSHAPEREPRESENTATION(#12,'Body','SweptSolid',(#204));
#212=IFCPRODUCTDEFINITIONSHAPE($,$,(#211));
#213=IFCSTYLEDITEM(#204,(#50),'Bloco cer\X2\00E2\X0\mico');
#214=IFCRELASSOCIATESMATERIAL('00052o001008000000000D',$,$,$,(#1168,#253,#1053,#2579,#322,#1122,#205,#1191,#276,#1076,#2602,#1145,#230,#1029,#2556,#299,#1099,#2625),#49);
#215=IFCRELCONTAINEDINSPATIALSTRUCTURE('00052o001008000000000E',$,$,$,(#3179,#4377,#2454,#2217,#253,#3666,#753,#3435,#1987,#1006,#516,#4875,#3206,#2240,#276,#4405,#3690,#776,#2010,#3229,#299,#799,#4672,#2033,#564,#322,#822,#2056,#3508,#4464,#4703,#3750,#845,#3289,#2079,#612,#4491,#370,#868,#5927,#5692,#2102,#2834,#4848,#891,#3092,#4762,#4286,#2125,#660,#3581,#419,#1895,#914,#2148,#3119,#4550,#4789,#2881,#3362,#4317,#684,#2398,#3609,#1918,#937,#2648,#205,#2171,#4577,#707,#468,#3633,#960,#1941,#2672,#230,#2194,#730,#1964,#983),#16);
#216=IFCCARTESIANPOINT((0.,0.,0.));
#217=IFCDIRECTION((0.,0.,1.));
#218=IFCDIRECTION((1.,0.,0.));
#219=IFCAXIS2PLACEMENT3D(#216,#217,#218);
#220=IFCLOCALPLACEMENT(#35,#219);
#221=IFCCARTESIANPOINTLIST2D(((-0.075,11.925),(8.075,11.925),(8.075,12.075),(-0.075,12.075)));
#222=IFCINDEXEDPOLYCURVE(#221,(IFCLINEINDEX((1,2,3,4,1))),$);
#223=IFCARBITRARYCLOSEDPROFILEDEF(.AREA.,$,#222);
#224=IFCCARTESIANPOINT((0.,0.,0.));
#225=IFCDIRECTION((0.,0.,1.));
#226=IFCDIRECTION((1.,0.,0.));
#227=IFCAXIS2PLACEMENT3D(#224,#225,#226);
#228=IFCDIRECTION((0.,0.,1.));
#229=IFCEXTRUDEDAREASOLID(#223,#227,#228,2.8);
#230=IFCWALL('00052o001008000000000F',$,'Parede: fachada dos fundos (t\X2\00E9\X0\rreo)',$,$,#243,#237,$,.SOLIDWALL.);
#236=IFCSHAPEREPRESENTATION(#12,'Body','SweptSolid',(#229));
#237=IFCPRODUCTDEFINITIONSHAPE($,$,(#236));
#238=IFCSTYLEDITEM(#229,(#50),'Bloco cer\X2\00E2\X0\mico');
#239=IFCCARTESIANPOINT((0.,0.,0.));
#240=IFCDIRECTION((0.,0.,1.));
#241=IFCDIRECTION((1.,0.,0.));
#242=IFCAXIS2PLACEMENT3D(#239,#240,#241);
#243=IFCLOCALPLACEMENT(#35,#242);
#244=IFCCARTESIANPOINTLIST2D(((-0.075,-0.075),(0.075,-0.075),(0.075,12.075),(-0.075,12.075)));
#245=IFCINDEXEDPOLYCURVE(#244,(IFCLINEINDEX((1,2,3,4,1))),$);
#246=IFCARBITRARYCLOSEDPROFILEDEF(.AREA.,$,#245);
#247=IFCCARTESIANPOINT((0.,0.,0.));
#248=IFCDIRECTION((0.,0.,1.));
#249=IFCDIRECTION((1.,0.,0.));
#250=IFCAXIS2PLACEMENT3D(#247,#248,#249);
#251=IFCDIRECTION((0.,0.,1.));
#252=IFCEXTRUDEDAREASOLID(#246,#250,#251,2.8);
#253=IFCWALL('00052o001008000000000G',$,'Parede: lateral oeste (t\X2\00E9\X0\rreo)',$,$,#266,#260,$,.SOLIDWALL.);
#259=IFCSHAPEREPRESENTATION(#12,'Body','SweptSolid',(#252));
#260=IFCPRODUCTDEFINITIONSHAPE($,$,(#259));
#261=IFCSTYLEDITEM(#252,(#50),'Bloco cer\X2\00E2\X0\mico');
#262=IFCCARTESIANPOINT((0.,0.,0.));
#263=IFCDIRECTION((0.,0.,1.));
#264=IFCDIRECTION((1.,0.,0.));
#265=IFCAXIS2PLACEMENT3D(#262,#263,#264);
#266=IFCLOCALPLACEMENT(#35,#265);
#267=IFCCARTESIANPOINTLIST2D(((7.925,-0.075),(8.075,-0.075),(8.075,12.075),(7.925,12.075)));
#268=IFCINDEXEDPOLYCURVE(#267,(IFCLINEINDEX((1,2,3,4,1))),$);
#269=IFCARBITRARYCLOSEDPROFILEDEF(.AREA.,$,#268);
#270=IFCCARTESIANPOINT((0.,0.,0.));
#271=IFCDIRECTION((0.,0.,1.));
#272=IFCDIRECTION((1.,0.,0.));
#273=IFCAXIS2PLACEMENT3D(#270,#271,#272);
#274=IFCDIRECTION((0.,0.,1.));
#275=IFCEXTRUDEDAREASOLID(#269,#273,#274,2.8);
#276=IFCWALL('00052o001008000000000H',$,'Parede: lateral leste (t\X2\00E9\X0\rreo)',$,$,#289,#283,$,.SOLIDWALL.);
#282=IFCSHAPEREPRESENTATION(#12,'Body','SweptSolid',(#275));
#283=IFCPRODUCTDEFINITIONSHAPE($,$,(#282));
#284=IFCSTYLEDITEM(#275,(#50),'Bloco cer\X2\00E2\X0\mico');
#285=IFCCARTESIANPOINT((0.,0.,0.));
#286=IFCDIRECTION((0.,0.,1.));
#287=IFCDIRECTION((1.,0.,0.));
#288=IFCAXIS2PLACEMENT3D(#285,#286,#287);
#289=IFCLOCALPLACEMENT(#35,#288);
#290=IFCCARTESIANPOINTLIST2D(((-0.075,6.925),(5.875,6.925),(5.875,7.075),(-0.075,7.075)));
#291=IFCINDEXEDPOLYCURVE(#290,(IFCLINEINDEX((1,2,3,4,1))),$);
#292=IFCARBITRARYCLOSEDPROFILEDEF(.AREA.,$,#291);
#293=IFCCARTESIANPOINT((0.,0.,0.));
#294=IFCDIRECTION((0.,0.,1.));
#295=IFCDIRECTION((1.,0.,0.));
#296=IFCAXIS2PLACEMENT3D(#293,#294,#295);
#297=IFCDIRECTION((0.,0.,1.));
#298=IFCEXTRUDEDAREASOLID(#292,#296,#297,2.8);
#299=IFCWALL('00052o001008000000000I',$,'Parede: sala e cozinha (t\X2\00E9\X0\rreo)',$,$,#312,#306,$,.SOLIDWALL.);
#305=IFCSHAPEREPRESENTATION(#12,'Body','SweptSolid',(#298));
#306=IFCPRODUCTDEFINITIONSHAPE($,$,(#305));
#307=IFCSTYLEDITEM(#298,(#50),'Bloco cer\X2\00E2\X0\mico');
#308=IFCCARTESIANPOINT((0.,0.,0.));
#309=IFCDIRECTION((0.,0.,1.));
#310=IFCDIRECTION((1.,0.,0.));
#311=IFCAXIS2PLACEMENT3D(#308,#309,#310);
#312=IFCLOCALPLACEMENT(#35,#311);
#313=IFCCARTESIANPOINTLIST2D(((6.625,6.925),(6.775,6.925),(6.775,12.075),(6.625,12.075)));
#314=IFCINDEXEDPOLYCURVE(#313,(IFCLINEINDEX((1,2,3,4,1))),$);
#315=IFCARBITRARYCLOSEDPROFILEDEF(.AREA.,$,#314);
#316=IFCCARTESIANPOINT((0.,0.,0.));
#317=IFCDIRECTION((0.,0.,1.));
#318=IFCDIRECTION((1.,0.,0.));
#319=IFCAXIS2PLACEMENT3D(#316,#317,#318);
#320=IFCDIRECTION((0.,0.,1.));
#321=IFCEXTRUDEDAREASOLID(#315,#319,#320,2.8);
#322=IFCWALL('00052o001008000000000J',$,'Parede: cozinha e escada (t\X2\00E9\X0\rreo)',$,$,#335,#329,$,.SOLIDWALL.);
#328=IFCSHAPEREPRESENTATION(#12,'Body','SweptSolid',(#321));
#329=IFCPRODUCTDEFINITIONSHAPE($,$,(#328));
#330=IFCSTYLEDITEM(#321,(#50),'Bloco cer\X2\00E2\X0\mico');
#331=IFCCARTESIANPOINT((0.,0.,0.));
#332=IFCDIRECTION((0.,0.,1.));
#333=IFCDIRECTION((1.,0.,0.));
#334=IFCAXIS2PLACEMENT3D(#331,#332,#333);
#335=IFCLOCALPLACEMENT(#35,#334);
#336=IFCCARTESIANPOINTLIST2D(((1.,-0.125),(2.1,-0.125),(2.1,0.125),(1.,0.125)));
#337=IFCINDEXEDPOLYCURVE(#336,(IFCLINEINDEX((1,2,3,4,1))),$);
#338=IFCARBITRARYCLOSEDPROFILEDEF(.AREA.,$,#337);
#339=IFCCARTESIANPOINT((0.,0.,0.));
#340=IFCDIRECTION((0.,0.,1.));
#341=IFCDIRECTION((1.,0.,0.));
#342=IFCAXIS2PLACEMENT3D(#339,#340,#341);
#343=IFCDIRECTION((0.,0.,1.));
#344=IFCEXTRUDEDAREASOLID(#338,#342,#343,2.1);
#345=IFCCARTESIANPOINTLIST2D(((1.,-0.02),(2.1,-0.02),(2.1,0.02),(1.,0.02)));
#346=IFCINDEXEDPOLYCURVE(#345,(IFCLINEINDEX((1,2,3,4,1))),$);
#347=IFCARBITRARYCLOSEDPROFILEDEF(.AREA.,$,#346);
#348=IFCCARTESIANPOINT((0.,0.,0.));
#349=IFCDIRECTION((0.,0.,1.));
#350=IFCDIRECTION((1.,0.,0.));
#351=IFCAXIS2PLACEMENT3D(#348,#349,#350);
#352=IFCDIRECTION((0.,0.,1.));
#353=IFCEXTRUDEDAREASOLID(#347,#351,#352,2.1);
#354=IFCOPENINGELEMENT('00052o001008000000000K',$,'V\X2\00E3\X0\o: Porta de entrada',$,$,#369,#361,$,.OPENING.);
#360=IFCSHAPEREPRESENTATION(#12,'Body','SweptSolid',(#344));
#361=IFCPRODUCTDEFINITIONSHAPE($,$,(#360));
#362=IFCSTYLEDITEM(#344,(#46),'Concreto armado');
#363=IFCRELASSOCIATESMATERIAL('00052o001008000000000L',$,$,$,(#2217,#2454,#1849,#501,#868,#1734,#753,#1367,#2102,#1619,#1006,#1987,#2240,#645,#1872,#891,#2479,#404,#1511,#776,#1757,#2125,#1596,#1271,#1642,#2010,#1895,#914,#549,#1780,#799,#2148,#1415,#1665,#684,#2033,#2398,#1550,#937,#1918,#1803,#453,#822,#2171,#1319,#707,#1688,#2056,#1573,#960,#1941,#597,#1826,#845,#354,#2194,#1463,#1711,#730,#2079,#1223,#1964,#983),#45);
#364=IFCRELVOIDSELEMENT('00052o001008000000000M',$,$,$,#205,#354);
#365=IFCCARTESIANPOINT((0.,0.,0.));
#366=IFCDIRECTION((0.,0.,1.));
#367=IFCDIRECTION((1.,0.,0.));
#368=IFCAXIS2PLACEMENT3D(#365,#366,#367);
#369=IFCLOCALPLACEMENT(#220,#368);
#370=IFCDOOR('00052o001008000000000N',$,'Porta de entrada',$,$,#384,#377,$,2.1,1.1,.DOOR.,$,$);
#376=IFCSHAPEREPRESENTATION(#12,'Body','SweptSolid',(#353));
#377=IFCPRODUCTDEFINITIONSHAPE($,$,(#376));
#378=IFCSTYLEDITEM(#353,(#58),'Madeira');
#379=IFCRELASSOCIATESMATERIAL('00052o001008000000000O',$,$,$,(#370,#3179,#1478,#4672,#4286,#564,#1430,#3853,#1526,#3206,#4191),#57);
#380=IFCCARTESIANPOINT((0.,0.,0.));
#381=IFCDIRECTION((0.,0.,1.));
#382=IFCDIRECTION((1.,0.,0.));
#383=IFCAXIS2PLACEMENT3D(#380,#381,#382);
#384=IFCLOCALPLACEMENT(#35,#383);
#385=IFCRELFILLSELEMENT('00052o001008000000000P',$,$,$,#354,#370);
#386=IFCCARTESIANPOINTLIST2D(((3.5,-0.125),(6.5,-0.125),(6.5,0.125),(3.5,0.125)));
#387=IFCINDEXEDPOLYCURVE(#386,(IFCLINEINDEX((1,2,3,4,1))),$);
#388=IFCARBITRARYCLOSEDPROFILEDEF(.AREA.,$,#387);
#389=IFCCARTESIANPOINT((0.,0.,0.5));
#390=IFCDIRECTION((0.,0.,1.));
#391=IFCDIRECTION((1.,0.,0.));
#392=IFCAXIS2PLACEMENT3D(#389,#390,#391);
#393=IFCDIRECTION((0.,0.,1.));
#394=IFCEXTRUDEDAREASOLID(#388,#392,#393,2.);
#395=IFCCARTESIANPOINTLIST2D(((3.5,-0.02),(6.5,-0.02),(6.5,0.02),(3.5,0.02)));
#396=IFCINDEXEDPOLYCURVE(#395,(IFCLINEINDEX((1,2,3,4,1))),$);
#397=IFCARBITRARYCLOSEDPROFILEDEF(.AREA.,$,#396);
#398=IFCCARTESIANPOINT((0.,0.,0.5));
#399=IFCDIRECTION((0.,0.,1.));
#400=IFCDIRECTION((1.,0.,0.));
#401=IFCAXIS2PLACEMENT3D(#398,#399,#400);
#402=IFCDIRECTION((0.,0.,1.));
#403=IFCEXTRUDEDAREASOLID(#397,#401,#402,2.);
#404=IFCOPENINGELEMENT('00052o001008000000000Q',$,'V\X2\00E3\X0\o: Janela da sala',$,$,#418,#411,$,.OPENING.);
#410=IFCSHAPEREPRESENTATION(#12,'Body','SweptSolid',(#394));
#411=IFCPRODUCTDEFINITIONSHAPE($,$,(#410));
#412=IFCSTYLEDITEM(#394,(#46),'Concreto armado');
#413=IFCRELVOIDSELEMENT('00052o001008000000000R',$,$,$,#205,#404);
#414=IFCCARTESIANPOINT((0.,0.,0.));
#415=IFCDIRECTION((0.,0.,1.));
#416=IFCDIRECTION((1.,0.,0.));
#417=IFCAXIS2PLACEMENT3D(#414,#415,#416);
#418=IFCLOCALPLACEMENT(#220,#417);
#419=IFCWINDOW('00052o001008000000000S',$,'Janela da sala',$,$,#433,#426,$,2.,3.,.WINDOW.,$,$);
#425=IFCSHAPEREPRESENTATION(#12,'Body','SweptSolid',(#403));
#426=IFCPRODUCTDEFINITIONSHAPE($,$,(#425));
#427=IFCSTYLEDITEM(#403,(#62),'Vidro');
#428=IFCRELASSOCIATESMATERIAL('00052o001008000000000T',$,$,$,(#468,#1238,#1334,#660,#419,#516,#1286,#612,#1382),#61);
#429=IFCCARTESIANPOINT((0.,0.,0.));
#430=IFCDIRECTION((0.,0.,1.));
#431=IFCDIRECTION((1.,0.,0.));
#432=IFCAXIS2PLACEMENT3D(#429,#430,#431);
#433=IFCLOCALPLACEMENT(#35,#432);
#434=IFCRELFILLSELEMENT('00052o001008000000000U',$,$,$,#404,#419);
#435=IFCCARTESIANPOINTLIST2D(((-0.125,2.),(0.125,2.),(0.125,4.),(-0.125,4.)));
#436=IFCINDEXEDPOLYCURVE(#435,(IFCLINEINDEX((1,2,3,4,1))),$);
#437=IFCARBITRARYCLOSEDPROFILEDEF(.AREA.,$,#436);
#438=IFCCARTESIANPOINT((0.,0.,1.));
#439=IFCDIRECTION((0.,0.,1.));
#440=IFCDIRECTION((1.,0.,0.));
#441=IFCAXIS2PLACEMENT3D(#438,#439,#440);
#442=IFCDIRECTION((0.,0.,1.));
#443=IFCEXTRUDEDAREASOLID(#437,#441,#442,1.2000000000000002);
#444=IFCCARTESIANPOINTLIST2D(((-0.02,2.),(0.02,2.),(0.02,4.),(-0.02,4.)));
#445=IFCINDEXEDPOLYCURVE(#444,(IFCLINEINDEX((1,2,3,4,1))),$);
#446=IFCARBITRARYCLOSEDPROFILEDEF(.AREA.,$,#445);
#447=IFCCARTESIANPOINT((0.,0.,1.));
#448=IFCDIRECTION((0.,0.,1.));
#449=IFCDIRECTION((1.,0.,0.));
#450=IFCAXIS2PLACEMENT3D(#447,#448,#449);
#451=IFCDIRECTION((0.,0.,1.));
#452=IFCEXTRUDEDAREASOLID(#446,#450,#451,1.2000000000000002);
#453=IFCOPENINGELEMENT('00052o001008000000000V',$,'V\X2\00E3\X0\o: Janela lateral da sala',$,$,#467,#460,$,.OPENING.);
#459=IFCSHAPEREPRESENTATION(#12,'Body','SweptSolid',(#443));
#460=IFCPRODUCTDEFINITIONSHAPE($,$,(#459));
#461=IFCSTYLEDITEM(#443,(#46),'Concreto armado');
#462=IFCRELVOIDSELEMENT('00052o001008000000000W',$,$,$,#253,#453);
#463=IFCCARTESIANPOINT((0.,0.,0.));
#464=IFCDIRECTION((0.,0.,1.));
#465=IFCDIRECTION((1.,0.,0.));
#466=IFCAXIS2PLACEMENT3D(#463,#464,#465);
#467=IFCLOCALPLACEMENT(#266,#466);
#468=IFCWINDOW('00052o001008000000000X',$,'Janela lateral da sala',$,$,#481,#475,$,1.2,2.,.WINDOW.,$,$);
#474=IFCSHAPEREPRESENTATION(#12,'Body','SweptSolid',(#452));
#475=IFCPRODUCTDEFINITIONSHAPE($,$,(#474));
#476=IFCSTYLEDITEM(#452,(#62),'Vidro');
#477=IFCCARTESIANPOINT((0.,0.,0.));
#478=IFCDIRECTION((0.,0.,1.));
#479=IFCDIRECTION((1.,0.,0.));
#480=IFCAXIS2PLACEMENT3D(#477,#478,#479);
#481=IFCLOCALPLACEMENT(#35,#480);
#482=IFCRELFILLSELEMENT('00052o001008000000000Y',$,$,$,#453,#468);
#483=IFCCARTESIANPOINTLIST2D(((7.875,1.5),(8.125,1.5),(8.125,3.5),(7.875,3.5)));
#484=IFCINDEXEDPOLYCURVE(#483,(IFCLINEINDEX((1,2,3,4,1))),$);
#485=IFCARBITRARYCLOSEDPROFILEDEF(.AREA.,$,#484);
#486=IFCCARTESIANPOINT((0.,0.,1.));
#487=IFCDIRECTION((0.,0.,1.));
#488=IFCDIRECTION((1.,0.,0.));
#489=IFCAXIS2PLACEMENT3D(#486,#487,#488);
#490=IFCDIRECTION((0.,0.,1.));
#491=IFCEXTRUDEDAREASOLID(#485,#489,#490,1.2000000000000002);
#492=IFCCARTESIANPOINTLIST2D(((7.98,1.5),(8.02,1.5),(8.02,3.5),(7.98,3.5)));
#493=IFCINDEXEDPOLYCURVE(#492,(IFCLINEINDEX((1,2,3,4,1))),$);
#494=IFCARBITRARYCLOSEDPROFILEDEF(.AREA.,$,#493);
#495=IFCCARTESIANPOINT((0.,0.,1.));
#496=IFCDIRECTION((0.,0.,1.));
#497=IFCDIRECTION((1.,0.,0.));
#498=IFCAXIS2PLACEMENT3D(#495,#496,#497);
#499=IFCDIRECTION((0.,0.,1.));
#500=IFCEXTRUDEDAREASOLID(#494,#498,#499,1.2000000000000002);
#501=IFCOPENINGELEMENT('00052o001008000000000Z',$,'V\X2\00E3\X0\o: Janela leste da sala',$,$,#515,#508,$,.OPENING.);
#507=IFCSHAPEREPRESENTATION(#12,'Body','SweptSolid',(#491));
#508=IFCPRODUCTDEFINITIONSHAPE($,$,(#507));
#509=IFCSTYLEDITEM(#491,(#46),'Concreto armado');
#510=IFCRELVOIDSELEMENT('00052o001008000000000a',$,$,$,#276,#501);
#511=IFCCARTESIANPOINT((0.,0.,0.));
#512=IFCDIRECTION((0.,0.,1.));
#513=IFCDIRECTION((1.,0.,0.));
#514=IFCAXIS2PLACEMENT3D(#511,#512,#513);
#515=IFCLOCALPLACEMENT(#289,#514);
#516=IFCWINDOW('00052o001008000000000b',$,'Janela leste da sala',$,$,#529,#523,$,1.2,2.,.WINDOW.,$,$);
#522=IFCSHAPEREPRESENTATION(#12,'Body','SweptSolid',(#500));
#523=IFCPRODUCTDEFINITIONSHAPE($,$,(#522));
#524=IFCSTYLEDITEM(#500,(#62),'Vidro');
#525=IFCCARTESIANPOINT((0.,0.,0.));
#526=IFCDIRECTION((0.,0.,1.));
#527=IFCDIRECTION((1.,0.,0.));
#528=IFCAXIS2PLACEMENT3D(#525,#526,#527);
#529=IFCLOCALPLACEMENT(#35,#528);
#530=IFCRELFILLSELEMENT('00052o001008000000000c',$,$,$,#501,#516);
#531=IFCCARTESIANPOINTLIST2D(((4.,11.875),(4.9,11.875),(4.9,12.125),(4.,12.125)));
#532=IFCINDEXEDPOLYCURVE(#531,(IFCLINEINDEX((1,2,3,4,1))),$);
#533=IFCARBITRARYCLOSEDPROFILEDEF(.AREA.,$,#532);
#534=IFCCARTESIANPOINT((0.,0.,0.));
#535=IFCDIRECTION((0.,0.,1.));
#536=IFCDIRECTION((1.,0.,0.));
#537=IFCAXIS2PLACEMENT3D(#534,#535,#536);
#538=IFCDIRECTION((0.,0.,1.));
#539=IFCEXTRUDEDAREASOLID(#533,#537,#538,2.1);
#540=IFCCARTESIANPOINTLIST2D(((4.,11.98),(4.9,11.98),(4.9,12.02),(4.,12.02)));
#541=IFCINDEXEDPOLYCURVE(#540,(IFCLINEINDEX((1,2,3,4,1))),$);
#542=IFCARBITRARYCLOSEDPROFILEDEF(.AREA.,$,#541);
#543=IFCCARTESIANPOINT((0.,0.,0.));
#544=IFCDIRECTION((0.,0.,1.));
#545=IFCDIRECTION((1.,0.,0.));
#546=IFCAXIS2PLACEMENT3D(#543,#544,#545);
#547=IFCDIRECTION((0.,0.,1.));
#548=IFCEXTRUDEDAREASOLID(#542,#546,#547,2.1);
#549=IFCOPENINGELEMENT('00052o001008000000000d',$,'V\X2\00E3\X0\o: Porta da cozinha',$,$,#563,#556,$,.OPENING.);
#555=IFCSHAPEREPRESENTATION(#12,'Body','SweptSolid',(#539));
#556=IFCPRODUCTDEFINITIONSHAPE($,$,(#555));
#557=IFCSTYLEDITEM(#539,(#46),'Concreto armado');
#558=IFCRELVOIDSELEMENT('00052o001008000000000e',$,$,$,#230,#549);
#559=IFCCARTESIANPOINT((0.,0.,0.));
#560=IFCDIRECTION((0.,0.,1.));
#561=IFCDIRECTION((1.,0.,0.));
#562=IFCAXIS2PLACEMENT3D(#559,#560,#561);
#563=IFCLOCALPLACEMENT(#243,#562);
#564=IFCDOOR('00052o001008000000000f',$,'Porta da cozinha',$,$,#577,#571,$,2.1,0.9,.DOOR.,$,$);
#570=IFCSHAPEREPRESENTATION(#12,'Body','SweptSolid',(#548));
#571=IFCPRODUCTDEFINITIONSHAPE($,$,(#570));
#572=IFCSTYLEDITEM(#548,(#58),'Madeira');
#573=IFCCARTESIANPOINT((0.,0.,0.));
#574=IFCDIRECTION((0.,0.,1.));
#575=IFCDIRECTION((1.,0.,0.));
#576=IFCAXIS2PLACEMENT3D(#573,#574,#575);
#577=IFCLOCALPLACEMENT(#35,#576);
#578=IFCRELFILLSELEMENT('00052o001008000000000g',$,$,$,#549,#564);
#579=IFCCARTESIANPOINTLIST2D(((1.,11.875),(3.,11.875),(3.,12.125),(1.,12.125)));
#580=IFCINDEXEDPOLYCURVE(#579,(IFCLINEINDEX((1,2,3,4,1))),$);
#581=IFCARBITRARYCLOSEDPROFILEDEF(.AREA.,$,#580);
#582=IFCCARTESIANPOINT((0.,0.,1.1));
#583=IFCDIRECTION((0.,0.,1.));
#584=IFCDIRECTION((1.,0.,0.));
#585=IFCAXIS2PLACEMENT3D(#582,#583,#584);
#586=IFCDIRECTION((0.,0.,1.));
#587=IFCEXTRUDEDAREASOLID(#581,#585,#586,1.);
#588=IFCCARTESIANPOINTLIST2D(((1.,11.98),(3.,11.98),(3.,12.02),(1.,12.02)));
#589=IFCINDEXEDPOLYCURVE(#588,(IFCLINEINDEX((1,2,3,4,1))),$);
#590=IFCARBITRARYCLOSEDPROFILEDEF(.AREA.,$,#589);
#591=IFCCARTESIANPOINT((0.,0.,1.1));
#592=IFCDIRECTION((0.,0.,1.));
#593=IFCDIRECTION((1.,0.,0.));
#594=IFCAXIS2PLACEMENT3D(#591,#592,#593);
#595=IFCDIRECTION((0.,0.,1.));
#596=IFCEXTRUDEDAREASOLID(#590,#594,#595,1.);
#597=IFCOPENINGELEMENT('00052o001008000000000h',$,'V\X2\00E3\X0\o: Janela da cozinha',$,$,#611,#604,$,.OPENING.);
#603=IFCSHAPEREPRESENTATION(#12,'Body','SweptSolid',(#587));
#604=IFCPRODUCTDEFINITIONSHAPE($,$,(#603));
#605=IFCSTYLEDITEM(#587,(#46),'Concreto armado');
#606=IFCRELVOIDSELEMENT('00052o001008000000000i',$,$,$,#230,#597);
#607=IFCCARTESIANPOINT((0.,0.,0.));
#608=IFCDIRECTION((0.,0.,1.));
#609=IFCDIRECTION((1.,0.,0.));
#610=IFCAXIS2PLACEMENT3D(#607,#608,#609);
#611=IFCLOCALPLACEMENT(#243,#610);
#612=IFCWINDOW('00052o001008000000000j',$,'Janela da cozinha',$,$,#625,#619,$,1.,2.,.WINDOW.,$,$);
#618=IFCSHAPEREPRESENTATION(#12,'Body','SweptSolid',(#596));
#619=IFCPRODUCTDEFINITIONSHAPE($,$,(#618));
#620=IFCSTYLEDITEM(#596,(#62),'Vidro');
#621=IFCCARTESIANPOINT((0.,0.,0.));
#622=IFCDIRECTION((0.,0.,1.));
#623=IFCDIRECTION((1.,0.,0.));
#624=IFCAXIS2PLACEMENT3D(#621,#622,#623);
#625=IFCLOCALPLACEMENT(#35,#624);
#626=IFCRELFILLSELEMENT('00052o001008000000000k',$,$,$,#597,#612);
#627=IFCCARTESIANPOINTLIST2D(((-0.125,9.),(0.125,9.),(0.125,10.5),(-0.125,10.5)));
#628=IFCINDEXEDPOLYCURVE(#627,(IFCLINEINDEX((1,2,3,4,1))),$);
#629=IFCARBITRARYCLOSEDPROFILEDEF(.AREA.,$,#628);
#630=IFCCARTESIANPOINT((0.,0.,1.1));
#631=IFCDIRECTION((0.,0.,1.));
#632=IFCDIRECTION((1.,0.,0.));
#633=IFCAXIS2PLACEMENT3D(#630,#631,#632);
#634=IFCDIRECTION((0.,0.,1.));
#635=IFCEXTRUDEDAREASOLID(#629,#633,#634,1.);
#636=IFCCARTESIANPOINTLIST2D(((-0.02,9.),(0.02,9.),(0.02,10.5),(-0.02,10.5)));
#637=IFCINDEXEDPOLYCURVE(#636,(IFCLINEINDEX((1,2,3,4,1))),$);
#638=IFCARBITRARYCLOSEDPROFILEDEF(.AREA.,$,#637);
#639=IFCCARTESIANPOINT((0.,0.,1.1));
#640=IFCDIRECTION((0.,0.,1.));
#641=IFCDIRECTION((1.,0.,0.));
#642=IFCAXIS2PLACEMENT3D(#639,#640,#641);
#643=IFCDIRECTION((0.,0.,1.));
#644=IFCEXTRUDEDAREASOLID(#638,#642,#643,1.);
#645=IFCOPENINGELEMENT('00052o001008000000000l',$,'V\X2\00E3\X0\o: Janela lateral da cozinha',$,$,#659,#652,$,.OPENING.);
#651=IFCSHAPEREPRESENTATION(#12,'Body','SweptSolid',(#635));
#652=IFCPRODUCTDEFINITIONSHAPE($,$,(#651));
#653=IFCSTYLEDITEM(#635,(#46),'Concreto armado');
#654=IFCRELVOIDSELEMENT('00052o001008000000000m',$,$,$,#253,#645);
#655=IFCCARTESIANPOINT((0.,0.,0.));
#656=IFCDIRECTION((0.,0.,1.));
#657=IFCDIRECTION((1.,0.,0.));
#658=IFCAXIS2PLACEMENT3D(#655,#656,#657);
#659=IFCLOCALPLACEMENT(#266,#658);
#660=IFCWINDOW('00052o001008000000000n',$,'Janela lateral da cozinha',$,$,#673,#667,$,1.,1.5,.WINDOW.,$,$);
#666=IFCSHAPEREPRESENTATION(#12,'Body','SweptSolid',(#644));
#667=IFCPRODUCTDEFINITIONSHAPE($,$,(#666));
#668=IFCSTYLEDITEM(#644,(#62),'Vidro');
#669=IFCCARTESIANPOINT((0.,0.,0.));
#670=IFCDIRECTION((0.,0.,1.));
#671=IFCDIRECTION((1.,0.,0.));
#672=IFCAXIS2PLACEMENT3D(#669,#670,#671);
#673=IFCLOCALPLACEMENT(#35,#672);
#674=IFCRELFILLSELEMENT('00052o001008000000000o',$,$,$,#645,#660);
#675=IFCCARTESIANPOINTLIST2D(((-0.1,-0.1),(0.1,-0.1),(0.1,0.1),(-0.1,0.1)));
#676=IFCINDEXEDPOLYCURVE(#675,(IFCLINEINDEX((1,2,3,4,1))),$);
#677=IFCARBITRARYCLOSEDPROFILEDEF(.AREA.,$,#676);
#678=IFCCARTESIANPOINT((0.,0.,0.));
#679=IFCDIRECTION((0.,0.,1.));
#680=IFCDIRECTION((1.,0.,0.));
#681=IFCAXIS2PLACEMENT3D(#678,#679,#680);
#682=IFCDIRECTION((0.,0.,1.));
#683=IFCEXTRUDEDAREASOLID(#677,#681,#682,2.8);
#684=IFCCOLUMN('00052o001008000000000p',$,'Pilar P(0;0) t\X2\00E9\X0\rreo',$,$,#697,#691,$,.COLUMN.);
#690=IFCSHAPEREPRESENTATION(#12,'Body','SweptSolid',(#683));
#691=IFCPRODUCTDEFINITIONSHAPE($,$,(#690));
#692=IFCSTYLEDITEM(#683,(#46),'Concreto armado');
#693=IFCCARTESIANPOINT((0.,0.,0.));
#694=IFCDIRECTION((0.,0.,1.));
#695=IFCDIRECTION((1.,0.,0.));
#696=IFCAXIS2PLACEMENT3D(#693,#694,#695);
#697=IFCLOCALPLACEMENT(#35,#696);
#698=IFCCARTESIANPOINTLIST2D(((-0.1,5.9),(0.1,5.9),(0.1,6.1),(-0.1,6.1)));
#699=IFCINDEXEDPOLYCURVE(#698,(IFCLINEINDEX((1,2,3,4,1))),$);
#700=IFCARBITRARYCLOSEDPROFILEDEF(.AREA.,$,#699);
#701=IFCCARTESIANPOINT((0.,0.,0.));
#702=IFCDIRECTION((0.,0.,1.));
#703=IFCDIRECTION((1.,0.,0.));
#704=IFCAXIS2PLACEMENT3D(#701,#702,#703);
#705=IFCDIRECTION((0.,0.,1.));
#706=IFCEXTRUDEDAREASOLID(#700,#704,#705,2.8);
#707=IFCCOLUMN('00052o001008000000000q',$,'Pilar P(0;6) t\X2\00E9\X0\rreo',$,$,#720,#714,$,.COLUMN.);
#713=IFCSHAPEREPRESENTATION(#12,'Body','SweptSolid',(#706));
#714=IFCPRODUCTDEFINITIONSHAPE($,$,(#713));
#715=IFCSTYLEDITEM(#706,(#46),'Concreto armado');
#716=IFCCARTESIANPOINT((0.,0.,0.));
#717=IFCDIRECTION((0.,0.,1.));
#718=IFCDIRECTION((1.,0.,0.));
#719=IFCAXIS2PLACEMENT3D(#716,#717,#718);
#720=IFCLOCALPLACEMENT(#35,#719);
#721=IFCCARTESIANPOINTLIST2D(((-0.1,11.9),(0.1,11.9),(0.1,12.1),(-0.1,12.1)));
#722=IFCINDEXEDPOLYCURVE(#721,(IFCLINEINDEX((1,2,3,4,1))),$);
#723=IFCARBITRARYCLOSEDPROFILEDEF(.AREA.,$,#722);
#724=IFCCARTESIANPOINT((0.,0.,0.));
#725=IFCDIRECTION((0.,0.,1.));
#726=IFCDIRECTION((1.,0.,0.));
#727=IFCAXIS2PLACEMENT3D(#724,#725,#726);
#728=IFCDIRECTION((0.,0.,1.));
#729=IFCEXTRUDEDAREASOLID(#723,#727,#728,2.8);
#730=IFCCOLUMN('00052o001008000000000r',$,'Pilar P(0;12) t\X2\00E9\X0\rreo',$,$,#743,#737,$,.COLUMN.);
#736=IFCSHAPEREPRESENTATION(#12,'Body','SweptSolid',(#729));
#737=IFCPRODUCTDEFINITIONSHAPE($,$,(#736));
#738=IFCSTYLEDITEM(#729,(#46),'Concreto armado');
#739=IFCCARTESIANPOINT((0.,0.,0.));
#740=IFCDIRECTION((0.,0.,1.));
#741=IFCDIRECTION((1.,0.,0.));
#742=IFCAXIS2PLACEMENT3D(#739,#740,#741);
#743=IFCLOCALPLACEMENT(#35,#742);
#744=IFCCARTESIANPOINTLIST2D(((3.9,-0.1),(4.1,-0.1),(4.1,0.1),(3.9,0.1)));
#745=IFCINDEXEDPOLYCURVE(#744,(IFCLINEINDEX((1,2,3,4,1))),$);
#746=IFCARBITRARYCLOSEDPROFILEDEF(.AREA.,$,#745);
#747=IFCCARTESIANPOINT((0.,0.,0.));
#748=IFCDIRECTION((0.,0.,1.));
#749=IFCDIRECTION((1.,0.,0.));
#750=IFCAXIS2PLACEMENT3D(#747,#748,#749);
#751=IFCDIRECTION((0.,0.,1.));
#752=IFCEXTRUDEDAREASOLID(#746,#750,#751,2.8);
#753=IFCCOLUMN('00052o001008000000000s',$,'Pilar P(4;0) t\X2\00E9\X0\rreo',$,$,#766,#760,$,.COLUMN.);
#759=IFCSHAPEREPRESENTATION(#12,'Body','SweptSolid',(#752));
#760=IFCPRODUCTDEFINITIONSHAPE($,$,(#759));
#761=IFCSTYLEDITEM(#752,(#46),'Concreto armado');
#762=IFCCARTESIANPOINT((0.,0.,0.));
#763=IFCDIRECTION((0.,0.,1.));
#764=IFCDIRECTION((1.,0.,0.));
#765=IFCAXIS2PLACEMENT3D(#762,#763,#764);
#766=IFCLOCALPLACEMENT(#35,#765);
#767=IFCCARTESIANPOINTLIST2D(((3.9,5.9),(4.1,5.9),(4.1,6.1),(3.9,6.1)));
#768=IFCINDEXEDPOLYCURVE(#767,(IFCLINEINDEX((1,2,3,4,1))),$);
#769=IFCARBITRARYCLOSEDPROFILEDEF(.AREA.,$,#768);
#770=IFCCARTESIANPOINT((0.,0.,0.));
#771=IFCDIRECTION((0.,0.,1.));
#772=IFCDIRECTION((1.,0.,0.));
#773=IFCAXIS2PLACEMENT3D(#770,#771,#772);
#774=IFCDIRECTION((0.,0.,1.));
#775=IFCEXTRUDEDAREASOLID(#769,#773,#774,2.8);
#776=IFCCOLUMN('00052o001008000000000t',$,'Pilar P(4;6) t\X2\00E9\X0\rreo',$,$,#789,#783,$,.COLUMN.);
#782=IFCSHAPEREPRESENTATION(#12,'Body','SweptSolid',(#775));
#783=IFCPRODUCTDEFINITIONSHAPE($,$,(#782));
#784=IFCSTYLEDITEM(#775,(#46),'Concreto armado');
#785=IFCCARTESIANPOINT((0.,0.,0.));
#786=IFCDIRECTION((0.,0.,1.));
#787=IFCDIRECTION((1.,0.,0.));
#788=IFCAXIS2PLACEMENT3D(#785,#786,#787);
#789=IFCLOCALPLACEMENT(#35,#788);
#790=IFCCARTESIANPOINTLIST2D(((3.9,11.9),(4.1,11.9),(4.1,12.1),(3.9,12.1)));
#791=IFCINDEXEDPOLYCURVE(#790,(IFCLINEINDEX((1,2,3,4,1))),$);
#792=IFCARBITRARYCLOSEDPROFILEDEF(.AREA.,$,#791);
#793=IFCCARTESIANPOINT((0.,0.,0.));
#794=IFCDIRECTION((0.,0.,1.));
#795=IFCDIRECTION((1.,0.,0.));
#796=IFCAXIS2PLACEMENT3D(#793,#794,#795);
#797=IFCDIRECTION((0.,0.,1.));
#798=IFCEXTRUDEDAREASOLID(#792,#796,#797,2.8);
#799=IFCCOLUMN('00052o001008000000000u',$,'Pilar P(4;12) t\X2\00E9\X0\rreo',$,$,#812,#806,$,.COLUMN.);
#805=IFCSHAPEREPRESENTATION(#12,'Body','SweptSolid',(#798));
#806=IFCPRODUCTDEFINITIONSHAPE($,$,(#805));
#807=IFCSTYLEDITEM(#798,(#46),'Concreto armado');
#808=IFCCARTESIANPOINT((0.,0.,0.));
#809=IFCDIRECTION((0.,0.,1.));
#810=IFCDIRECTION((1.,0.,0.));
#811=IFCAXIS2PLACEMENT3D(#808,#809,#810);
#812=IFCLOCALPLACEMENT(#35,#811);
#813=IFCCARTESIANPOINTLIST2D(((7.9,-0.1),(8.1,-0.1),(8.1,0.1),(7.9,0.1)));
#814=IFCINDEXEDPOLYCURVE(#813,(IFCLINEINDEX((1,2,3,4,1))),$);
#815=IFCARBITRARYCLOSEDPROFILEDEF(.AREA.,$,#814);
#816=IFCCARTESIANPOINT((0.,0.,0.));
#817=IFCDIRECTION((0.,0.,1.));
#818=IFCDIRECTION((1.,0.,0.));
#819=IFCAXIS2PLACEMENT3D(#816,#817,#818);
#820=IFCDIRECTION((0.,0.,1.));
#821=IFCEXTRUDEDAREASOLID(#815,#819,#820,2.8);
#822=IFCCOLUMN('00052o001008000000000v',$,'Pilar P(8;0) t\X2\00E9\X0\rreo',$,$,#835,#829,$,.COLUMN.);
#828=IFCSHAPEREPRESENTATION(#12,'Body','SweptSolid',(#821));
#829=IFCPRODUCTDEFINITIONSHAPE($,$,(#828));
#830=IFCSTYLEDITEM(#821,(#46),'Concreto armado');
#831=IFCCARTESIANPOINT((0.,0.,0.));
#832=IFCDIRECTION((0.,0.,1.));
#833=IFCDIRECTION((1.,0.,0.));
#834=IFCAXIS2PLACEMENT3D(#831,#832,#833);
#835=IFCLOCALPLACEMENT(#35,#834);
#836=IFCCARTESIANPOINTLIST2D(((7.9,5.9),(8.1,5.9),(8.1,6.1),(7.9,6.1)));
#837=IFCINDEXEDPOLYCURVE(#836,(IFCLINEINDEX((1,2,3,4,1))),$);
#838=IFCARBITRARYCLOSEDPROFILEDEF(.AREA.,$,#837);
#839=IFCCARTESIANPOINT((0.,0.,0.));
#840=IFCDIRECTION((0.,0.,1.));
#841=IFCDIRECTION((1.,0.,0.));
#842=IFCAXIS2PLACEMENT3D(#839,#840,#841);
#843=IFCDIRECTION((0.,0.,1.));
#844=IFCEXTRUDEDAREASOLID(#838,#842,#843,2.8);
#845=IFCCOLUMN('00052o001008000000000w',$,'Pilar P(8;6) t\X2\00E9\X0\rreo',$,$,#858,#852,$,.COLUMN.);
#851=IFCSHAPEREPRESENTATION(#12,'Body','SweptSolid',(#844));
#852=IFCPRODUCTDEFINITIONSHAPE($,$,(#851));
#853=IFCSTYLEDITEM(#844,(#46),'Concreto armado');
#854=IFCCARTESIANPOINT((0.,0.,0.));
#855=IFCDIRECTION((0.,0.,1.));
#856=IFCDIRECTION((1.,0.,0.));
#857=IFCAXIS2PLACEMENT3D(#854,#855,#856);
#858=IFCLOCALPLACEMENT(#35,#857);
#859=IFCCARTESIANPOINTLIST2D(((7.9,11.9),(8.1,11.9),(8.1,12.1),(7.9,12.1)));
#860=IFCINDEXEDPOLYCURVE(#859,(IFCLINEINDEX((1,2,3,4,1))),$);
#861=IFCARBITRARYCLOSEDPROFILEDEF(.AREA.,$,#860);
#862=IFCCARTESIANPOINT((0.,0.,0.));
#863=IFCDIRECTION((0.,0.,1.));
#864=IFCDIRECTION((1.,0.,0.));
#865=IFCAXIS2PLACEMENT3D(#862,#863,#864);
#866=IFCDIRECTION((0.,0.,1.));
#867=IFCEXTRUDEDAREASOLID(#861,#865,#866,2.8);
#868=IFCCOLUMN('00052o001008000000000x',$,'Pilar P(8;12) t\X2\00E9\X0\rreo',$,$,#881,#875,$,.COLUMN.);
#874=IFCSHAPEREPRESENTATION(#12,'Body','SweptSolid',(#867));
#875=IFCPRODUCTDEFINITIONSHAPE($,$,(#874));
#876=IFCSTYLEDITEM(#867,(#46),'Concreto armado');
#877=IFCCARTESIANPOINT((0.,0.,0.));
#878=IFCDIRECTION((0.,0.,1.));
#879=IFCDIRECTION((1.,0.,0.));
#880=IFCAXIS2PLACEMENT3D(#877,#878,#879);
#881=IFCLOCALPLACEMENT(#35,#880);
#882=IFCCARTESIANPOINTLIST2D(((-0.15,-0.075),(8.149999999999999,-0.075),(8.149999999999999,0.075),(-0.15,0.075)));
#883=IFCINDEXEDPOLYCURVE(#882,(IFCLINEINDEX((1,2,3,4,1))),$);
#884=IFCARBITRARYCLOSEDPROFILEDEF(.AREA.,$,#883);
#885=IFCCARTESIANPOINT((0.,0.,2.4499999999999997));
#886=IFCDIRECTION((0.,0.,1.));
#887=IFCDIRECTION((1.,0.,0.));
#888=IFCAXIS2PLACEMENT3D(#885,#886,#887);
#889=IFCDIRECTION((0.,0.,1.));
#890=IFCEXTRUDEDAREASOLID(#884,#888,#889,0.3500000000000001);
#891=IFCBEAM('00052o001008000000000y',$,'Viga: fachada frontal (t\X2\00E9\X0\rreo)',$,$,#904,#898,$,.BEAM.);
#897=IFCSHAPEREPRESENTATION(#12,'Body','SweptSolid',(#890));
#898=IFCPRODUCTDEFINITIONSHAPE($,$,(#897));
#899=IFCSTYLEDITEM(#890,(#46),'Concreto armado');
#900=IFCCARTESIANPOINT((0.,0.,0.));
#901=IFCDIRECTION((0.,0.,1.));
#902=IFCDIRECTION((1.,0.,0.));
#903=IFCAXIS2PLACEMENT3D(#900,#901,#902);
#904=IFCLOCALPLACEMENT(#35,#903);
#905=IFCCARTESIANPOINTLIST2D(((-0.15,11.925),(8.149999999999999,11.925),(8.149999999999999,12.075),(-0.15,12.075)));
#906=IFCINDEXEDPOLYCURVE(#905,(IFCLINEINDEX((1,2,3,4,1))),$);
#907=IFCARBITRARYCLOSEDPROFILEDEF(.AREA.,$,#906);
#908=IFCCARTESIANPOINT((0.,0.,2.4499999999999997));
#909=IFCDIRECTION((0.,0.,1.));
#910=IFCDIRECTION((1.,0.,0.));
#911=IFCAXIS2PLACEMENT3D(#908,#909,#910);
#912=IFCDIRECTION((0.,0.,1.));
#913=IFCEXTRUDEDAREASOLID(#907,#911,#912,0.3500000000000001);
#914=IFCBEAM('00052o001008000000000z',$,'Viga: fachada dos fundos (t\X2\00E9\X0\rreo)',$,$,#927,#921,$,.BEAM.);
#920=IFCSHAPEREPRESENTATION(#12,'Body','SweptSolid',(#913));
#921=IFCPRODUCTDEFINITIONSHAPE($,$,(#920));
#922=IFCSTYLEDITEM(#913,(#46),'Concreto armado');
#923=IFCCARTESIANPOINT((0.,0.,0.));
#924=IFCDIRECTION((0.,0.,1.));
#925=IFCDIRECTION((1.,0.,0.));
#926=IFCAXIS2PLACEMENT3D(#923,#924,#925);
#927=IFCLOCALPLACEMENT(#35,#926);
#928=IFCCARTESIANPOINTLIST2D(((-0.075,-0.15),(0.075,-0.15),(0.075,12.149999999999999),(-0.075,12.149999999999999)));
#929=IFCINDEXEDPOLYCURVE(#928,(IFCLINEINDEX((1,2,3,4,1))),$);
#930=IFCARBITRARYCLOSEDPROFILEDEF(.AREA.,$,#929);
#931=IFCCARTESIANPOINT((0.,0.,2.4499999999999997));
#932=IFCDIRECTION((0.,0.,1.));
#933=IFCDIRECTION((1.,0.,0.));
#934=IFCAXIS2PLACEMENT3D(#931,#932,#933);
#935=IFCDIRECTION((0.,0.,1.));
#936=IFCEXTRUDEDAREASOLID(#930,#934,#935,0.3500000000000001);
#937=IFCBEAM('00052o001008000000000_',$,'Viga: lateral oeste (t\X2\00E9\X0\rreo)',$,$,#950,#944,$,.BEAM.);
#943=IFCSHAPEREPRESENTATION(#12,'Body','SweptSolid',(#936));
#944=IFCPRODUCTDEFINITIONSHAPE($,$,(#943));
#945=IFCSTYLEDITEM(#936,(#46),'Concreto armado');
#946=IFCCARTESIANPOINT((0.,0.,0.));
#947=IFCDIRECTION((0.,0.,1.));
#948=IFCDIRECTION((1.,0.,0.));
#949=IFCAXIS2PLACEMENT3D(#946,#947,#948);
#950=IFCLOCALPLACEMENT(#35,#949);
#951=IFCCARTESIANPOINTLIST2D(((7.925,-0.15),(8.075,-0.15),(8.075,12.149999999999999),(7.925,12.149999999999999)));
#952=IFCINDEXEDPOLYCURVE(#951,(IFCLINEINDEX((1,2,3,4,1))),$);
#953=IFCARBITRARYCLOSEDPROFILEDEF(.AREA.,$,#952);
#954=IFCCARTESIANPOINT((0.,0.,2.4499999999999997));
#955=IFCDIRECTION((0.,0.,1.));
#956=IFCDIRECTION((1.,0.,0.));
#957=IFCAXIS2PLACEMENT3D(#954,#955,#956);
#958=IFCDIRECTION((0.,0.,1.));
#959=IFCEXTRUDEDAREASOLID(#953,#957,#958,0.3500000000000001);
#960=IFCBEAM('00052o001008000000000$',$,'Viga: lateral leste (t\X2\00E9\X0\rreo)',$,$,#973,#967,$,.BEAM.);
#966=IFCSHAPEREPRESENTATION(#12,'Body','SweptSolid',(#959));
#967=IFCPRODUCTDEFINITIONSHAPE($,$,(#966));
#968=IFCSTYLEDITEM(#959,(#46),'Concreto armado');
#969=IFCCARTESIANPOINT((0.,0.,0.));
#970=IFCDIRECTION((0.,0.,1.));
#971=IFCDIRECTION((1.,0.,0.));
#972=IFCAXIS2PLACEMENT3D(#969,#970,#971);
#973=IFCLOCALPLACEMENT(#35,#972);
#974=IFCCARTESIANPOINTLIST2D(((-0.15,5.925),(8.149999999999999,5.925),(8.149999999999999,6.075),(-0.15,6.075)));
#975=IFCINDEXEDPOLYCURVE(#974,(IFCLINEINDEX((1,2,3,4,1))),$);
#976=IFCARBITRARYCLOSEDPROFILEDEF(.AREA.,$,#975);
#977=IFCCARTESIANPOINT((0.,0.,2.4499999999999997));
#978=IFCDIRECTION((0.,0.,1.));
#979=IFCDIRECTION((1.,0.,0.));
#980=IFCAXIS2PLACEMENT3D(#977,#978,#979);
#981=IFCDIRECTION((0.,0.,1.));
#982=IFCEXTRUDEDAREASOLID(#976,#980,#981,0.3500000000000001);
#983=IFCBEAM('00052o0010080000000010',$,'Viga: eixo y = 6 (t\X2\00E9\X0\rreo)',$,$,#996,#990,$,.BEAM.);
#989=IFCSHAPEREPRESENTATION(#12,'Body','SweptSolid',(#982));
#990=IFCPRODUCTDEFINITIONSHAPE($,$,(#989));
#991=IFCSTYLEDITEM(#982,(#46),'Concreto armado');
#992=IFCCARTESIANPOINT((0.,0.,0.));
#993=IFCDIRECTION((0.,0.,1.));
#994=IFCDIRECTION((1.,0.,0.));
#995=IFCAXIS2PLACEMENT3D(#992,#993,#994);
#996=IFCLOCALPLACEMENT(#35,#995);
#997=IFCCARTESIANPOINTLIST2D(((3.925,-0.15),(4.075,-0.15),(4.075,12.149999999999999),(3.925,12.149999999999999)));
#998=IFCINDEXEDPOLYCURVE(#997,(IFCLINEINDEX((1,2,3,4,1))),$);
#999=IFCARBITRARYCLOSEDPROFILEDEF(.AREA.,$,#998);
#1000=IFCCARTESIANPOINT((0.,0.,2.4499999999999997));
#1001=IFCDIRECTION((0.,0.,1.));
#1002=IFCDIRECTION((1.,0.,0.));
#1003=IFCAXIS2PLACEMENT3D(#1000,#1001,#1002);
#1004=IFCDIRECTION((0.,0.,1.));
#1005=IFCEXTRUDEDAREASOLID(#999,#1003,#1004,0.3500000000000001);
#1006=IFCBEAM('00052o0010080000000011',$,'Viga: eixo x = 4 (t\X2\00E9\X0\rreo)',$,$,#1019,#1013,$,.BEAM.);
#1012=IFCSHAPEREPRESENTATION(#12,'Body','SweptSolid',(#1005));
#1013=IFCPRODUCTDEFINITIONSHAPE($,$,(#1012));
#1014=IFCSTYLEDITEM(#1005,(#46),'Concreto armado');
#1015=IFCCARTESIANPOINT((0.,0.,0.));
#1016=IFCDIRECTION((0.,0.,1.));
#1017=IFCDIRECTION((1.,0.,0.));
#1018=IFCAXIS2PLACEMENT3D(#1015,#1016,#1017);
#1019=IFCLOCALPLACEMENT(#35,#1018);
#1020=IFCCARTESIANPOINTLIST2D(((-0.075,-0.075),(8.075,-0.075),(8.075,0.075),(-0.075,0.075)));
#1021=IFCINDEXEDPOLYCURVE(#1020,(IFCLINEINDEX((1,2,3,4,1))),$);
#1022=IFCARBITRARYCLOSEDPROFILEDEF(.AREA.,$,#1021);
#1023=IFCCARTESIANPOINT((0.,0.,3.));
#1024=IFCDIRECTION((0.,0.,1.));
#1025=IFCDIRECTION((1.,0.,0.));
#1026=IFCAXIS2PLACEMENT3D(#1023,#1024,#1025);
#1027=IFCDIRECTION((0.,0.,1.));
#1028=IFCEXTRUDEDAREASOLID(#1022,#1026,#1027,2.8);
#1029=IFCWALL('00052o0010080000000012',$,'Parede: fachada frontal (pavimento superior)',$,$,#1043,#1036,$,.SOLIDWALL.);
#1035=IFCSHAPEREPRESENTATION(#12,'Body','SweptSolid',(#1028));
#1036=IFCPRODUCTDEFINITIONSHAPE($,$,(#1035));
#1037=IFCSTYLEDITEM(#1028,(#50),'Bloco cer\X2\00E2\X0\mico');
#1038=IFCRELCONTAINEDINSPATIALSTRUCTURE('00052o0010080000000013',$,$,$,(#2695,#1478,#1238,#5336,#5097,#1734,#5588,#2718,#4163,#2479,#5123,#1757,#1029,#2493,#2741,#1526,#1286,#4191,#1780,#3955,#1053,#2764,#1550,#1803,#5878,#6114,#4934,#1076,#2787,#5182,#1573,#1334,#1826,#2556,#5431,#4961,#1099,#2810,#1596,#5209,#1849,#2579,#4027,#1122,#5462,#3795,#1619,#1872,#1382,#2602,#1145,#2858,#1642,#5020,#3829,#2625,#1168,#1665,#1430,#3853,#4091,#5047,#1191,#2905,#1688,#5304,#2928,#1711,#5557,#3894),#17);
#1039=IFCCARTESIANPOINT((0.,0.,0.));
#1040=IFCDIRECTION((0.,0.,1.));
#1041=IFCDIRECTION((1.,0.,0.));
#1042=IFCAXIS2PLACEMENT3D(#1039,#1040,#1041);
#1043=IFCLOCALPLACEMENT(#40,#1042);
#1044=IFCCARTESIANPOINTLIST2D(((-0.075,11.925),(8.075,11.925),(8.075,12.075),(-0.075,12.075)));
#1045=IFCINDEXEDPOLYCURVE(#1044,(IFCLINEINDEX((1,2,3,4,1))),$);
#1046=IFCARBITRARYCLOSEDPROFILEDEF(.AREA.,$,#1045);
#1047=IFCCARTESIANPOINT((0.,0.,3.));
#1048=IFCDIRECTION((0.,0.,1.));
#1049=IFCDIRECTION((1.,0.,0.));
#1050=IFCAXIS2PLACEMENT3D(#1047,#1048,#1049);
#1051=IFCDIRECTION((0.,0.,1.));
#1052=IFCEXTRUDEDAREASOLID(#1046,#1050,#1051,2.8);
#1053=IFCWALL('00052o0010080000000014',$,'Parede: fachada dos fundos (pavimento superior)',$,$,#1066,#1060,$,.SOLIDWALL.);
#1059=IFCSHAPEREPRESENTATION(#12,'Body','SweptSolid',(#1052));
#1060=IFCPRODUCTDEFINITIONSHAPE($,$,(#1059));
#1061=IFCSTYLEDITEM(#1052,(#50),'Bloco cer\X2\00E2\X0\mico');
#1062=IFCCARTESIANPOINT((0.,0.,0.));
#1063=IFCDIRECTION((0.,0.,1.));
#1064=IFCDIRECTION((1.,0.,0.));
#1065=IFCAXIS2PLACEMENT3D(#1062,#1063,#1064);
#1066=IFCLOCALPLACEMENT(#40,#1065);
#1067=IFCCARTESIANPOINTLIST2D(((-0.075,-0.075),(0.075,-0.075),(0.075,12.075),(-0.075,12.075)));
#1068=IFCINDEXEDPOLYCURVE(#1067,(IFCLINEINDEX((1,2,3,4,1))),$);
#1069=IFCARBITRARYCLOSEDPROFILEDEF(.AREA.,$,#1068);
#1070=IFCCARTESIANPOINT((0.,0.,3.));
#1071=IFCDIRECTION((0.,0.,1.));
#1072=IFCDIRECTION((1.,0.,0.));
#1073=IFCAXIS2PLACEMENT3D(#1070,#1071,#1072);
#1074=IFCDIRECTION((0.,0.,1.));
#1075=IFCEXTRUDEDAREASOLID(#1069,#1073,#1074,2.8);
#1076=IFCWALL('00052o0010080000000015',$,'Parede: lateral oeste (pavimento superior)',$,$,#1089,#1083,$,.SOLIDWALL.);
#1082=IFCSHAPEREPRESENTATION(#12,'Body','SweptSolid',(#1075));
#1083=IFCPRODUCTDEFINITIONSHAPE($,$,(#1082));
#1084=IFCSTYLEDITEM(#1075,(#50),'Bloco cer\X2\00E2\X0\mico');
#1085=IFCCARTESIANPOINT((0.,0.,0.));
#1086=IFCDIRECTION((0.,0.,1.));
#1087=IFCDIRECTION((1.,0.,0.));
#1088=IFCAXIS2PLACEMENT3D(#1085,#1086,#1087);
#1089=IFCLOCALPLACEMENT(#40,#1088);
#1090=IFCCARTESIANPOINTLIST2D(((7.925,-0.075),(8.075,-0.075),(8.075,12.075),(7.925,12.075)));
#1091=IFCINDEXEDPOLYCURVE(#1090,(IFCLINEINDEX((1,2,3,4,1))),$);
#1092=IFCARBITRARYCLOSEDPROFILEDEF(.AREA.,$,#1091);
#1093=IFCCARTESIANPOINT((0.,0.,3.));
#1094=IFCDIRECTION((0.,0.,1.));
#1095=IFCDIRECTION((1.,0.,0.));
#1096=IFCAXIS2PLACEMENT3D(#1093,#1094,#1095);
#1097=IFCDIRECTION((0.,0.,1.));
#1098=IFCEXTRUDEDAREASOLID(#1092,#1096,#1097,2.8);
#1099=IFCWALL('00052o0010080000000016',$,'Parede: lateral leste (pavimento superior)',$,$,#1112,#1106,$,.SOLIDWALL.);
#1105=IFCSHAPEREPRESENTATION(#12,'Body','SweptSolid',(#1098));
#1106=IFCPRODUCTDEFINITIONSHAPE($,$,(#1105));
#1107=IFCSTYLEDITEM(#1098,(#50),'Bloco cer\X2\00E2\X0\mico');
#1108=IFCCARTESIANPOINT((0.,0.,0.));
#1109=IFCDIRECTION((0.,0.,1.));
#1110=IFCDIRECTION((1.,0.,0.));
#1111=IFCAXIS2PLACEMENT3D(#1108,#1109,#1110);
#1112=IFCLOCALPLACEMENT(#40,#1111);
#1113=IFCCARTESIANPOINTLIST2D(((-0.075,5.925),(8.075,5.925),(8.075,6.075),(-0.075,6.075)));
#1114=IFCINDEXEDPOLYCURVE(#1113,(IFCLINEINDEX((1,2,3,4,1))),$);
#1115=IFCARBITRARYCLOSEDPROFILEDEF(.AREA.,$,#1114);
#1116=IFCCARTESIANPOINT((0.,0.,3.));
#1117=IFCDIRECTION((0.,0.,1.));
#1118=IFCDIRECTION((1.,0.,0.));
#1119=IFCAXIS2PLACEMENT3D(#1116,#1117,#1118);
#1120=IFCDIRECTION((0.,0.,1.));
#1121=IFCEXTRUDEDAREASOLID(#1115,#1119,#1120,2.8);
#1122=IFCWALL('00052o0010080000000017',$,'Parede: quartos e corredor (pavimento superior)',$,$,#1135,#1129,$,.SOLIDWALL.);
#1128=IFCSHAPEREPRESENTATION(#12,'Body','SweptSolid',(#1121));
#1129=IFCPRODUCTDEFINITIONSHAPE($,$,(#1128));
#1130=IFCSTYLEDITEM(#1121,(#50),'Bloco cer\X2\00E2\X0\mico');
#1131=IFCCARTESIANPOINT((0.,0.,0.));
#1132=IFCDIRECTION((0.,0.,1.));
#1133=IFCDIRECTION((1.,0.,0.));
#1134=IFCAXIS2PLACEMENT3D(#1131,#1132,#1133);
#1135=IFCLOCALPLACEMENT(#40,#1134);
#1136=IFCCARTESIANPOINTLIST2D(((3.925,-0.075),(4.075,-0.075),(4.075,6.075),(3.925,6.075)));
#1137=IFCINDEXEDPOLYCURVE(#1136,(IFCLINEINDEX((1,2,3,4,1))),$);
#1138=IFCARBITRARYCLOSEDPROFILEDEF(.AREA.,$,#1137);
#1139=IFCCARTESIANPOINT((0.,0.,3.));
#1140=IFCDIRECTION((0.,0.,1.));
#1141=IFCDIRECTION((1.,0.,0.));
#1142=IFCAXIS2PLACEMENT3D(#1139,#1140,#1141);
#1143=IFCDIRECTION((0.,0.,1.));
#1144=IFCEXTRUDEDAREASOLID(#1138,#1142,#1143,2.8);
#1145=IFCWALL('00052o0010080000000018',$,'Parede: entre os quartos (pavimento superior)',$,$,#1158,#1152,$,.SOLIDWALL.);
#1151=IFCSHAPEREPRESENTATION(#12,'Body','SweptSolid',(#1144));
#1152=IFCPRODUCTDEFINITIONSHAPE($,$,(#1151));
#1153=IFCSTYLEDITEM(#1144,(#50),'Bloco cer\X2\00E2\X0\mico');
#1154=IFCCARTESIANPOINT((0.,0.,0.));
#1155=IFCDIRECTION((0.,0.,1.));
#1156=IFCDIRECTION((1.,0.,0.));
#1157=IFCAXIS2PLACEMENT3D(#1154,#1155,#1156);
#1158=IFCLOCALPLACEMENT(#40,#1157);
#1159=IFCCARTESIANPOINTLIST2D(((-0.075,8.425),(3.075,8.425),(3.075,8.575),(-0.075,8.575)));
#1160=IFCINDEXEDPOLYCURVE(#1159,(IFCLINEINDEX((1,2,3,4,1))),$);
#1161=IFCARBITRARYCLOSEDPROFILEDEF(.AREA.,$,#1160);
#1162=IFCCARTESIANPOINT((0.,0.,3.));
#1163=IFCDIRECTION((0.,0.,1.));
#1164=IFCDIRECTION((1.,0.,0.));
#1165=IFCAXIS2PLACEMENT3D(#1162,#1163,#1164);
#1166=IFCDIRECTION((0.,0.,1.));
#1167=IFCEXTRUDEDAREASOLID(#1161,#1165,#1166,2.8);
#1168=IFCWALL('00052o0010080000000019',$,'Parede: banheiro, frente (pavimento superior)',$,$,#1181,#1175,$,.SOLIDWALL.);
#1174=IFCSHAPEREPRESENTATION(#12,'Body','SweptSolid',(#1167));
#1175=IFCPRODUCTDEFINITIONSHAPE($,$,(#1174));
#1176=IFCSTYLEDITEM(#1167,(#50),'Bloco cer\X2\00E2\X0\mico');
#1177=IFCCARTESIANPOINT((0.,0.,0.));
#1178=IFCDIRECTION((0.,0.,1.));
#1179=IFCDIRECTION((1.,0.,0.));
#1180=IFCAXIS2PLACEMENT3D(#1177,#1178,#1179);
#1181=IFCLOCALPLACEMENT(#40,#1180);
#1182=IFCCARTESIANPOINTLIST2D(((2.925,8.425),(3.075,8.425),(3.075,12.075),(2.925,12.075)));
#1183=IFCINDEXEDPOLYCURVE(#1182,(IFCLINEINDEX((1,2,3,4,1))),$);
#1184=IFCARBITRARYCLOSEDPROFILEDEF(.AREA.,$,#1183);
#1185=IFCCARTESIANPOINT((0.,0.,3.));
#1186=IFCDIRECTION((0.,0.,1.));
#1187=IFCDIRECTION((1.,0.,0.));
#1188=IFCAXIS2PLACEMENT3D(#1185,#1186,#1187);
#1189=IFCDIRECTION((0.,0.,1.));
#1190=IFCEXTRUDEDAREASOLID(#1184,#1188,#1189,2.8);
#1191=IFCWALL('00052o001008000000001A',$,'Parede: banheiro, lado (pavimento superior)',$,$,#1204,#1198,$,.SOLIDWALL.);
#1197=IFCSHAPEREPRESENTATION(#12,'Body','SweptSolid',(#1190));
#1198=IFCPRODUCTDEFINITIONSHAPE($,$,(#1197));
#1199=IFCSTYLEDITEM(#1190,(#50),'Bloco cer\X2\00E2\X0\mico');
#1200=IFCCARTESIANPOINT((0.,0.,0.));
#1201=IFCDIRECTION((0.,0.,1.));
#1202=IFCDIRECTION((1.,0.,0.));
#1203=IFCAXIS2PLACEMENT3D(#1200,#1201,#1202);
#1204=IFCLOCALPLACEMENT(#40,#1203);
#1205=IFCCARTESIANPOINTLIST2D(((1.,-0.125),(3.,-0.125),(3.,0.125),(1.,0.125)));
#1206=IFCINDEXEDPOLYCURVE(#1205,(IFCLINEINDEX((1,2,3,4,1))),$);
#1207=IFCARBITRARYCLOSEDPROFILEDEF(.AREA.,$,#1206);
#1208=IFCCARTESIANPOINT((0.,0.,4.));
#1209=IFCDIRECTION((0.,0.,1.));
#1210=IFCDIRECTION((1.,0.,0.));
#1211=IFCAXIS2PLACEMENT3D(#1208,#1209,#1210);
#1212=IFCDIRECTION((0.,0.,1.));
#1213=IFCEXTRUDEDAREASOLID(#1207,#1211,#1212,1.2000000000000002);
#1214=IFCCARTESIANPOINTLIST2D(((1.,-0.02),(3.,-0.02),(3.,0.02),(1.,0.02)));
#1215=IFCINDEXEDPOLYCURVE(#1214,(IFCLINEINDEX((1,2,3,4,1))),$);
#1216=IFCARBITRARYCLOSEDPROFILEDEF(.AREA.,$,#1215);
#1217=IFCCARTESIANPOINT((0.,0.,4.));
#1218=IFCDIRECTION((0.,0.,1.));
#1219=IFCDIRECTION((1.,0.,0.));
#1220=IFCAXIS2PLACEMENT3D(#1217,#1218,#1219);
#1221=IFCDIRECTION((0.,0.,1.));
#1222=IFCEXTRUDEDAREASOLID(#1216,#1220,#1221,1.2000000000000002);
#1223=IFCOPENINGELEMENT('00052o001008000000001B',$,'V\X2\00E3\X0\o: Janela do quarto 1',$,$,#1237,#1230,$,.OPENING.);
#1229=IFCSHAPEREPRESENTATION(#12,'Body','SweptSolid',(#1213));
#1230=IFCPRODUCTDEFINITIONSHAPE($,$,(#1229));
#1231=IFCSTYLEDITEM(#1213,(#46),'Concreto armado');
#1232=IFCRELVOIDSELEMENT('00052o001008000000001C',$,$,$,#1029,#1223);
#1233=IFCCARTESIANPOINT((0.,0.,0.));
#1234=IFCDIRECTION((0.,0.,1.));
#1235=IFCDIRECTION((1.,0.,0.));
#1236=IFCAXIS2PLACEMENT3D(#1233,#1234,#1235);
#1237=IFCLOCALPLACEMENT(#1043,#1236);
#1238=IFCWINDOW('00052o001008000000001D',$,'Janela do quarto 1',$,$,#1251,#1245,$,1.2,2.,.WINDOW.,$,$);
#1244=IFCSHAPEREPRESENTATION(#12,'Body','SweptSolid',(#1222));
#1245=IFCPRODUCTDEFINITIONSHAPE($,$,(#1244));
#1246=IFCSTYLEDITEM(#1222,(#62),'Vidro');
#1247=IFCCARTESIANPOINT((0.,0.,0.));
#1248=IFCDIRECTION((0.,0.,1.));
#1249=IFCDIRECTION((1.,0.,0.));
#1250=IFCAXIS2PLACEMENT3D(#1247,#1248,#1249);
#1251=IFCLOCALPLACEMENT(#40,#1250);
#1252=IFCRELFILLSELEMENT('00052o001008000000001E',$,$,$,#1223,#1238);
#1253=IFCCARTESIANPOINTLIST2D(((5.,-0.125),(7.,-0.125),(7.,0.125),(5.,0.125)));
#1254=IFCINDEXEDPOLYCURVE(#1253,(IFCLINEINDEX((1,2,3,4,1))),$);
#1255=IFCARBITRARYCLOSEDPROFILEDEF(.AREA.,$,#1254);
#1256=IFCCARTESIANPOINT((0.,0.,4.));
#1257=IFCDIRECTION((0.,0.,1.));
#1258=IFCDIRECTION((1.,0.,0.));
#1259=IFCAXIS2PLACEMENT3D(#1256,#1257,#1258);
#1260=IFCDIRECTION((0.,0.,1.));
#1261=IFCEXTRUDEDAREASOLID(#1255,#1259,#1260,1.2000000000000002);
#1262=IFCCARTESIANPOINTLIST2D(((5.,-0.02),(7.,-0.02),(7.,0.02),(5.,0.02)));
#1263=IFCINDEXEDPOLYCURVE(#1262,(IFCLINEINDEX((1,2,3,4,1))),$);
#1264=IFCARBITRARYCLOSEDPROFILEDEF(.AREA.,$,#1263);
#1265=IFCCARTESIANPOINT((0.,0.,4.));
#1266=IFCDIRECTION((0.,0.,1.));
#1267=IFCDIRECTION((1.,0.,0.));
#1268=IFCAXIS2PLACEMENT3D(#1265,#1266,#1267);
#1269=IFCDIRECTION((0.,0.,1.));
#1270=IFCEXTRUDEDAREASOLID(#1264,#1268,#1269,1.2000000000000002);
#1271=IFCOPENINGELEMENT('00052o001008000000001F',$,'V\X2\00E3\X0\o: Janela do quarto 2',$,$,#1285,#1278,$,.OPENING.);
#1277=IFCSHAPEREPRESENTATION(#12,'Body','SweptSolid',(#1261));
#1278=IFCPRODUCTDEFINITIONSHAPE($,$,(#1277));
#1279=IFCSTYLEDITEM(#1261,(#46),'Concreto armado');
#1280=IFCRELVOIDSELEMENT('00052o001008000000001G',$,$,$,#1029,#1271);
#1281=IFCCARTESIANPOINT((0.,0.,0.));
#1282=IFCDIRECTION((0.,0.,1.));
#1283=IFCDIRECTION((1.,0.,0.));
#1284=IFCAXIS2PLACEMENT3D(#1281,#1282,#1283);
#1285=IFCLOCALPLACEMENT(#1043,#1284);
#1286=IFCWINDOW('00052o001008000000001H',$,'Janela do quarto 2',$,$,#1299,#1293,$,1.2,2.,.WINDOW.,$,$);
#1292=IFCSHAPEREPRESENTATION(#12,'Body','SweptSolid',(#1270));
#1293=IFCPRODUCTDEFINITIONSHAPE($,$,(#1292));
#1294=IFCSTYLEDITEM(#1270,(#62),'Vidro');
#1295=IFCCARTESIANPOINT((0.,0.,0.));
#1296=IFCDIRECTION((0.,0.,1.));
#1297=IFCDIRECTION((1.,0.,0.));
#1298=IFCAXIS2PLACEMENT3D(#1295,#1296,#1297);
#1299=IFCLOCALPLACEMENT(#40,#1298);
#1300=IFCRELFILLSELEMENT('00052o001008000000001I',$,$,$,#1271,#1286);
#1301=IFCCARTESIANPOINTLIST2D(((1.,11.875),(2.,11.875),(2.,12.125),(1.,12.125)));
#1302=IFCINDEXEDPOLYCURVE(#1301,(IFCLINEINDEX((1,2,3,4,1))),$);
#1303=IFCARBITRARYCLOSEDPROFILEDEF(.AREA.,$,#1302);
#1304=IFCCARTESIANPOINT((0.,0.,4.6));
#1305=IFCDIRECTION((0.,0.,1.));
#1306=IFCDIRECTION((1.,0.,0.));
#1307=IFCAXIS2PLACEMENT3D(#1304,#1305,#1306);
#1308=IFCDIRECTION((0.,0.,1.));
#1309=IFCEXTRUDEDAREASOLID(#1303,#1307,#1308,0.5999999999999996);
#1310=IFCCARTESIANPOINTLIST2D(((1.,11.98),(2.,11.98),(2.,12.02),(1.,12.02)));
#1311=IFCINDEXEDPOLYCURVE(#1310,(IFCLINEINDEX((1,2,3,4,1))),$);
#1312=IFCARBITRARYCLOSEDPROFILEDEF(.AREA.,$,#1311);
#1313=IFCCARTESIANPOINT((0.,0.,4.6));
#1314=IFCDIRECTION((0.,0.,1.));
#1315=IFCDIRECTION((1.,0.,0.));
#1316=IFCAXIS2PLACEMENT3D(#1313,#1314,#1315);
#1317=IFCDIRECTION((0.,0.,1.));
#1318=IFCEXTRUDEDAREASOLID(#1312,#1316,#1317,0.5999999999999996);
#1319=IFCOPENINGELEMENT('00052o001008000000001J',$,'V\X2\00E3\X0\o: Basculante do banheiro',$,$,#1333,#1326,$,.OPENING.);
#1325=IFCSHAPEREPRESENTATION(#12,'Body','SweptSolid',(#1309));
#1326=IFCPRODUCTDEFINITIONSHAPE($,$,(#1325));
#1327=IFCSTYLEDITEM(#1309,(#46),'Concreto armado');
#1328=IFCRELVOIDSELEMENT('00052o001008000000001K',$,$,$,#1053,#1319);
#1329=IFCCARTESIANPOINT((0.,0.,0.));
#1330=IFCDIRECTION((0.,0.,1.));
#1331=IFCDIRECTION((1.,0.,0.));
#1332=IFCAXIS2PLACEMENT3D(#1329,#1330,#1331);
#1333=IFCLOCALPLACEMENT(#1066,#1332);
#1334=IFCWINDOW('00052o001008000000001L',$,'Basculante do banheiro',$,$,#1347,#1341,$,0.6,1.,.WINDOW.,$,$);
#1340=IFCSHAPEREPRESENTATION(#12,'Body','SweptSolid',(#1318));
#1341=IFCPRODUCTDEFINITIONSHAPE($,$,(#1340));
#1342=IFCSTYLEDITEM(#1318,(#62),'Vidro');
#1343=IFCCARTESIANPOINT((0.,0.,0.));
#1344=IFCDIRECTION((0.,0.,1.));
#1345=IFCDIRECTION((1.,0.,0.));
#1346=IFCAXIS2PLACEMENT3D(#1343,#1344,#1345);
#1347=IFCLOCALPLACEMENT(#40,#1346);
#1348=IFCRELFILLSELEMENT('00052o001008000000001M',$,$,$,#1319,#1334);
#1349=IFCCARTESIANPOINTLIST2D(((4.2,11.875),(5.800000000000001,11.875),(5.800000000000001,12.125),(4.2,12.125)));
#1350=IFCINDEXEDPOLYCURVE(#1349,(IFCLINEINDEX((1,2,3,4,1))),$);
#1351=IFCARBITRARYCLOSEDPROFILEDEF(.AREA.,$,#1350);
#1352=IFCCARTESIANPOINT((0.,0.,4.));
#1353=IFCDIRECTION((0.,0.,1.));
#1354=IFCDIRECTION((1.,0.,0.));
#1355=IFCAXIS2PLACEMENT3D(#1352,#1353,#1354);
#1356=IFCDIRECTION((0.,0.,1.));
#1357=IFCEXTRUDEDAREASOLID(#1351,#1355,#1356,1.2000000000000002);
#1358=IFCCARTESIANPOINTLIST2D(((4.2,11.98),(5.800000000000001,11.98),(5.800000000000001,12.02),(4.2,12.02)));
#1359=IFCINDEXEDPOLYCURVE(#1358,(IFCLINEINDEX((1,2,3,4,1))),$);
#1360=IFCARBITRARYCLOSEDPROFILEDEF(.AREA.,$,#1359);
#1361=IFCCARTESIANPOINT((0.,0.,4.));
#1362=IFCDIRECTION((0.,0.,1.));
#1363=IFCDIRECTION((1.,0.,0.));
#1364=IFCAXIS2PLACEMENT3D(#1361,#1362,#1363);
#1365=IFCDIRECTION((0.,0.,1.));
#1366=IFCEXTRUDEDAREASOLID(#1360,#1364,#1365,1.2000000000000002);
#1367=IFCOPENINGELEMENT('00052o001008000000001N',$,'V\X2\00E3\X0\o: Janela do escrit\X2\00F3\X0\rio',$,$,#1381,#1374,$,.OPENING.);
#1373=IFCSHAPEREPRESENTATION(#12,'Body','SweptSolid',(#1357));
#1374=IFCPRODUCTDEFINITIONSHAPE($,$,(#1373));
#1375=IFCSTYLEDITEM(#1357,(#46),'Concreto armado');
#1376=IFCRELVOIDSELEMENT('00052o001008000000001O',$,$,$,#1053,#1367);
#1377=IFCCARTESIANPOINT((0.,0.,0.));
#1378=IFCDIRECTION((0.,0.,1.));
#1379=IFCDIRECTION((1.,0.,0.));
#1380=IFCAXIS2PLACEMENT3D(#1377,#1378,#1379);
#1381=IFCLOCALPLACEMENT(#1066,#1380);
#1382=IFCWINDOW('00052o001008000000001P',$,'Janela do escrit\X2\00F3\X0\rio',$,$,#1395,#1389,$,1.2,1.6,.WINDOW.,$,$);
#1388=IFCSHAPEREPRESENTATION(#12,'Body','SweptSolid',(#1366));
#1389=IFCPRODUCTDEFINITIONSHAPE($,$,(#1388));
#1390=IFCSTYLEDITEM(#1366,(#62),'Vidro');
#1391=IFCCARTESIANPOINT((0.,0.,0.));
#1392=IFCDIRECTION((0.,0.,1.));
#1393=IFCDIRECTION((1.,0.,0.));
#1394=IFCAXIS2PLACEMENT3D(#1391,#1392,#1393);
#1395=IFCLOCALPLACEMENT(#40,#1394);
#1396=IFCRELFILLSELEMENT('00052o001008000000001Q',$,$,$,#1367,#1382);
#1397=IFCCARTESIANPOINTLIST2D(((1.5,5.875),(2.4,5.875),(2.4,6.125),(1.5,6.125)));
#1398=IFCINDEXEDPOLYCURVE(#1397,(IFCLINEINDEX((1,2,3,4,1))),$);
#1399=IFCARBITRARYCLOSEDPROFILEDEF(.AREA.,$,#1398);
#1400=IFCCARTESIANPOINT((0.,0.,3.));
#1401=IFCDIRECTION((0.,0.,1.));
#1402=IFCDIRECTION((1.,0.,0.));
#1403=IFCAXIS2PLACEMENT3D(#1400,#1401,#1402);
#1404=IFCDIRECTION((0.,0.,1.));
#1405=IFCEXTRUDEDAREASOLID(#1399,#1403,#1404,2.0999999999999996);
#1406=IFCCARTESIANPOINTLIST2D(((1.5,5.98),(2.4,5.98),(2.4,6.02),(1.5,6.02)));
#1407=IFCINDEXEDPOLYCURVE(#1406,(IFCLINEINDEX((1,2,3,4,1))),$);
#1408=IFCARBITRARYCLOSEDPROFILEDEF(.AREA.,$,#1407);
#1409=IFCCARTESIANPOINT((0.,0.,3.));
#1410=IFCDIRECTION((0.,0.,1.));
#1411=IFCDIRECTION((1.,0.,0.));
#1412=IFCAXIS2PLACEMENT3D(#1409,#1410,#1411);
#1413=IFCDIRECTION((0.,0.,1.));
#1414=IFCEXTRUDEDAREASOLID(#1408,#1412,#1413,2.0999999999999996);
#1415=IFCOPENINGELEMENT('00052o001008000000001R',$,'V\X2\00E3\X0\o: Porta do quarto 1',$,$,#1429,#1422,$,.OPENING.);
#1421=IFCSHAPEREPRESENTATION(#12,'Body','SweptSolid',(#1405));
#1422=IFCPRODUCTDEFINITIONSHAPE($,$,(#1421));
#1423=IFCSTYLEDITEM(#1405,(#46),'Concreto armado');
#1424=IFCRELVOIDSELEMENT('00052o001008000000001S',$,$,$,#1122,#1415);
#1425=IFCCARTESIANPOINT((0.,0.,0.));
#1426=IFCDIRECTION((0.,0.,1.));
#1427=IFCDIRECTION((1.,0.,0.));
#1428=IFCAXIS2PLACEMENT3D(#1425,#1426,#1427);
#1429=IFCLOCALPLACEMENT(#1135,#1428);
#1430=IFCDOOR('00052o001008000000001T',$,'Porta do quarto 1',$,$,#1443,#1437,$,2.1,0.9,.DOOR.,$,$);
#1436=IFCSHAPEREPRESENTATION(#12,'Body','SweptSolid',(#1414));
#1437=IFCPRODUCTDEFINITIONSHAPE($,$,(#1436));
#1438=IFCSTYLEDITEM(#1414,(#58),'Madeira');
#1439=IFCCARTESIANPOINT((0.,0.,0.));
#1440=IFCDIRECTION((0.,0.,1.));
#1441=IFCDIRECTION((1.,0.,0.));
#1442=IFCAXIS2PLACEMENT3D(#1439,#1440,#1441);
#1443=IFCLOCALPLACEMENT(#40,#1442);
#1444=IFCRELFILLSELEMENT('00052o001008000000001U',$,$,$,#1415,#1430);
#1445=IFCCARTESIANPOINTLIST2D(((4.8,5.875),(5.7,5.875),(5.7,6.125),(4.8,6.125)));
#1446=IFCINDEXEDPOLYCURVE(#1445,(IFCLINEINDEX((1,2,3,4,1))),$);
#1447=IFCARBITRARYCLOSEDPROFILEDEF(.AREA.,$,#1446);
#1448=IFCCARTESIANPOINT((0.,0.,3.));
#1449=IFCDIRECTION((0.,0.,1.));
#1450=IFCDIRECTION((1.,0.,0.));
#1451=IFCAXIS2PLACEMENT3D(#1448,#1449,#1450);
#1452=IFCDIRECTION((0.,0.,1.));
#1453=IFCEXTRUDEDAREASOLID(#1447,#1451,#1452,2.0999999999999996);
#1454=IFCCARTESIANPOINTLIST2D(((4.8,5.98),(5.7,5.98),(5.7,6.02),(4.8,6.02)));
#1455=IFCINDEXEDPOLYCURVE(#1454,(IFCLINEINDEX((1,2,3,4,1))),$);
#1456=IFCARBITRARYCLOSEDPROFILEDEF(.AREA.,$,#1455);
#1457=IFCCARTESIANPOINT((0.,0.,3.));
#1458=IFCDIRECTION((0.,0.,1.));
#1459=IFCDIRECTION((1.,0.,0.));
#1460=IFCAXIS2PLACEMENT3D(#1457,#1458,#1459);
#1461=IFCDIRECTION((0.,0.,1.));
#1462=IFCEXTRUDEDAREASOLID(#1456,#1460,#1461,2.0999999999999996);
#1463=IFCOPENINGELEMENT('00052o001008000000001V',$,'V\X2\00E3\X0\o: Porta do quarto 2',$,$,#1477,#1470,$,.OPENING.);
#1469=IFCSHAPEREPRESENTATION(#12,'Body','SweptSolid',(#1453));
#1470=IFCPRODUCTDEFINITIONSHAPE($,$,(#1469));
#1471=IFCSTYLEDITEM(#1453,(#46),'Concreto armado');
#1472=IFCRELVOIDSELEMENT('00052o001008000000001W',$,$,$,#1122,#1463);
#1473=IFCCARTESIANPOINT((0.,0.,0.));
#1474=IFCDIRECTION((0.,0.,1.));
#1475=IFCDIRECTION((1.,0.,0.));
#1476=IFCAXIS2PLACEMENT3D(#1473,#1474,#1475);
#1477=IFCLOCALPLACEMENT(#1135,#1476);
#1478=IFCDOOR('00052o001008000000001X',$,'Porta do quarto 2',$,$,#1491,#1485,$,2.1,0.9,.DOOR.,$,$);
#1484=IFCSHAPEREPRESENTATION(#12,'Body','SweptSolid',(#1462));
#1485=IFCPRODUCTDEFINITIONSHAPE($,$,(#1484));
#1486=IFCSTYLEDITEM(#1462,(#58),'Madeira');
#1487=IFCCARTESIANPOINT((0.,0.,0.));
#1488=IFCDIRECTION((0.,0.,1.));
#1489=IFCDIRECTION((1.,0.,0.));
#1490=IFCAXIS2PLACEMENT3D(#1487,#1488,#1489);
#1491=IFCLOCALPLACEMENT(#40,#1490);
#1492=IFCRELFILLSELEMENT('00052o001008000000001Y',$,$,$,#1463,#1478);
#1493=IFCCARTESIANPOINTLIST2D(((2.875,9.),(3.125,9.),(3.125,9.8),(2.875,9.8)));
#1494=IFCINDEXEDPOLYCURVE(#1493,(IFCLINEINDEX((1,2,3,4,1))),$);
#1495=IFCARBITRARYCLOSEDPROFILEDEF(.AREA.,$,#1494);
#1496=IFCCARTESIANPOINT((0.,0.,3.));
#1497=IFCDIRECTION((0.,0.,1.));
#1498=IFCDIRECTION((1.,0.,0.));
#1499=IFCAXIS2PLACEMENT3D(#1496,#1497,#1498);
#1500=IFCDIRECTION((0.,0.,1.));
#1501=IFCEXTRUDEDAREASOLID(#1495,#1499,#1500,2.0999999999999996);
#1502=IFCCARTESIANPOINTLIST2D(((2.98,9.),(3.02,9.),(3.02,9.8),(2.98,9.8)));
#1503=IFCINDEXEDPOLYCURVE(#1502,(IFCLINEINDEX((1,2,3,4,1))),$);
#1504=IFCARBITRARYCLOSEDPROFILEDEF(.AREA.,$,#1503);
#1505=IFCCARTESIANPOINT((0.,0.,3.));
#1506=IFCDIRECTION((0.,0.,1.));
#1507=IFCDIRECTION((1.,0.,0.));
#1508=IFCAXIS2PLACEMENT3D(#1505,#1506,#1507);
#1509=IFCDIRECTION((0.,0.,1.));
#1510=IFCEXTRUDEDAREASOLID(#1504,#1508,#1509,2.0999999999999996);
#1511=IFCOPENINGELEMENT('00052o001008000000001Z',$,'V\X2\00E3\X0\o: Porta do banheiro',$,$,#1525,#1518,$,.OPENING.);
#1517=IFCSHAPEREPRESENTATION(#12,'Body','SweptSolid',(#1501));
#1518=IFCPRODUCTDEFINITIONSHAPE($,$,(#1517));
#1519=IFCSTYLEDITEM(#1501,(#46),'Concreto armado');
#1520=IFCRELVOIDSELEMENT('00052o001008000000001a',$,$,$,#1191,#1511);
#1521=IFCCARTESIANPOINT((0.,0.,0.));
#1522=IFCDIRECTION((0.,0.,1.));
#1523=IFCDIRECTION((1.,0.,0.));
#1524=IFCAXIS2PLACEMENT3D(#1521,#1522,#1523);
#1525=IFCLOCALPLACEMENT(#1204,#1524);
#1526=IFCDOOR('00052o001008000000001b',$,'Porta do banheiro',$,$,#1539,#1533,$,2.1,0.8,.DOOR.,$,$);
#1532=IFCSHAPEREPRESENTATION(#12,'Body','SweptSolid',(#1510));
#1533=IFCPRODUCTDEFINITIONSHAPE($,$,(#1532));
#1534=IFCSTYLEDITEM(#1510,(#58),'Madeira');
#1535=IFCCARTESIANPOINT((0.,0.,0.));
#1536=IFCDIRECTION((0.,0.,1.));
#1537=IFCDIRECTION((1.,0.,0.));
#1538=IFCAXIS2PLACEMENT3D(#1535,#1536,#1537);
#1539=IFCLOCALPLACEMENT(#40,#1538);
#1540=IFCRELFILLSELEMENT('00052o001008000000001c',$,$,$,#1511,#1526);
#1541=IFCCARTESIANPOINTLIST2D(((-0.1,-0.1),(0.1,-0.1),(0.1,0.1),(-0.1,0.1)));
#1542=IFCINDEXEDPOLYCURVE(#1541,(IFCLINEINDEX((1,2,3,4,1))),$);
#1543=IFCARBITRARYCLOSEDPROFILEDEF(.AREA.,$,#1542);
#1544=IFCCARTESIANPOINT((0.,0.,3.));
#1545=IFCDIRECTION((0.,0.,1.));
#1546=IFCDIRECTION((1.,0.,0.));
#1547=IFCAXIS2PLACEMENT3D(#1544,#1545,#1546);
#1548=IFCDIRECTION((0.,0.,1.));
#1549=IFCEXTRUDEDAREASOLID(#1543,#1547,#1548,2.8);
#1550=IFCCOLUMN('00052o001008000000001d',$,'Pilar P(0;0) pavimento superior',$,$,#1563,#1557,$,.COLUMN.);
#1556=IFCSHAPEREPRESENTATION(#12,'Body','SweptSolid',(#1549));
#1557=IFCPRODUCTDEFINITIONSHAPE($,$,(#1556));
#1558=IFCSTYLEDITEM(#1549,(#46),'Concreto armado');
#1559=IFCCARTESIANPOINT((0.,0.,0.));
#1560=IFCDIRECTION((0.,0.,1.));
#1561=IFCDIRECTION((1.,0.,0.));
#1562=IFCAXIS2PLACEMENT3D(#1559,#1560,#1561);
#1563=IFCLOCALPLACEMENT(#40,#1562);
#1564=IFCCARTESIANPOINTLIST2D(((-0.1,5.9),(0.1,5.9),(0.1,6.1),(-0.1,6.1)));
#1565=IFCINDEXEDPOLYCURVE(#1564,(IFCLINEINDEX((1,2,3,4,1))),$);
#1566=IFCARBITRARYCLOSEDPROFILEDEF(.AREA.,$,#1565);
#1567=IFCCARTESIANPOINT((0.,0.,3.));
#1568=IFCDIRECTION((0.,0.,1.));
#1569=IFCDIRECTION((1.,0.,0.));
#1570=IFCAXIS2PLACEMENT3D(#1567,#1568,#1569);
#1571=IFCDIRECTION((0.,0.,1.));
#1572=IFCEXTRUDEDAREASOLID(#1566,#1570,#1571,2.8);
#1573=IFCCOLUMN('00052o001008000000001e',$,'Pilar P(0;6) pavimento superior',$,$,#1586,#1580,$,.COLUMN.);
#1579=IFCSHAPEREPRESENTATION(#12,'Body','SweptSolid',(#1572));
#1580=IFCPRODUCTDEFINITIONSHAPE($,$,(#1579));
#1581=IFCSTYLEDITEM(#1572,(#46),'Concreto armado');
#1582=IFCCARTESIANPOINT((0.,0.,0.));
#1583=IFCDIRECTION((0.,0.,1.));
#1584=IFCDIRECTION((1.,0.,0.));
#1585=IFCAXIS2PLACEMENT3D(#1582,#1583,#1584);
#1586=IFCLOCALPLACEMENT(#40,#1585);
#1587=IFCCARTESIANPOINTLIST2D(((-0.1,11.9),(0.1,11.9),(0.1,12.1),(-0.1,12.1)));
#1588=IFCINDEXEDPOLYCURVE(#1587,(IFCLINEINDEX((1,2,3,4,1))),$);
#1589=IFCARBITRARYCLOSEDPROFILEDEF(.AREA.,$,#1588);
#1590=IFCCARTESIANPOINT((0.,0.,3.));
#1591=IFCDIRECTION((0.,0.,1.));
#1592=IFCDIRECTION((1.,0.,0.));
#1593=IFCAXIS2PLACEMENT3D(#1590,#1591,#1592);
#1594=IFCDIRECTION((0.,0.,1.));
#1595=IFCEXTRUDEDAREASOLID(#1589,#1593,#1594,2.8);
#1596=IFCCOLUMN('00052o001008000000001f',$,'Pilar P(0;12) pavimento superior',$,$,#1609,#1603,$,.COLUMN.);
#1602=IFCSHAPEREPRESENTATION(#12,'Body','SweptSolid',(#1595));
#1603=IFCPRODUCTDEFINITIONSHAPE($,$,(#1602));
#1604=IFCSTYLEDITEM(#1595,(#46),'Concreto armado');
#1605=IFCCARTESIANPOINT((0.,0.,0.));
#1606=IFCDIRECTION((0.,0.,1.));
#1607=IFCDIRECTION((1.,0.,0.));
#1608=IFCAXIS2PLACEMENT3D(#1605,#1606,#1607);
#1609=IFCLOCALPLACEMENT(#40,#1608);
#1610=IFCCARTESIANPOINTLIST2D(((3.9,-0.1),(4.1,-0.1),(4.1,0.1),(3.9,0.1)));
#1611=IFCINDEXEDPOLYCURVE(#1610,(IFCLINEINDEX((1,2,3,4,1))),$);
#1612=IFCARBITRARYCLOSEDPROFILEDEF(.AREA.,$,#1611);
#1613=IFCCARTESIANPOINT((0.,0.,3.));
#1614=IFCDIRECTION((0.,0.,1.));
#1615=IFCDIRECTION((1.,0.,0.));
#1616=IFCAXIS2PLACEMENT3D(#1613,#1614,#1615);
#1617=IFCDIRECTION((0.,0.,1.));
#1618=IFCEXTRUDEDAREASOLID(#1612,#1616,#1617,2.8);
#1619=IFCCOLUMN('00052o001008000000001g',$,'Pilar P(4;0) pavimento superior',$,$,#1632,#1626,$,.COLUMN.);
#1625=IFCSHAPEREPRESENTATION(#12,'Body','SweptSolid',(#1618));
#1626=IFCPRODUCTDEFINITIONSHAPE($,$,(#1625));
#1627=IFCSTYLEDITEM(#1618,(#46),'Concreto armado');
#1628=IFCCARTESIANPOINT((0.,0.,0.));
#1629=IFCDIRECTION((0.,0.,1.));
#1630=IFCDIRECTION((1.,0.,0.));
#1631=IFCAXIS2PLACEMENT3D(#1628,#1629,#1630);
#1632=IFCLOCALPLACEMENT(#40,#1631);
#1633=IFCCARTESIANPOINTLIST2D(((3.9,5.9),(4.1,5.9),(4.1,6.1),(3.9,6.1)));
#1634=IFCINDEXEDPOLYCURVE(#1633,(IFCLINEINDEX((1,2,3,4,1))),$);
#1635=IFCARBITRARYCLOSEDPROFILEDEF(.AREA.,$,#1634);
#1636=IFCCARTESIANPOINT((0.,0.,3.));
#1637=IFCDIRECTION((0.,0.,1.));
#1638=IFCDIRECTION((1.,0.,0.));
#1639=IFCAXIS2PLACEMENT3D(#1636,#1637,#1638);
#1640=IFCDIRECTION((0.,0.,1.));
#1641=IFCEXTRUDEDAREASOLID(#1635,#1639,#1640,2.8);
#1642=IFCCOLUMN('00052o001008000000001h',$,'Pilar P(4;6) pavimento superior',$,$,#1655,#1649,$,.COLUMN.);
#1648=IFCSHAPEREPRESENTATION(#12,'Body','SweptSolid',(#1641));
#1649=IFCPRODUCTDEFINITIONSHAPE($,$,(#1648));
#1650=IFCSTYLEDITEM(#1641,(#46),'Concreto armado');
#1651=IFCCARTESIANPOINT((0.,0.,0.));
#1652=IFCDIRECTION((0.,0.,1.));
#1653=IFCDIRECTION((1.,0.,0.));
#1654=IFCAXIS2PLACEMENT3D(#1651,#1652,#1653);
#1655=IFCLOCALPLACEMENT(#40,#1654);
#1656=IFCCARTESIANPOINTLIST2D(((3.9,11.9),(4.1,11.9),(4.1,12.1),(3.9,12.1)));
#1657=IFCINDEXEDPOLYCURVE(#1656,(IFCLINEINDEX((1,2,3,4,1))),$);
#1658=IFCARBITRARYCLOSEDPROFILEDEF(.AREA.,$,#1657);
#1659=IFCCARTESIANPOINT((0.,0.,3.));
#1660=IFCDIRECTION((0.,0.,1.));
#1661=IFCDIRECTION((1.,0.,0.));
#1662=IFCAXIS2PLACEMENT3D(#1659,#1660,#1661);
#1663=IFCDIRECTION((0.,0.,1.));
#1664=IFCEXTRUDEDAREASOLID(#1658,#1662,#1663,2.8);
#1665=IFCCOLUMN('00052o001008000000001i',$,'Pilar P(4;12) pavimento superior',$,$,#1678,#1672,$,.COLUMN.);
#1671=IFCSHAPEREPRESENTATION(#12,'Body','SweptSolid',(#1664));
#1672=IFCPRODUCTDEFINITIONSHAPE($,$,(#1671));
#1673=IFCSTYLEDITEM(#1664,(#46),'Concreto armado');
#1674=IFCCARTESIANPOINT((0.,0.,0.));
#1675=IFCDIRECTION((0.,0.,1.));
#1676=IFCDIRECTION((1.,0.,0.));
#1677=IFCAXIS2PLACEMENT3D(#1674,#1675,#1676);
#1678=IFCLOCALPLACEMENT(#40,#1677);
#1679=IFCCARTESIANPOINTLIST2D(((7.9,-0.1),(8.1,-0.1),(8.1,0.1),(7.9,0.1)));
#1680=IFCINDEXEDPOLYCURVE(#1679,(IFCLINEINDEX((1,2,3,4,1))),$);
#1681=IFCARBITRARYCLOSEDPROFILEDEF(.AREA.,$,#1680);
#1682=IFCCARTESIANPOINT((0.,0.,3.));
#1683=IFCDIRECTION((0.,0.,1.));
#1684=IFCDIRECTION((1.,0.,0.));
#1685=IFCAXIS2PLACEMENT3D(#1682,#1683,#1684);
#1686=IFCDIRECTION((0.,0.,1.));
#1687=IFCEXTRUDEDAREASOLID(#1681,#1685,#1686,2.8);
#1688=IFCCOLUMN('00052o001008000000001j',$,'Pilar P(8;0) pavimento superior',$,$,#1701,#1695,$,.COLUMN.);
#1694=IFCSHAPEREPRESENTATION(#12,'Body','SweptSolid',(#1687));
#1695=IFCPRODUCTDEFINITIONSHAPE($,$,(#1694));
#1696=IFCSTYLEDITEM(#1687,(#46),'Concreto armado');
#1697=IFCCARTESIANPOINT((0.,0.,0.));
#1698=IFCDIRECTION((0.,0.,1.));
#1699=IFCDIRECTION((1.,0.,0.));
#1700=IFCAXIS2PLACEMENT3D(#1697,#1698,#1699);
#1701=IFCLOCALPLACEMENT(#40,#1700);
#1702=IFCCARTESIANPOINTLIST2D(((7.9,5.9),(8.1,5.9),(8.1,6.1),(7.9,6.1)));
#1703=IFCINDEXEDPOLYCURVE(#1702,(IFCLINEINDEX((1,2,3,4,1))),$);
#1704=IFCARBITRARYCLOSEDPROFILEDEF(.AREA.,$,#1703);
#1705=IFCCARTESIANPOINT((0.,0.,3.));
#1706=IFCDIRECTION((0.,0.,1.));
#1707=IFCDIRECTION((1.,0.,0.));
#1708=IFCAXIS2PLACEMENT3D(#1705,#1706,#1707);
#1709=IFCDIRECTION((0.,0.,1.));
#1710=IFCEXTRUDEDAREASOLID(#1704,#1708,#1709,2.8);
#1711=IFCCOLUMN('00052o001008000000001k',$,'Pilar P(8;6) pavimento superior',$,$,#1724,#1718,$,.COLUMN.);
#1717=IFCSHAPEREPRESENTATION(#12,'Body','SweptSolid',(#1710));
#1718=IFCPRODUCTDEFINITIONSHAPE($,$,(#1717));
#1719=IFCSTYLEDITEM(#1710,(#46),'Concreto armado');
#1720=IFCCARTESIANPOINT((0.,0.,0.));
#1721=IFCDIRECTION((0.,0.,1.));
#1722=IFCDIRECTION((1.,0.,0.));
#1723=IFCAXIS2PLACEMENT3D(#1720,#1721,#1722);
#1724=IFCLOCALPLACEMENT(#40,#1723);
#1725=IFCCARTESIANPOINTLIST2D(((7.9,11.9),(8.1,11.9),(8.1,12.1),(7.9,12.1)));
#1726=IFCINDEXEDPOLYCURVE(#1725,(IFCLINEINDEX((1,2,3,4,1))),$);
#1727=IFCARBITRARYCLOSEDPROFILEDEF(.AREA.,$,#1726);
#1728=IFCCARTESIANPOINT((0.,0.,3.));
#1729=IFCDIRECTION((0.,0.,1.));
#1730=IFCDIRECTION((1.,0.,0.));
#1731=IFCAXIS2PLACEMENT3D(#1728,#1729,#1730);
#1732=IFCDIRECTION((0.,0.,1.));
#1733=IFCEXTRUDEDAREASOLID(#1727,#1731,#1732,2.8);
#1734=IFCCOLUMN('00052o001008000000001l',$,'Pilar P(8;12) pavimento superior',$,$,#1747,#1741,$,.COLUMN.);
#1740=IFCSHAPEREPRESENTATION(#12,'Body','SweptSolid',(#1733));
#1741=IFCPRODUCTDEFINITIONSHAPE($,$,(#1740));
#1742=IFCSTYLEDITEM(#1733,(#46),'Concreto armado');
#1743=IFCCARTESIANPOINT((0.,0.,0.));
#1744=IFCDIRECTION((0.,0.,1.));
#1745=IFCDIRECTION((1.,0.,0.));
#1746=IFCAXIS2PLACEMENT3D(#1743,#1744,#1745);
#1747=IFCLOCALPLACEMENT(#40,#1746);
#1748=IFCCARTESIANPOINTLIST2D(((-0.15,-0.075),(8.149999999999999,-0.075),(8.149999999999999,0.075),(-0.15,0.075)));
#1749=IFCINDEXEDPOLYCURVE(#1748,(IFCLINEINDEX((1,2,3,4,1))),$);
#1750=IFCARBITRARYCLOSEDPROFILEDEF(.AREA.,$,#1749);
#1751=IFCCARTESIANPOINT((0.,0.,5.45));
#1752=IFCDIRECTION((0.,0.,1.));
#1753=IFCDIRECTION((1.,0.,0.));
#1754=IFCAXIS2PLACEMENT3D(#1751,#1752,#1753);
#1755=IFCDIRECTION((0.,0.,1.));
#1756=IFCEXTRUDEDAREASOLID(#1750,#1754,#1755,0.34999999999999964);
#1757=IFCBEAM('00052o001008000000001m',$,'Viga: fachada frontal (pavimento superior)',$,$,#1770,#1764,$,.BEAM.);
#1763=IFCSHAPEREPRESENTATION(#12,'Body','SweptSolid',(#1756));
#1764=IFCPRODUCTDEFINITIONSHAPE($,$,(#1763));
#1765=IFCSTYLEDITEM(#1756,(#46),'Concreto armado');
#1766=IFCCARTESIANPOINT((0.,0.,0.));
#1767=IFCDIRECTION((0.,0.,1.));
#1768=IFCDIRECTION((1.,0.,0.));
#1769=IFCAXIS2PLACEMENT3D(#1766,#1767,#1768);
#1770=IFCLOCALPLACEMENT(#40,#1769);
#1771=IFCCARTESIANPOINTLIST2D(((-0.15,11.925),(8.149999999999999,11.925),(8.149999999999999,12.075),(-0.15,12.075)));
#1772=IFCINDEXEDPOLYCURVE(#1771,(IFCLINEINDEX((1,2,3,4,1))),$);
#1773=IFCARBITRARYCLOSEDPROFILEDEF(.AREA.,$,#1772);
#1774=IFCCARTESIANPOINT((0.,0.,5.45));
#1775=IFCDIRECTION((0.,0.,1.));
#1776=IFCDIRECTION((1.,0.,0.));
#1777=IFCAXIS2PLACEMENT3D(#1774,#1775,#1776);
#1778=IFCDIRECTION((0.,0.,1.));
#1779=IFCEXTRUDEDAREASOLID(#1773,#1777,#1778,0.34999999999999964);
#1780=IFCBEAM('00052o001008000000001n',$,'Viga: fachada dos fundos (pavimento superior)',$,$,#1793,#1787,$,.BEAM.);
#1786=IFCSHAPEREPRESENTATION(#12,'Body','SweptSolid',(#1779));
#1787=IFCPRODUCTDEFINITIONSHAPE($,$,(#1786));
#1788=IFCSTYLEDITEM(#1779,(#46),'Concreto armado');
#1789=IFCCARTESIANPOINT((0.,0.,0.));
#1790=IFCDIRECTION((0.,0.,1.));
#1791=IFCDIRECTION((1.,0.,0.));
#1792=IFCAXIS2PLACEMENT3D(#1789,#1790,#1791);
#1793=IFCLOCALPLACEMENT(#40,#1792);
#1794=IFCCARTESIANPOINTLIST2D(((-0.075,-0.15),(0.075,-0.15),(0.075,12.149999999999999),(-0.075,12.149999999999999)));
#1795=IFCINDEXEDPOLYCURVE(#1794,(IFCLINEINDEX((1,2,3,4,1))),$);
#1796=IFCARBITRARYCLOSEDPROFILEDEF(.AREA.,$,#1795);
#1797=IFCCARTESIANPOINT((0.,0.,5.45));
#1798=IFCDIRECTION((0.,0.,1.));
#1799=IFCDIRECTION((1.,0.,0.));
#1800=IFCAXIS2PLACEMENT3D(#1797,#1798,#1799);
#1801=IFCDIRECTION((0.,0.,1.));
#1802=IFCEXTRUDEDAREASOLID(#1796,#1800,#1801,0.34999999999999964);
#1803=IFCBEAM('00052o001008000000001o',$,'Viga: lateral oeste (pavimento superior)',$,$,#1816,#1810,$,.BEAM.);
#1809=IFCSHAPEREPRESENTATION(#12,'Body','SweptSolid',(#1802));
#1810=IFCPRODUCTDEFINITIONSHAPE($,$,(#1809));
#1811=IFCSTYLEDITEM(#1802,(#46),'Concreto armado');
#1812=IFCCARTESIANPOINT((0.,0.,0.));
#1813=IFCDIRECTION((0.,0.,1.));
#1814=IFCDIRECTION((1.,0.,0.));
#1815=IFCAXIS2PLACEMENT3D(#1812,#1813,#1814);
#1816=IFCLOCALPLACEMENT(#40,#1815);
#1817=IFCCARTESIANPOINTLIST2D(((7.925,-0.15),(8.075,-0.15),(8.075,12.149999999999999),(7.925,12.149999999999999)));
#1818=IFCINDEXEDPOLYCURVE(#1817,(IFCLINEINDEX((1,2,3,4,1))),$);
#1819=IFCARBITRARYCLOSEDPROFILEDEF(.AREA.,$,#1818);
#1820=IFCCARTESIANPOINT((0.,0.,5.45));
#1821=IFCDIRECTION((0.,0.,1.));
#1822=IFCDIRECTION((1.,0.,0.));
#1823=IFCAXIS2PLACEMENT3D(#1820,#1821,#1822);
#1824=IFCDIRECTION((0.,0.,1.));
#1825=IFCEXTRUDEDAREASOLID(#1819,#1823,#1824,0.34999999999999964);
#1826=IFCBEAM('00052o001008000000001p',$,'Viga: lateral leste (pavimento superior)',$,$,#1839,#1833,$,.BEAM.);
#1832=IFCSHAPEREPRESENTATION(#12,'Body','SweptSolid',(#1825));
#1833=IFCPRODUCTDEFINITIONSHAPE($,$,(#1832));
#1834=IFCSTYLEDITEM(#1825,(#46),'Concreto armado');
#1835=IFCCARTESIANPOINT((0.,0.,0.));
#1836=IFCDIRECTION((0.,0.,1.));
#1837=IFCDIRECTION((1.,0.,0.));
#1838=IFCAXIS2PLACEMENT3D(#1835,#1836,#1837);
#1839=IFCLOCALPLACEMENT(#40,#1838);
#1840=IFCCARTESIANPOINTLIST2D(((-0.15,5.925),(8.149999999999999,5.925),(8.149999999999999,6.075),(-0.15,6.075)));
#1841=IFCINDEXEDPOLYCURVE(#1840,(IFCLINEINDEX((1,2,3,4,1))),$);
#1842=IFCARBITRARYCLOSEDPROFILEDEF(.AREA.,$,#1841);
#1843=IFCCARTESIANPOINT((0.,0.,5.45));
#1844=IFCDIRECTION((0.,0.,1.));
#1845=IFCDIRECTION((1.,0.,0.));
#1846=IFCAXIS2PLACEMENT3D(#1843,#1844,#1845);
#1847=IFCDIRECTION((0.,0.,1.));
#1848=IFCEXTRUDEDAREASOLID(#1842,#1846,#1847,0.34999999999999964);
#1849=IFCBEAM('00052o001008000000001q',$,'Viga: eixo y = 6 (pavimento superior)',$,$,#1862,#1856,$,.BEAM.);
#1855=IFCSHAPEREPRESENTATION(#12,'Body','SweptSolid',(#1848));
#1856=IFCPRODUCTDEFINITIONSHAPE($,$,(#1855));
#1857=IFCSTYLEDITEM(#1848,(#46),'Concreto armado');
#1858=IFCCARTESIANPOINT((0.,0.,0.));
#1859=IFCDIRECTION((0.,0.,1.));
#1860=IFCDIRECTION((1.,0.,0.));
#1861=IFCAXIS2PLACEMENT3D(#1858,#1859,#1860);
#1862=IFCLOCALPLACEMENT(#40,#1861);
#1863=IFCCARTESIANPOINTLIST2D(((3.925,-0.15),(4.075,-0.15),(4.075,12.149999999999999),(3.925,12.149999999999999)));
#1864=IFCINDEXEDPOLYCURVE(#1863,(IFCLINEINDEX((1,2,3,4,1))),$);
#1865=IFCARBITRARYCLOSEDPROFILEDEF(.AREA.,$,#1864);
#1866=IFCCARTESIANPOINT((0.,0.,5.45));
#1867=IFCDIRECTION((0.,0.,1.));
#1868=IFCDIRECTION((1.,0.,0.));
#1869=IFCAXIS2PLACEMENT3D(#1866,#1867,#1868);
#1870=IFCDIRECTION((0.,0.,1.));
#1871=IFCEXTRUDEDAREASOLID(#1865,#1869,#1870,0.34999999999999964);
#1872=IFCBEAM('00052o001008000000001r',$,'Viga: eixo x = 4 (pavimento superior)',$,$,#1885,#1879,$,.BEAM.);
#1878=IFCSHAPEREPRESENTATION(#12,'Body','SweptSolid',(#1871));
#1879=IFCPRODUCTDEFINITIONSHAPE($,$,(#1878));
#1880=IFCSTYLEDITEM(#1871,(#46),'Concreto armado');
#1881=IFCCARTESIANPOINT((0.,0.,0.));
#1882=IFCDIRECTION((0.,0.,1.));
#1883=IFCDIRECTION((1.,0.,0.));
#1884=IFCAXIS2PLACEMENT3D(#1881,#1882,#1883);
#1885=IFCLOCALPLACEMENT(#40,#1884);
#1886=IFCCARTESIANPOINTLIST2D(((-0.275,-0.2),(8.274999999999999,-0.2),(8.274999999999999,0.2),(-0.275,0.2)));
#1887=IFCINDEXEDPOLYCURVE(#1886,(IFCLINEINDEX((1,2,3,4,1))),$);
#1888=IFCARBITRARYCLOSEDPROFILEDEF(.AREA.,$,#1887);
#1889=IFCCARTESIANPOINT((0.,0.,-0.5));
#1890=IFCDIRECTION((0.,0.,1.));
#1891=IFCDIRECTION((1.,0.,0.));
#1892=IFCAXIS2PLACEMENT3D(#1889,#1890,#1891);
#1893=IFCDIRECTION((0.,0.,1.));
#1894=IFCEXTRUDEDAREASOLID(#1888,#1892,#1893,0.4);
#1895=IFCFOOTING('00052o001008000000001s',$,'Viga baldrame: fachada frontal',$,$,#1908,#1902,$,.STRIP_FOOTING.);
#1901=IFCSHAPEREPRESENTATION(#12,'Body','SweptSolid',(#1894));
#1902=IFCPRODUCTDEFINITIONSHAPE($,$,(#1901));
#1903=IFCSTYLEDITEM(#1894,(#46),'Concreto armado');
#1904=IFCCARTESIANPOINT((0.,0.,0.));
#1905=IFCDIRECTION((0.,0.,1.));
#1906=IFCDIRECTION((1.,0.,0.));
#1907=IFCAXIS2PLACEMENT3D(#1904,#1905,#1906);
#1908=IFCLOCALPLACEMENT(#35,#1907);
#1909=IFCCARTESIANPOINTLIST2D(((-0.275,11.8),(8.274999999999999,11.8),(8.274999999999999,12.2),(-0.275,12.2)));
#1910=IFCINDEXEDPOLYCURVE(#1909,(IFCLINEINDEX((1,2,3,4,1))),$);
#1911=IFCARBITRARYCLOSEDPROFILEDEF(.AREA.,$,#1910);
#1912=IFCCARTESIANPOINT((0.,0.,-0.5));
#1913=IFCDIRECTION((0.,0.,1.));
#1914=IFCDIRECTION((1.,0.,0.));
#1915=IFCAXIS2PLACEMENT3D(#1912,#1913,#1914);
#1916=IFCDIRECTION((0.,0.,1.));
#1917=IFCEXTRUDEDAREASOLID(#1911,#1915,#1916,0.4);
#1918=IFCFOOTING('00052o001008000000001t',$,'Viga baldrame: fachada dos fundos',$,$,#1931,#1925,$,.STRIP_FOOTING.);
#1924=IFCSHAPEREPRESENTATION(#12,'Body','SweptSolid',(#1917));
#1925=IFCPRODUCTDEFINITIONSHAPE($,$,(#1924));
#1926=IFCSTYLEDITEM(#1917,(#46),'Concreto armado');
#1927=IFCCARTESIANPOINT((0.,0.,0.));
#1928=IFCDIRECTION((0.,0.,1.));
#1929=IFCDIRECTION((1.,0.,0.));
#1930=IFCAXIS2PLACEMENT3D(#1927,#1928,#1929);
#1931=IFCLOCALPLACEMENT(#35,#1930);
#1932=IFCCARTESIANPOINTLIST2D(((-0.2,-0.275),(0.2,-0.275),(0.2,12.274999999999999),(-0.2,12.274999999999999)));
#1933=IFCINDEXEDPOLYCURVE(#1932,(IFCLINEINDEX((1,2,3,4,1))),$);
#1934=IFCARBITRARYCLOSEDPROFILEDEF(.AREA.,$,#1933);
#1935=IFCCARTESIANPOINT((0.,0.,-0.5));
#1936=IFCDIRECTION((0.,0.,1.));
#1937=IFCDIRECTION((1.,0.,0.));
#1938=IFCAXIS2PLACEMENT3D(#1935,#1936,#1937);
#1939=IFCDIRECTION((0.,0.,1.));
#1940=IFCEXTRUDEDAREASOLID(#1934,#1938,#1939,0.4);
#1941=IFCFOOTING('00052o001008000000001u',$,'Viga baldrame: lateral oeste',$,$,#1954,#1948,$,.STRIP_FOOTING.);
#1947=IFCSHAPEREPRESENTATION(#12,'Body','SweptSolid',(#1940));
#1948=IFCPRODUCTDEFINITIONSHAPE($,$,(#1947));
#1949=IFCSTYLEDITEM(#1940,(#46),'Concreto armado');
#1950=IFCCARTESIANPOINT((0.,0.,0.));
#1951=IFCDIRECTION((0.,0.,1.));
#1952=IFCDIRECTION((1.,0.,0.));
#1953=IFCAXIS2PLACEMENT3D(#1950,#1951,#1952);
#1954=IFCLOCALPLACEMENT(#35,#1953);
#1955=IFCCARTESIANPOINTLIST2D(((7.8,-0.275),(8.2,-0.275),(8.2,12.274999999999999),(7.8,12.274999999999999)));
#1956=IFCINDEXEDPOLYCURVE(#1955,(IFCLINEINDEX((1,2,3,4,1))),$);
#1957=IFCARBITRARYCLOSEDPROFILEDEF(.AREA.,$,#1956);
#1958=IFCCARTESIANPOINT((0.,0.,-0.5));
#1959=IFCDIRECTION((0.,0.,1.));
#1960=IFCDIRECTION((1.,0.,0.));
#1961=IFCAXIS2PLACEMENT3D(#1958,#1959,#1960);
#1962=IFCDIRECTION((0.,0.,1.));
#1963=IFCEXTRUDEDAREASOLID(#1957,#1961,#1962,0.4);
#1964=IFCFOOTING('00052o001008000000001v',$,'Viga baldrame: lateral leste',$,$,#1977,#1971,$,.STRIP_FOOTING.);
#1970=IFCSHAPEREPRESENTATION(#12,'Body','SweptSolid',(#1963));
#1971=IFCPRODUCTDEFINITIONSHAPE($,$,(#1970));
#1972=IFCSTYLEDITEM(#1963,(#46),'Concreto armado');
#1973=IFCCARTESIANPOINT((0.,0.,0.));
#1974=IFCDIRECTION((0.,0.,1.));
#1975=IFCDIRECTION((1.,0.,0.));
#1976=IFCAXIS2PLACEMENT3D(#1973,#1974,#1975);
#1977=IFCLOCALPLACEMENT(#35,#1976);
#1978=IFCCARTESIANPOINTLIST2D(((-0.275,6.8),(6.075,6.8),(6.075,7.2),(-0.275,7.2)));
#1979=IFCINDEXEDPOLYCURVE(#1978,(IFCLINEINDEX((1,2,3,4,1))),$);
#1980=IFCARBITRARYCLOSEDPROFILEDEF(.AREA.,$,#1979);
#1981=IFCCARTESIANPOINT((0.,0.,-0.5));
#1982=IFCDIRECTION((0.,0.,1.));
#1983=IFCDIRECTION((1.,0.,0.));
#1984=IFCAXIS2PLACEMENT3D(#1981,#1982,#1983);
#1985=IFCDIRECTION((0.,0.,1.));
#1986=IFCEXTRUDEDAREASOLID(#1980,#1984,#1985,0.4);
#1987=IFCFOOTING('00052o001008000000001w',$,'Viga baldrame: sala e cozinha',$,$,#2000,#1994,$,.STRIP_FOOTING.);
#1993=IFCSHAPEREPRESENTATION(#12,'Body','SweptSolid',(#1986));
#1994=IFCPRODUCTDEFINITIONSHAPE($,$,(#1993));
#1995=IFCSTYLEDITEM(#1986,(#46),'Concreto armado');
#1996=IFCCARTESIANPOINT((0.,0.,0.));
#1997=IFCDIRECTION((0.,0.,1.));
#1998=IFCDIRECTION((1.,0.,0.));
#1999=IFCAXIS2PLACEMENT3D(#1996,#1997,#1998);
#2000=IFCLOCALPLACEMENT(#35,#1999);
#2001=IFCCARTESIANPOINTLIST2D(((6.5,6.725),(6.9,6.725),(6.9,12.274999999999999),(6.5,12.274999999999999)));
#2002=IFCINDEXEDPOLYCURVE(#2001,(IFCLINEINDEX((1,2,3,4,1))),$);
#2003=IFCARBITRARYCLOSEDPROFILEDEF(.AREA.,$,#2002);
#2004=IFCCARTESIANPOINT((0.,0.,-0.5));
#2005=IFCDIRECTION((0.,0.,1.));
#2006=IFCDIRECTION((1.,0.,0.));
#2007=IFCAXIS2PLACEMENT3D(#2004,#2005,#2006);
#2008=IFCDIRECTION((0.,0.,1.));
#2009=IFCEXTRUDEDAREASOLID(#2003,#2007,#2008,0.4);
#2010=IFCFOOTING('00052o001008000000001x',$,'Viga baldrame: cozinha e escada',$,$,#2023,#2017,$,.STRIP_FOOTING.);
#2016=IFCSHAPEREPRESENTATION(#12,'Body','SweptSolid',(#2009));
#2017=IFCPRODUCTDEFINITIONSHAPE($,$,(#2016));
#2018=IFCSTYLEDITEM(#2009,(#46),'Concreto armado');
#2019=IFCCARTESIANPOINT((0.,0.,0.));
#2020=IFCDIRECTION((0.,0.,1.));
#2021=IFCDIRECTION((1.,0.,0.));
#2022=IFCAXIS2PLACEMENT3D(#2019,#2020,#2021);
#2023=IFCLOCALPLACEMENT(#35,#2022);
#2024=IFCCARTESIANPOINTLIST2D(((-0.4,-0.4),(0.4,-0.4),(0.4,0.4),(-0.4,0.4)));
#2025=IFCINDEXEDPOLYCURVE(#2024,(IFCLINEINDEX((1,2,3,4,1))),$);
#2026=IFCARBITRARYCLOSEDPROFILEDEF(.AREA.,$,#2025);
#2027=IFCCARTESIANPOINT((0.,0.,-1.1));
#2028=IFCDIRECTION((0.,0.,1.));
#2029=IFCDIRECTION((1.,0.,0.));
#2030=IFCAXIS2PLACEMENT3D(#2027,#2028,#2029);
#2031=IFCDIRECTION((0.,0.,1.));
#2032=IFCEXTRUDEDAREASOLID(#2026,#2030,#2031,0.6000000000000001);
#2033=IFCFOOTING('00052o001008000000001y',$,'Sapata P(0;0)',$,$,#2046,#2040,$,.PAD_FOOTING.);
#2039=IFCSHAPEREPRESENTATION(#12,'Body','SweptSolid',(#2032));
#2040=IFCPRODUCTDEFINITIONSHAPE($,$,(#2039));
#2041=IFCSTYLEDITEM(#2032,(#46),'Concreto armado');
#2042=IFCCARTESIANPOINT((0.,0.,0.));
#2043=IFCDIRECTION((0.,0.,1.));
#2044=IFCDIRECTION((1.,0.,0.));
#2045=IFCAXIS2PLACEMENT3D(#2042,#2043,#2044);
#2046=IFCLOCALPLACEMENT(#35,#2045);
#2047=IFCCARTESIANPOINTLIST2D(((-0.4,5.6),(0.4,5.6),(0.4,6.4),(-0.4,6.4)));
#2048=IFCINDEXEDPOLYCURVE(#2047,(IFCLINEINDEX((1,2,3,4,1))),$);
#2049=IFCARBITRARYCLOSEDPROFILEDEF(.AREA.,$,#2048);
#2050=IFCCARTESIANPOINT((0.,0.,-1.1));
#2051=IFCDIRECTION((0.,0.,1.));
#2052=IFCDIRECTION((1.,0.,0.));
#2053=IFCAXIS2PLACEMENT3D(#2050,#2051,#2052);
#2054=IFCDIRECTION((0.,0.,1.));
#2055=IFCEXTRUDEDAREASOLID(#2049,#2053,#2054,0.6000000000000001);
#2056=IFCFOOTING('00052o001008000000001z',$,'Sapata P(0;6)',$,$,#2069,#2063,$,.PAD_FOOTING.);
#2062=IFCSHAPEREPRESENTATION(#12,'Body','SweptSolid',(#2055));
#2063=IFCPRODUCTDEFINITIONSHAPE($,$,(#2062));
#2064=IFCSTYLEDITEM(#2055,(#46),'Concreto armado');
#2065=IFCCARTESIANPOINT((0.,0.,0.));
#2066=IFCDIRECTION((0.,0.,1.));
#2067=IFCDIRECTION((1.,0.,0.));
#2068=IFCAXIS2PLACEMENT3D(#2065,#2066,#2067);
#2069=IFCLOCALPLACEMENT(#35,#2068);
#2070=IFCCARTESIANPOINTLIST2D(((-0.4,11.6),(0.4,11.6),(0.4,12.4),(-0.4,12.4)));
#2071=IFCINDEXEDPOLYCURVE(#2070,(IFCLINEINDEX((1,2,3,4,1))),$);
#2072=IFCARBITRARYCLOSEDPROFILEDEF(.AREA.,$,#2071);
#2073=IFCCARTESIANPOINT((0.,0.,-1.1));
#2074=IFCDIRECTION((0.,0.,1.));
#2075=IFCDIRECTION((1.,0.,0.));
#2076=IFCAXIS2PLACEMENT3D(#2073,#2074,#2075);
#2077=IFCDIRECTION((0.,0.,1.));
#2078=IFCEXTRUDEDAREASOLID(#2072,#2076,#2077,0.6000000000000001);
#2079=IFCFOOTING('00052o001008000000001_',$,'Sapata P(0;12)',$,$,#2092,#2086,$,.PAD_FOOTING.);
#2085=IFCSHAPEREPRESENTATION(#12,'Body','SweptSolid',(#2078));
#2086=IFCPRODUCTDEFINITIONSHAPE($,$,(#2085));
#2087=IFCSTYLEDITEM(#2078,(#46),'Concreto armado');
#2088=IFCCARTESIANPOINT((0.,0.,0.));
#2089=IFCDIRECTION((0.,0.,1.));
#2090=IFCDIRECTION((1.,0.,0.));
#2091=IFCAXIS2PLACEMENT3D(#2088,#2089,#2090);
#2092=IFCLOCALPLACEMENT(#35,#2091);
#2093=IFCCARTESIANPOINTLIST2D(((3.6,-0.4),(4.4,-0.4),(4.4,0.4),(3.6,0.4)));
#2094=IFCINDEXEDPOLYCURVE(#2093,(IFCLINEINDEX((1,2,3,4,1))),$);
#2095=IFCARBITRARYCLOSEDPROFILEDEF(.AREA.,$,#2094);
#2096=IFCCARTESIANPOINT((0.,0.,-1.1));
#2097=IFCDIRECTION((0.,0.,1.));
#2098=IFCDIRECTION((1.,0.,0.));
#2099=IFCAXIS2PLACEMENT3D(#2096,#2097,#2098);
#2100=IFCDIRECTION((0.,0.,1.));
#2101=IFCEXTRUDEDAREASOLID(#2095,#2099,#2100,0.6000000000000001);
#2102=IFCFOOTING('00052o001008000000001$',$,'Sapata P(4;0)',$,$,#2115,#2109,$,.PAD_FOOTING.);
#2108=IFCSHAPEREPRESENTATION(#12,'Body','SweptSolid',(#2101));
#2109=IFCPRODUCTDEFINITIONSHAPE($,$,(#2108));
#2110=IFCSTYLEDITEM(#2101,(#46),'Concreto armado');
#2111=IFCCARTESIANPOINT((0.,0.,0.));
#2112=IFCDIRECTION((0.,0.,1.));
#2113=IFCDIRECTION((1.,0.,0.));
#2114=IFCAXIS2PLACEMENT3D(#2111,#2112,#2113);
#2115=IFCLOCALPLACEMENT(#35,#2114);
#2116=IFCCARTESIANPOINTLIST2D(((3.6,5.6),(4.4,5.6),(4.4,6.4),(3.6,6.4)));
#2117=IFCINDEXEDPOLYCURVE(#2116,(IFCLINEINDEX((1,2,3,4,1))),$);
#2118=IFCARBITRARYCLOSEDPROFILEDEF(.AREA.,$,#2117);
#2119=IFCCARTESIANPOINT((0.,0.,-1.1));
#2120=IFCDIRECTION((0.,0.,1.));
#2121=IFCDIRECTION((1.,0.,0.));
#2122=IFCAXIS2PLACEMENT3D(#2119,#2120,#2121);
#2123=IFCDIRECTION((0.,0.,1.));
#2124=IFCEXTRUDEDAREASOLID(#2118,#2122,#2123,0.6000000000000001);
#2125=IFCFOOTING('00052o0010080000000020',$,'Sapata P(4;6)',$,$,#2138,#2132,$,.PAD_FOOTING.);
#2131=IFCSHAPEREPRESENTATION(#12,'Body','SweptSolid',(#2124));
#2132=IFCPRODUCTDEFINITIONSHAPE($,$,(#2131));
#2133=IFCSTYLEDITEM(#2124,(#46),'Concreto armado');
#2134=IFCCARTESIANPOINT((0.,0.,0.));
#2135=IFCDIRECTION((0.,0.,1.));
#2136=IFCDIRECTION((1.,0.,0.));
#2137=IFCAXIS2PLACEMENT3D(#2134,#2135,#2136);
#2138=IFCLOCALPLACEMENT(#35,#2137);
#2139=IFCCARTESIANPOINTLIST2D(((3.6,11.6),(4.4,11.6),(4.4,12.4),(3.6,12.4)));
#2140=IFCINDEXEDPOLYCURVE(#2139,(IFCLINEINDEX((1,2,3,4,1))),$);
#2141=IFCARBITRARYCLOSEDPROFILEDEF(.AREA.,$,#2140);
#2142=IFCCARTESIANPOINT((0.,0.,-1.1));
#2143=IFCDIRECTION((0.,0.,1.));
#2144=IFCDIRECTION((1.,0.,0.));
#2145=IFCAXIS2PLACEMENT3D(#2142,#2143,#2144);
#2146=IFCDIRECTION((0.,0.,1.));
#2147=IFCEXTRUDEDAREASOLID(#2141,#2145,#2146,0.6000000000000001);
#2148=IFCFOOTING('00052o0010080000000021',$,'Sapata P(4;12)',$,$,#2161,#2155,$,.PAD_FOOTING.);
#2154=IFCSHAPEREPRESENTATION(#12,'Body','SweptSolid',(#2147));
#2155=IFCPRODUCTDEFINITIONSHAPE($,$,(#2154));
#2156=IFCSTYLEDITEM(#2147,(#46),'Concreto armado');
#2157=IFCCARTESIANPOINT((0.,0.,0.));
#2158=IFCDIRECTION((0.,0.,1.));
#2159=IFCDIRECTION((1.,0.,0.));
#2160=IFCAXIS2PLACEMENT3D(#2157,#2158,#2159);
#2161=IFCLOCALPLACEMENT(#35,#2160);
#2162=IFCCARTESIANPOINTLIST2D(((7.6,-0.4),(8.4,-0.4),(8.4,0.4),(7.6,0.4)));
#2163=IFCINDEXEDPOLYCURVE(#2162,(IFCLINEINDEX((1,2,3,4,1))),$);
#2164=IFCARBITRARYCLOSEDPROFILEDEF(.AREA.,$,#2163);
#2165=IFCCARTESIANPOINT((0.,0.,-1.1));
#2166=IFCDIRECTION((0.,0.,1.));
#2167=IFCDIRECTION((1.,0.,0.));
#2168=IFCAXIS2PLACEMENT3D(#2165,#2166,#2167);
#2169=IFCDIRECTION((0.,0.,1.));
#2170=IFCEXTRUDEDAREASOLID(#2164,#2168,#2169,0.6000000000000001);
#2171=IFCFOOTING('00052o0010080000000022',$,'Sapata P(8;0)',$,$,#2184,#2178,$,.PAD_FOOTING.);
#2177=IFCSHAPEREPRESENTATION(#12,'Body','SweptSolid',(#2170));
#2178=IFCPRODUCTDEFINITIONSHAPE($,$,(#2177));
#2179=IFCSTYLEDITEM(#2170,(#46),'Concreto armado');
#2180=IFCCARTESIANPOINT((0.,0.,0.));
#2181=IFCDIRECTION((0.,0.,1.));
#2182=IFCDIRECTION((1.,0.,0.));
#2183=IFCAXIS2PLACEMENT3D(#2180,#2181,#2182);
#2184=IFCLOCALPLACEMENT(#35,#2183);
#2185=IFCCARTESIANPOINTLIST2D(((7.6,5.6),(8.4,5.6),(8.4,6.4),(7.6,6.4)));
#2186=IFCINDEXEDPOLYCURVE(#2185,(IFCLINEINDEX((1,2,3,4,1))),$);
#2187=IFCARBITRARYCLOSEDPROFILEDEF(.AREA.,$,#2186);
#2188=IFCCARTESIANPOINT((0.,0.,-1.1));
#2189=IFCDIRECTION((0.,0.,1.));
#2190=IFCDIRECTION((1.,0.,0.));
#2191=IFCAXIS2PLACEMENT3D(#2188,#2189,#2190);
#2192=IFCDIRECTION((0.,0.,1.));
#2193=IFCEXTRUDEDAREASOLID(#2187,#2191,#2192,0.6000000000000001);
#2194=IFCFOOTING('00052o0010080000000023',$,'Sapata P(8;6)',$,$,#2207,#2201,$,.PAD_FOOTING.);
#2200=IFCSHAPEREPRESENTATION(#12,'Body','SweptSolid',(#2193));
#2201=IFCPRODUCTDEFINITIONSHAPE($,$,(#2200));
#2202=IFCSTYLEDITEM(#2193,(#46),'Concreto armado');
#2203=IFCCARTESIANPOINT((0.,0.,0.));
#2204=IFCDIRECTION((0.,0.,1.));
#2205=IFCDIRECTION((1.,0.,0.));
#2206=IFCAXIS2PLACEMENT3D(#2203,#2204,#2205);
#2207=IFCLOCALPLACEMENT(#35,#2206);
#2208=IFCCARTESIANPOINTLIST2D(((7.6,11.6),(8.4,11.6),(8.4,12.4),(7.6,12.4)));
#2209=IFCINDEXEDPOLYCURVE(#2208,(IFCLINEINDEX((1,2,3,4,1))),$);
#2210=IFCARBITRARYCLOSEDPROFILEDEF(.AREA.,$,#2209);
#2211=IFCCARTESIANPOINT((0.,0.,-1.1));
#2212=IFCDIRECTION((0.,0.,1.));
#2213=IFCDIRECTION((1.,0.,0.));
#2214=IFCAXIS2PLACEMENT3D(#2211,#2212,#2213);
#2215=IFCDIRECTION((0.,0.,1.));
#2216=IFCEXTRUDEDAREASOLID(#2210,#2214,#2215,0.6000000000000001);
#2217=IFCFOOTING('00052o0010080000000024',$,'Sapata P(8;12)',$,$,#2230,#2224,$,.PAD_FOOTING.);
#2223=IFCSHAPEREPRESENTATION(#12,'Body','SweptSolid',(#2216));
#2224=IFCPRODUCTDEFINITIONSHAPE($,$,(#2223));
#2225=IFCSTYLEDITEM(#2216,(#46),'Concreto armado');
#2226=IFCCARTESIANPOINT((0.,0.,0.));
#2227=IFCDIRECTION((0.,0.,1.));
#2228=IFCDIRECTION((1.,0.,0.));
#2229=IFCAXIS2PLACEMENT3D(#2226,#2227,#2228);
#2230=IFCLOCALPLACEMENT(#35,#2229);
#2231=IFCCARTESIANPOINTLIST2D(((-0.075,-0.075),(8.075,-0.075),(8.075,12.075),(-0.075,12.075)));
#2232=IFCINDEXEDPOLYCURVE(#2231,(IFCLINEINDEX((1,2,3,4,1))),$);
#2233=IFCARBITRARYCLOSEDPROFILEDEF(.AREA.,$,#2232);
#2234=IFCCARTESIANPOINT((0.,0.,-0.1));
#2235=IFCDIRECTION((0.,0.,1.));
#2236=IFCDIRECTION((1.,0.,0.));
#2237=IFCAXIS2PLACEMENT3D(#2234,#2235,#2236);
#2238=IFCDIRECTION((0.,0.,1.));
#2239=IFCEXTRUDEDAREASOLID(#2233,#2237,#2238,0.1);
#2240=IFCSLAB('00052o0010080000000025',$,'Contrapiso',$,$,#2253,#2247,$,.BASESLAB.);
#2246=IFCSHAPEREPRESENTATION(#12,'Body','SweptSolid',(#2239));
#2247=IFCPRODUCTDEFINITIONSHAPE($,$,(#2246));
#2248=IFCSTYLEDITEM(#2239,(#46),'Concreto armado');
#2249=IFCCARTESIANPOINT((0.,0.,0.));
#2250=IFCDIRECTION((0.,0.,1.));
#2251=IFCDIRECTION((1.,0.,0.));
#2252=IFCAXIS2PLACEMENT3D(#2249,#2250,#2251);
#2253=IFCLOCALPLACEMENT(#35,#2252);
#2254=IFCCARTESIANPOINTLIST2D(((6.85,6.4),(7.9,6.4),(7.9,6.680000000000001),(6.85,6.680000000000001)));
#2255=IFCINDEXEDPOLYCURVE(#2254,(IFCLINEINDEX((1,2,3,4,1))),$);
#2256=IFCARBITRARYCLOSEDPROFILEDEF(.AREA.,$,#2255);
#2257=IFCCARTESIANPOINT((0.,0.,0.));
#2258=IFCDIRECTION((0.,0.,1.));
#2259=IFCDIRECTION((1.,0.,0.));
#2260=IFCAXIS2PLACEMENT3D(#2257,#2258,#2259);
#2261=IFCDIRECTION((0.,0.,1.));
#2262=IFCEXTRUDEDAREASOLID(#2256,#2260,#2261,0.1875);
#2263=IFCCARTESIANPOINTLIST2D(((6.85,6.680000000000001),(7.9,6.680000000000001),(7.9,6.960000000000001),(6.85,6.960000000000001)));
#2264=IFCINDEXEDPOLYCURVE(#2263,(IFCLINEINDEX((1,2,3,4,1))),$);
#2265=IFCARBITRARYCLOSEDPROFILEDEF(.AREA.,$,#2264);
#2266=IFCCARTESIANPOINT((0.,0.,0.));
#2267=IFCDIRECTION((0.,0.,1.));
#2268=IFCDIRECTION((1.,0.,0.));
#2269=IFCAXIS2PLACEMENT3D(#2266,#2267,#2268);
#2270=IFCDIRECTION((0.,0.,1.));
#2271=IFCEXTRUDEDAREASOLID(#2265,#2269,#2270,0.375);
#2272=IFCCARTESIANPOINTLIST2D(((6.85,6.960000000000001),(7.9,6.960000000000001),(7.9,7.24),(6.85,7.24)));
#2273=IFCINDEXEDPOLYCURVE(#2272,(IFCLINEINDEX((1,2,3,4,1))),$);
#2274=IFCARBITRARYCLOSEDPROFILEDEF(.AREA.,$,#2273);
#2275=IFCCARTESIANPOINT((0.,0.,0.));
#2276=IFCDIRECTION((0.,0.,1.));
#2277=IFCDIRECTION((1.,0.,0.));
#2278=IFCAXIS2PLACEMENT3D(#2275,#2276,#2277);
#2279=IFCDIRECTION((0.,0.,1.));
#2280=IFCEXTRUDEDAREASOLID(#2274,#2278,#2279,0.5625);
#2281=IFCCARTESIANPOINTLIST2D(((6.85,7.24),(7.9,7.24),(7.9,7.5200000000000005),(6.85,7.5200000000000005)));
#2282=IFCINDEXEDPOLYCURVE(#2281,(IFCLINEINDEX((1,2,3,4,1))),$);
#2283=IFCARBITRARYCLOSEDPROFILEDEF(.AREA.,$,#2282);
#2284=IFCCARTESIANPOINT((0.,0.,0.));
#2285=IFCDIRECTION((0.,0.,1.));
#2286=IFCDIRECTION((1.,0.,0.));
#2287=IFCAXIS2PLACEMENT3D(#2284,#2285,#2286);
#2288=IFCDIRECTION((0.,0.,1.));
#2289=IFCEXTRUDEDAREASOLID(#2283,#2287,#2288,0.75);
#2290=IFCCARTESIANPOINTLIST2D(((6.85,7.5200000000000005),(7.9,7.5200000000000005),(7.9,7.800000000000001),(6.85,7.800000000000001)));
#2291=IFCINDEXEDPOLYCURVE(#2290,(IFCLINEINDEX((1,2,3,4,1))),$);
#2292=IFCARBITRARYCLOSEDPROFILEDEF(.AREA.,$,#2291);
#2293=IFCCARTESIANPOINT((0.,0.,0.));
#2294=IFCDIRECTION((0.,0.,1.));
#2295=IFCDIRECTION((1.,0.,0.));
#2296=IFCAXIS2PLACEMENT3D(#2293,#2294,#2295);
#2297=IFCDIRECTION((0.,0.,1.));
#2298=IFCEXTRUDEDAREASOLID(#2292,#2296,#2297,0.9375);
#2299=IFCCARTESIANPOINTLIST2D(((6.85,7.800000000000001),(7.9,7.800000000000001),(7.9,8.08),(6.85,8.08)));
#2300=IFCINDEXEDPOLYCURVE(#2299,(IFCLINEINDEX((1,2,3,4,1))),$);
#2301=IFCARBITRARYCLOSEDPROFILEDEF(.AREA.,$,#2300);
#2302=IFCCARTESIANPOINT((0.,0.,0.));
#2303=IFCDIRECTION((0.,0.,1.));
#2304=IFCDIRECTION((1.,0.,0.));
#2305=IFCAXIS2PLACEMENT3D(#2302,#2303,#2304);
#2306=IFCDIRECTION((0.,0.,1.));
#2307=IFCEXTRUDEDAREASOLID(#2301,#2305,#2306,1.125);
#2308=IFCCARTESIANPOINTLIST2D(((6.85,8.08),(7.9,8.08),(7.9,8.360000000000001),(6.85,8.360000000000001)));
#2309=IFCINDEXEDPOLYCURVE(#2308,(IFCLINEINDEX((1,2,3,4,1))),$);
#2310=IFCARBITRARYCLOSEDPROFILEDEF(.AREA.,$,#2309);
#2311=IFCCARTESIANPOINT((0.,0.,0.));
#2312=IFCDIRECTION((0.,0.,1.));
#2313=IFCDIRECTION((1.,0.,0.));
#2314=IFCAXIS2PLACEMENT3D(#2311,#2312,#2313);
#2315=IFCDIRECTION((0.,0.,1.));
#2316=IFCEXTRUDEDAREASOLID(#2310,#2314,#2315,1.3125);
#2317=IFCCARTESIANPOINTLIST2D(((6.85,8.360000000000001),(7.9,8.360000000000001),(7.9,8.64),(6.85,8.64)));
#2318=IFCINDEXEDPOLYCURVE(#2317,(IFCLINEINDEX((1,2,3,4,1))),$);
#2319=IFCARBITRARYCLOSEDPROFILEDEF(.AREA.,$,#2318);
#2320=IFCCARTESIANPOINT((0.,0.,0.));
#2321=IFCDIRECTION((0.,0.,1.));
#2322=IFCDIRECTION((1.,0.,0.));
#2323=IFCAXIS2PLACEMENT3D(#2320,#2321,#2322);
#2324=IFCDIRECTION((0.,0.,1.));
#2325=IFCEXTRUDEDAREASOLID(#2319,#2323,#2324,1.5);
#2326=IFCCARTESIANPOINTLIST2D(((6.85,8.64),(7.9,8.64),(7.9,8.920000000000002),(6.85,8.920000000000002)));
#2327=IFCINDEXEDPOLYCURVE(#2326,(IFCLINEINDEX((1,2,3,4,1))),$);
#2328=IFCARBITRARYCLOSEDPROFILEDEF(.AREA.,$,#2327);
#2329=IFCCARTESIANPOINT((0.,0.,0.));
#2330=IFCDIRECTION((0.,0.,1.));
#2331=IFCDIRECTION((1.,0.,0.));
#2332=IFCAXIS2PLACEMENT3D(#2329,#2330,#2331);
#2333=IFCDIRECTION((0.,0.,1.));
#2334=IFCEXTRUDEDAREASOLID(#2328,#2332,#2333,1.6875);
#2335=IFCCARTESIANPOINTLIST2D(((6.85,8.920000000000002),(7.9,8.920000000000002),(7.9,9.200000000000001),(6.85,9.200000000000001)));
#2336=IFCINDEXEDPOLYCURVE(#2335,(IFCLINEINDEX((1,2,3,4,1))),$);
#2337=IFCARBITRARYCLOSEDPROFILEDEF(.AREA.,$,#2336);
#2338=IFCCARTESIANPOINT((0.,0.,0.));
#2339=IFCDIRECTION((0.,0.,1.));
#2340=IFCDIRECTION((1.,0.,0.));
#2341=IFCAXIS2PLACEMENT3D(#2338,#2339,#2340);
#2342=IFCDIRECTION((0.,0.,1.));
#2343=IFCEXTRUDEDAREASOLID(#2337,#2341,#2342,1.875);
#2344=IFCCARTESIANPOINTLIST2D(((6.85,9.200000000000001),(7.9,9.200000000000001),(7.9,9.48),(6.85,9.48)));
#2345=IFCINDEXEDPOLYCURVE(#2344,(IFCLINEINDEX((1,2,3,4,1))),$);
#2346=IFCARBITRARYCLOSEDPROFILEDEF(.AREA.,$,#2345);
#2347=IFCCARTESIANPOINT((0.,0.,0.));
#2348=IFCDIRECTION((0.,0.,1.));
#2349=IFCDIRECTION((1.,0.,0.));
#2350=IFCAXIS2PLACEMENT3D(#2347,#2348,#2349);
#2351=IFCDIRECTION((0.,0.,1.));
#2352=IFCEXTRUDEDAREASOLID(#2346,#2350,#2351,2.0625);
#2353=IFCCARTESIANPOINTLIST2D(((6.85,9.48),(7.9,9.48),(7.9,9.760000000000002),(6.85,9.760000000000002)));
#2354=IFCINDEXEDPOLYCURVE(#2353,(IFCLINEINDEX((1,2,3,4,1))),$);
#2355=IFCARBITRARYCLOSEDPROFILEDEF(.AREA.,$,#2354);
#2356=IFCCARTESIANPOINT((0.,0.,0.));
#2357=IFCDIRECTION((0.,0.,1.));
#2358=IFCDIRECTION((1.,0.,0.));
#2359=IFCAXIS2PLACEMENT3D(#2356,#2357,#2358);
#2360=IFCDIRECTION((0.,0.,1.));
#2361=IFCEXTRUDEDAREASOLID(#2355,#2359,#2360,2.25);
#2362=IFCCARTESIANPOINTLIST2D(((6.85,9.760000000000002),(7.9,9.760000000000002),(7.9,10.040000000000001),(6.85,10.040000000000001)));
#2363=IFCINDEXEDPOLYCURVE(#2362,(IFCLINEINDEX((1,2,3,4,1))),$);
#2364=IFCARBITRARYCLOSEDPROFILEDEF(.AREA.,$,#2363);
#2365=IFCCARTESIANPOINT((0.,0.,0.));
#2366=IFCDIRECTION((0.,0.,1.));
#2367=IFCDIRECTION((1.,0.,0.));
#2368=IFCAXIS2PLACEMENT3D(#2365,#2366,#2367);
#2369=IFCDIRECTION((0.,0.,1.));
#2370=IFCEXTRUDEDAREASOLID(#2364,#2368,#2369,2.4375);
#2371=IFCCARTESIANPOINTLIST2D(((6.85,10.040000000000001),(7.9,10.040000000000001),(7.9,10.32),(6.85,10.32)));
#2372=IFCINDEXEDPOLYCURVE(#2371,(IFCLINEINDEX((1,2,3,4,1))),$);
#2373=IFCARBITRARYCLOSEDPROFILEDEF(.AREA.,$,#2372);
#2374=IFCCARTESIANPOINT((0.,0.,0.));
#2375=IFCDIRECTION((0.,0.,1.));
#2376=IFCDIRECTION((1.,0.,0.));
#2377=IFCAXIS2PLACEMENT3D(#2374,#2375,#2376);
#2378=IFCDIRECTION((0.,0.,1.));
#2379=IFCEXTRUDEDAREASOLID(#2373,#2377,#2378,2.625);
#2380=IFCCARTESIANPOINTLIST2D(((6.85,10.32),(7.9,10.32),(7.9,10.600000000000001),(6.85,10.600000000000001)));
#2381=IFCINDEXEDPOLYCURVE(#2380,(IFCLINEINDEX((1,2,3,4,1))),$);
#2382=IFCARBITRARYCLOSEDPROFILEDEF(.AREA.,$,#2381);
#2383=IFCCARTESIANPOINT((0.,0.,0.));
#2384=IFCDIRECTION((0.,0.,1.));
#2385=IFCDIRECTION((1.,0.,0.));
#2386=IFCAXIS2PLACEMENT3D(#2383,#2384,#2385);
#2387=IFCDIRECTION((0.,0.,1.));
#2388=IFCEXTRUDEDAREASOLID(#2382,#2386,#2387,2.8125);
#2389=IFCCARTESIANPOINTLIST2D(((6.85,10.600000000000001),(7.9,10.600000000000001),(7.9,10.88),(6.85,10.88)));
#2390=IFCINDEXEDPOLYCURVE(#2389,(IFCLINEINDEX((1,2,3,4,1))),$);
#2391=IFCARBITRARYCLOSEDPROFILEDEF(.AREA.,$,#2390);
#2392=IFCCARTESIANPOINT((0.,0.,0.));
#2393=IFCDIRECTION((0.,0.,1.));
#2394=IFCDIRECTION((1.,0.,0.));
#2395=IFCAXIS2PLACEMENT3D(#2392,#2393,#2394);
#2396=IFCDIRECTION((0.,0.,1.));
#2397=IFCEXTRUDEDAREASOLID(#2391,#2395,#2396,3.);
#2398=IFCSTAIR('00052o0010080000000026',$,'Escada',$,$,#2426,#2405,$,.STRAIGHT_RUN_STAIR.);
#2404=IFCSHAPEREPRESENTATION(#12,'Body','SweptSolid',(#2262,#2271,#2280,#2289,#2298,#2307,#2316,#2325,#2334,#2343,#2352,#2361,#2370,#2379,#2388,#2397));
#2405=IFCPRODUCTDEFINITIONSHAPE($,$,(#2404));
#2406=IFCSTYLEDITEM(#2262,(#46),'Concreto armado');
#2407=IFCSTYLEDITEM(#2271,(#46),'Concreto armado');
#2408=IFCSTYLEDITEM(#2280,(#46),'Concreto armado');
#2409=IFCSTYLEDITEM(#2289,(#46),'Concreto armado');
#2410=IFCSTYLEDITEM(#2298,(#46),'Concreto armado');
#2411=IFCSTYLEDITEM(#2307,(#46),'Concreto armado');
#2412=IFCSTYLEDITEM(#2316,(#46),'Concreto armado');
#2413=IFCSTYLEDITEM(#2325,(#46),'Concreto armado');
#2414=IFCSTYLEDITEM(#2334,(#46),'Concreto armado');
#2415=IFCSTYLEDITEM(#2343,(#46),'Concreto armado');
#2416=IFCSTYLEDITEM(#2352,(#46),'Concreto armado');
#2417=IFCSTYLEDITEM(#2361,(#46),'Concreto armado');
#2418=IFCSTYLEDITEM(#2370,(#46),'Concreto armado');
#2419=IFCSTYLEDITEM(#2379,(#46),'Concreto armado');
#2420=IFCSTYLEDITEM(#2388,(#46),'Concreto armado');
#2421=IFCSTYLEDITEM(#2397,(#46),'Concreto armado');
#2422=IFCCARTESIANPOINT((0.,0.,0.));
#2423=IFCDIRECTION((0.,0.,1.));
#2424=IFCDIRECTION((1.,0.,0.));
#2425=IFCAXIS2PLACEMENT3D(#2422,#2423,#2424);
#2426=IFCLOCALPLACEMENT(#35,#2425);
#2427=IFCCARTESIANPOINTLIST2D(((-0.075,-0.075),(6.75,-0.075),(6.75,12.075),(-0.075,12.075)));
#2428=IFCINDEXEDPOLYCURVE(#2427,(IFCLINEINDEX((1,2,3,4,1))),$);
#2429=IFCARBITRARYCLOSEDPROFILEDEF(.AREA.,$,#2428);
#2430=IFCCARTESIANPOINT((0.,0.,2.8));
#2431=IFCDIRECTION((0.,0.,1.));
#2432=IFCDIRECTION((1.,0.,0.));
#2433=IFCAXIS2PLACEMENT3D(#2430,#2431,#2432);
#2434=IFCDIRECTION((0.,0.,1.));
#2435=IFCEXTRUDEDAREASOLID(#2429,#2433,#2434,0.20000000000000018);
#2436=IFCCARTESIANPOINTLIST2D(((6.75,-0.075),(8.075,-0.075),(8.075,6.4),(6.75,6.4)));
#2437=IFCINDEXEDPOLYCURVE(#2436,(IFCLINEINDEX((1,2,3,4,1))),$);
#2438=IFCARBITRARYCLOSEDPROFILEDEF(.AREA.,$,#2437);
#2439=IFCCARTESIANPOINT((0.,0.,2.8));
#2440=IFCDIRECTION((0.,0.,1.));
#2441=IFCDIRECTION((1.,0.,0.));
#2442=IFCAXIS2PLACEMENT3D(#2439,#2440,#2441);
#2443=IFCDIRECTION((0.,0.,1.));
#2444=IFCEXTRUDEDAREASOLID(#2438,#2442,#2443,0.20000000000000018);
#2445=IFCCARTESIANPOINTLIST2D(((6.75,10.88),(8.075,10.88),(8.075,12.075),(6.75,12.075)));
#2446=IFCINDEXEDPOLYCURVE(#2445,(IFCLINEINDEX((1,2,3,4,1))),$);
#2447=IFCARBITRARYCLOSEDPROFILEDEF(.AREA.,$,#2446);
#2448=IFCCARTESIANPOINT((0.,0.,2.8));
#2449=IFCDIRECTION((0.,0.,1.));
#2450=IFCDIRECTION((1.,0.,0.));
#2451=IFCAXIS2PLACEMENT3D(#2448,#2449,#2450);
#2452=IFCDIRECTION((0.,0.,1.));
#2453=IFCEXTRUDEDAREASOLID(#2447,#2451,#2452,0.20000000000000018);
#2454=IFCSLAB('00052o0010080000000027',$,'Laje do pavimento superior',$,$,#2469,#2461,$,.FLOOR.);
#2460=IFCSHAPEREPRESENTATION(#12,'Body','SweptSolid',(#2435,#2444,#2453));
#2461=IFCPRODUCTDEFINITIONSHAPE($,$,(#2460));
#2462=IFCSTYLEDITEM(#2435,(#46),'Concreto armado');
#2463=IFCSTYLEDITEM(#2444,(#46),'Concreto armado');
#2464=IFCSTYLEDITEM(#2453,(#46),'Concreto armado');
#2465=IFCCARTESIANPOINT((0.,0.,0.));
#2466=IFCDIRECTION((0.,0.,1.));
#2467=IFCDIRECTION((1.,0.,0.));
#2468=IFCAXIS2PLACEMENT3D(#2465,#2466,#2467);
#2469=IFCLOCALPLACEMENT(#35,#2468);
#2470=IFCCARTESIANPOINTLIST2D(((-0.075,-0.075),(8.075,-0.075),(8.075,12.075),(-0.075,12.075)));
#2471=IFCINDEXEDPOLYCURVE(#2470,(IFCLINEINDEX((1,2,3,4,1))),$);
#2472=IFCARBITRARYCLOSEDPROFILEDEF(.AREA.,$,#2471);
#2473=IFCCARTESIANPOINT((0.,0.,5.8));
#2474=IFCDIRECTION((0.,0.,1.));
#2475=IFCDIRECTION((1.,0.,0.));
#2476=IFCAXIS2PLACEMENT3D(#2473,#2474,#2475);
#2477=IFCDIRECTION((0.,0.,1.));
#2478=IFCEXTRUDEDAREASOLID(#2472,#2476,#2477,0.20000000000000018);
#2479=IFCSLAB('00052o0010080000000028',$,'Laje de forro',$,$,#2492,#2486,$,.FLOOR.);
#2485=IFCSHAPEREPRESENTATION(#12,'Body','SweptSolid',(#2478));
#2486=IFCPRODUCTDEFINITIONSHAPE($,$,(#2485));
#2487=IFCSTYLEDITEM(#2478,(#46),'Concreto armado');
#2488=IFCCARTESIANPOINT((0.,0.,0.));
#2489=IFCDIRECTION((0.,0.,1.));
#2490=IFCDIRECTION((1.,0.,0.));
#2491=IFCAXIS2PLACEMENT3D(#2488,#2489,#2490);
#2492=IFCLOCALPLACEMENT(#40,#2491);
#2493=IFCROOF('00052o0010080000000029',$,'Cobertura',$,$,#2498,$,$,.GABLE_ROOF.);
#2494=IFCCARTESIANPOINT((0.,0.,0.));
#2495=IFCDIRECTION((0.,0.,1.));
#2496=IFCDIRECTION((1.,0.,0.));
#2497=IFCAXIS2PLACEMENT3D(#2494,#2495,#2496);
#2498=IFCLOCALPLACEMENT(#40,#2497);
#2499=IFCCARTESIANPOINTLIST2D(((-0.5,6.05),(4.,7.4),(4.,7.48),(-0.5,6.13)));
#2500=IFCINDEXEDPOLYCURVE(#2499,(IFCLINEINDEX((1,2,3,4,1))),$);
#2501=IFCARBITRARYCLOSEDPROFILEDEF(.AREA.,$,#2500);
#2502=IFCCARTESIANPOINT((0.,12.5,0.));
#2503=IFCDIRECTION((0.,-1.,0.));
#2504=IFCDIRECTION((1.,0.,0.));
#2505=IFCAXIS2PLACEMENT3D(#2502,#2503,#2504);
#2506=IFCDIRECTION((0.,0.,1.));
#2507=IFCEXTRUDEDAREASOLID(#2501,#2505,#2506,13.);
#2508=IFCSLAB('00052o001008000000002A',$,'Telhado, \X2\00E1\X0\gua oeste',$,$,#2546,#2515,$,.ROOF.);
#2514=IFCSHAPEREPRESENTATION(#12,'Body','SweptSolid',(#2507));
#2515=IFCPRODUCTDEFINITIONSHAPE($,$,(#2514));
#2516=IFCSTYLEDITEM(#2507,(#54),'Telha cer\X2\00E2\X0\mica');
#2517=IFCRELASSOCIATESMATERIAL('00052o001008000000002B',$,$,$,(#2527,#2508),#53);
#2518=IFCCARTESIANPOINTLIST2D(((4.,7.4),(8.5,6.05),(8.5,6.13),(4.,7.48)));
#2519=IFCINDEXEDPOLYCURVE(#2518,(IFCLINEINDEX((1,2,3,4,1))),$);
#2520=IFCARBITRARYCLOSEDPROFILEDEF(.AREA.,$,#2519);
#2521=IFCCARTESIANPOINT((0.,12.5,0.));
#2522=IFCDIRECTION((0.,-1.,0.));
#2523=IFCDIRECTION((1.,0.,0.));
#2524=IFCAXIS2PLACEMENT3D(#2521,#2522,#2523);
#2525=IFCDIRECTION((0.,0.,1.));
#2526=IFCEXTRUDEDAREASOLID(#2520,#2524,#2525,13.);
#2527=IFCSLAB('00052o001008000000002C',$,'Telhado, \X2\00E1\X0\gua leste',$,$,#2541,#2534,$,.ROOF.);
#2533=IFCSHAPEREPRESENTATION(#12,'Body','SweptSolid',(#2526));
#2534=IFCPRODUCTDEFINITIONSHAPE($,$,(#2533));
#2535=IFCSTYLEDITEM(#2526,(#54),'Telha cer\X2\00E2\X0\mica');
#2536=IFCRELAGGREGATES('00052o001008000000002D',$,$,$,#2493,(#2527,#2508));
#2537=IFCCARTESIANPOINT((0.,0.,0.));
#2538=IFCDIRECTION((0.,0.,1.));
#2539=IFCDIRECTION((1.,0.,0.));
#2540=IFCAXIS2PLACEMENT3D(#2537,#2538,#2539);
#2541=IFCLOCALPLACEMENT(#2498,#2540);
#2542=IFCCARTESIANPOINT((0.,0.,0.));
#2543=IFCDIRECTION((0.,0.,1.));
#2544=IFCDIRECTION((1.,0.,0.));
#2545=IFCAXIS2PLACEMENT3D(#2542,#2543,#2544);
#2546=IFCLOCALPLACEMENT(#2498,#2545);
#2547=IFCCARTESIANPOINTLIST2D(((-0.075,6.),(8.075,6.),(8.075,6.2),(4.,7.4),(-0.075,6.2)));
#2548=IFCINDEXEDPOLYCURVE(#2547,(IFCLINEINDEX((1,2,3,4,5,1))),$);
#2549=IFCARBITRARYCLOSEDPROFILEDEF(.AREA.,$,#2548);
#2550=IFCCARTESIANPOINT((0.,0.075,0.));
#2551=IFCDIRECTION((0.,-1.,0.));
#2552=IFCDIRECTION((1.,0.,0.));
#2553=IFCAXIS2PLACEMENT3D(#2550,#2551,#2552);
#2554=IFCDIRECTION((0.,0.,1.));
#2555=IFCEXTRUDEDAREASOLID(#2549,#2553,#2554,0.15);
#2556=IFCWALL('00052o001008000000002E',$,'Oit\X2\00E3\X0\o frontal',$,$,#2569,#2563,$,.SOLIDWALL.);
#2562=IFCSHAPEREPRESENTATION(#12,'Body','SweptSolid',(#2555));
#2563=IFCPRODUCTDEFINITIONSHAPE($,$,(#2562));
#2564=IFCSTYLEDITEM(#2555,(#50),'Bloco cer\X2\00E2\X0\mico');
#2565=IFCCARTESIANPOINT((0.,0.,0.));
#2566=IFCDIRECTION((0.,0.,1.));
#2567=IFCDIRECTION((1.,0.,0.));
#2568=IFCAXIS2PLACEMENT3D(#2565,#2566,#2567);
#2569=IFCLOCALPLACEMENT(#40,#2568);
#2570=IFCCARTESIANPOINTLIST2D(((-0.075,6.),(8.075,6.),(8.075,6.2),(4.,7.4),(-0.075,6.2)));
#2571=IFCINDEXEDPOLYCURVE(#2570,(IFCLINEINDEX((1,2,3,4,5,1))),$);
#2572=IFCARBITRARYCLOSEDPROFILEDEF(.AREA.,$,#2571);
#2573=IFCCARTESIANPOINT((0.,12.075,0.));
#2574=IFCDIRECTION((0.,-1.,0.));
#2575=IFCDIRECTION((1.,0.,0.));
#2576=IFCAXIS2PLACEMENT3D(#2573,#2574,#2575);
#2577=IFCDIRECTION((0.,0.,1.));
#2578=IFCEXTRUDEDAREASOLID(#2572,#2576,#2577,0.15);
#2579=IFCWALL('00052o001008000000002F',$,'Oit\X2\00E3\X0\o dos fundos',$,$,#2592,#2586,$,.SOLIDWALL.);
#2585=IFCSHAPEREPRESENTATION(#12,'Body','SweptSolid',(#2578));
#2586=IFCPRODUCTDEFINITIONSHAPE($,$,(#2585));
#2587=IFCSTYLEDITEM(#2578,(#50),'Bloco cer\X2\00E2\X0\mico');
#2588=IFCCARTESIANPOINT((0.,0.,0.));
#2589=IFCDIRECTION((0.,0.,1.));
#2590=IFCDIRECTION((1.,0.,0.));
#2591=IFCAXIS2PLACEMENT3D(#2588,#2589,#2590);
#2592=IFCLOCALPLACEMENT(#40,#2591);
#2593=IFCCARTESIANPOINTLIST2D(((-0.075,-0.075),(0.075,-0.075),(0.075,12.075),(-0.075,12.075)));
#2594=IFCINDEXEDPOLYCURVE(#2593,(IFCLINEINDEX((1,2,3,4,1))),$);
#2595=IFCARBITRARYCLOSEDPROFILEDEF(.AREA.,$,#2594);
#2596=IFCCARTESIANPOINT((0.,0.,6.));
#2597=IFCDIRECTION((0.,0.,1.));
#2598=IFCDIRECTION((1.,0.,0.));
#2599=IFCAXIS2PLACEMENT3D(#2596,#2597,#2598);
#2600=IFCDIRECTION((0.,0.,1.));
#2601=IFCEXTRUDEDAREASOLID(#2595,#2599,#2600,0.20000000000000018);
#2602=IFCWALL('00052o001008000000002G',$,'Respaldo oeste',$,$,#2615,#2609,$,.SOLIDWALL.);
#2608=IFCSHAPEREPRESENTATION(#12,'Body','SweptSolid',(#2601));
#2609=IFCPRODUCTDEFINITIONSHAPE($,$,(#2608));
#2610=IFCSTYLEDITEM(#2601,(#50),'Bloco cer\X2\00E2\X0\mico');
#2611=IFCCARTESIANPOINT((0.,0.,0.));
#2612=IFCDIRECTION((0.,0.,1.));
#2613=IFCDIRECTION((1.,0.,0.));
#2614=IFCAXIS2PLACEMENT3D(#2611,#2612,#2613);
#2615=IFCLOCALPLACEMENT(#40,#2614);
#2616=IFCCARTESIANPOINTLIST2D(((7.925,-0.075),(8.075,-0.075),(8.075,12.075),(7.925,12.075)));
#2617=IFCINDEXEDPOLYCURVE(#2616,(IFCLINEINDEX((1,2,3,4,1))),$);
#2618=IFCARBITRARYCLOSEDPROFILEDEF(.AREA.,$,#2617);
#2619=IFCCARTESIANPOINT((0.,0.,6.));
#2620=IFCDIRECTION((0.,0.,1.));
#2621=IFCDIRECTION((1.,0.,0.));
#2622=IFCAXIS2PLACEMENT3D(#2619,#2620,#2621);
#2623=IFCDIRECTION((0.,0.,1.));
#2624=IFCEXTRUDEDAREASOLID(#2618,#2622,#2623,0.20000000000000018);
#2625=IFCWALL('00052o001008000000002H',$,'Respaldo leste',$,$,#2638,#2632,$,.SOLIDWALL.);
#2631=IFCSHAPEREPRESENTATION(#12,'Body','SweptSolid',(#2624));
#2632=IFCPRODUCTDEFINITIONSHAPE($,$,(#2631));
#2633=IFCSTYLEDITEM(#2624,(#50),'Bloco cer\X2\00E2\X0\mico');
#2634=IFCCARTESIANPOINT((0.,0.,0.));
#2635=IFCDIRECTION((0.,0.,1.));
#2636=IFCDIRECTION((1.,0.,0.));
#2637=IFCAXIS2PLACEMENT3D(#2634,#2635,#2636);
#2638=IFCLOCALPLACEMENT(#40,#2637);
#2639=IFCCARTESIANPOINTLIST2D(((0.075,0.075),(7.925,0.075),(7.925,6.925),(0.075,6.925)));
#2640=IFCINDEXEDPOLYCURVE(#2639,(IFCLINEINDEX((1,2,3,4,1))),$);
#2641=IFCARBITRARYCLOSEDPROFILEDEF(.AREA.,$,#2640);
#2642=IFCCARTESIANPOINT((0.,0.,0.));
#2643=IFCDIRECTION((0.,0.,1.));
#2644=IFCDIRECTION((1.,0.,0.));
#2645=IFCAXIS2PLACEMENT3D(#2642,#2643,#2644);
#2646=IFCDIRECTION((0.,0.,1.));
#2647=IFCEXTRUDEDAREASOLID(#2641,#2645,#2646,0.02);
#2648=IFCCOVERING('00052o001008000000002I',$,'Piso: sala',$,$,#2662,#2655,$,.FLOORING.);
#2654=IFCSHAPEREPRESENTATION(#12,'Body','SweptSolid',(#2647));
#2655=IFCPRODUCTDEFINITIONSHAPE($,$,(#2654));
#2656=IFCSTYLEDITEM(#2647,(#66),'Porcelanato');
#2657=IFCRELASSOCIATESMATERIAL('00052o001008000000002J',$,$,$,(#2648,#2695,#2741,#2787,#2672,#2718,#2764),#65);
#2658=IFCCARTESIANPOINT((0.,0.,0.));
#2659=IFCDIRECTION((0.,0.,1.));
#2660=IFCDIRECTION((1.,0.,0.));
#2661=IFCAXIS2PLACEMENT3D(#2658,#2659,#2660);
#2662=IFCLOCALPLACEMENT(#35,#2661);
#2663=IFCCARTESIANPOINTLIST2D(((0.075,7.075),(6.625,7.075),(6.625,11.925),(0.075,11.925)));
#2664=IFCINDEXEDPOLYCURVE(#2663,(IFCLINEINDEX((1,2,3,4,1))),$);
#2665=IFCARBITRARYCLOSEDPROFILEDEF(.AREA.,$,#2664);
#2666=IFCCARTESIANPOINT((0.,0.,0.));
#2667=IFCDIRECTION((0.,0.,1.));
#2668=IFCDIRECTION((1.,0.,0.));
#2669=IFCAXIS2PLACEMENT3D(#2666,#2667,#2668);
#2670=IFCDIRECTION((0.,0.,1.));
#2671=IFCEXTRUDEDAREASOLID(#2665,#2669,#2670,0.02);
#2672=IFCCOVERING('00052o001008000000002K',$,'Piso: cozinha',$,$,#2685,#2679,$,.FLOORING.);
#2678=IFCSHAPEREPRESENTATION(#12,'Body','SweptSolid',(#2671));
#2679=IFCPRODUCTDEFINITIONSHAPE($,$,(#2678));
#2680=IFCSTYLEDITEM(#2671,(#66),'Porcelanato');
#2681=IFCCARTESIANPOINT((0.,0.,0.));
#2682=IFCDIRECTION((0.,0.,1.));
#2683=IFCDIRECTION((1.,0.,0.));
#2684=IFCAXIS2PLACEMENT3D(#2681,#2682,#2683);
#2685=IFCLOCALPLACEMENT(#35,#2684);
#2686=IFCCARTESIANPOINTLIST2D(((0.075,0.075),(3.925,0.075),(3.925,5.925),(0.075,5.925)));
#2687=IFCINDEXEDPOLYCURVE(#2686,(IFCLINEINDEX((1,2,3,4,1))),$);
#2688=IFCARBITRARYCLOSEDPROFILEDEF(.AREA.,$,#2687);
#2689=IFCCARTESIANPOINT((0.,0.,3.));
#2690=IFCDIRECTION((0.,0.,1.));
#2691=IFCDIRECTION((1.,0.,0.));
#2692=IFCAXIS2PLACEMENT3D(#2689,#2690,#2691);
#2693=IFCDIRECTION((0.,0.,1.));
#2694=IFCEXTRUDEDAREASOLID(#2688,#2692,#2693,0.020000000000000018);
#2695=IFCCOVERING('00052o001008000000002L',$,'Piso: quarto 1',$,$,#2708,#2702,$,.FLOORING.);
#2701=IFCSHAPEREPRESENTATION(#12,'Body','SweptSolid',(#2694));
#2702=IFCPRODUCTDEFINITIONSHAPE($,$,(#2701));
#2703=IFCSTYLEDITEM(#2694,(#66),'Porcelanato');
#2704=IFCCARTESIANPOINT((0.,0.,0.));
#2705=IFCDIRECTION((0.,0.,1.));
#2706=IFCDIRECTION((1.,0.,0.));
#2707=IFCAXIS2PLACEMENT3D(#2704,#2705,#2706);
#2708=IFCLOCALPLACEMENT(#40,#2707);
#2709=IFCCARTESIANPOINTLIST2D(((4.075,0.075),(7.925,0.075),(7.925,5.925),(4.075,5.925)));
#2710=IFCINDEXEDPOLYCURVE(#2709,(IFCLINEINDEX((1,2,3,4,1))),$);
#2711=IFCARBITRARYCLOSEDPROFILEDEF(.AREA.,$,#2710);
#2712=IFCCARTESIANPOINT((0.,0.,3.));
#2713=IFCDIRECTION((0.,0.,1.));
#2714=IFCDIRECTION((1.,0.,0.));
#2715=IFCAXIS2PLACEMENT3D(#2712,#2713,#2714);
#2716=IFCDIRECTION((0.,0.,1.));
#2717=IFCEXTRUDEDAREASOLID(#2711,#2715,#2716,0.020000000000000018);
#2718=IFCCOVERING('00052o001008000000002M',$,'Piso: quarto 2',$,$,#2731,#2725,$,.FLOORING.);
#2724=IFCSHAPEREPRESENTATION(#12,'Body','SweptSolid',(#2717));
#2725=IFCPRODUCTDEFINITIONSHAPE($,$,(#2724));
#2726=IFCSTYLEDITEM(#2717,(#66),'Porcelanato');
#2727=IFCCARTESIANPOINT((0.,0.,0.));
#2728=IFCDIRECTION((0.,0.,1.));
#2729=IFCDIRECTION((1.,0.,0.));
#2730=IFCAXIS2PLACEMENT3D(#2727,#2728,#2729);
#2731=IFCLOCALPLACEMENT(#40,#2730);
#2732=IFCCARTESIANPOINTLIST2D(((0.075,6.075),(6.675,6.075),(6.675,8.425),(0.075,8.425)));
#2733=IFCINDEXEDPOLYCURVE(#2732,(IFCLINEINDEX((1,2,3,4,1))),$);
#2734=IFCARBITRARYCLOSEDPROFILEDEF(.AREA.,$,#2733);
#2735=IFCCARTESIANPOINT((0.,0.,3.));
#2736=IFCDIRECTION((0.,0.,1.));
#2737=IFCDIRECTION((1.,0.,0.));
#2738=IFCAXIS2PLACEMENT3D(#2735,#2736,#2737);
#2739=IFCDIRECTION((0.,0.,1.));
#2740=IFCEXTRUDEDAREASOLID(#2734,#2738,#2739,0.020000000000000018);
#2741=IFCCOVERING('00052o001008000000002N',$,'Piso: corredor',$,$,#2754,#2748,$,.FLOORING.);
#2747=IFCSHAPEREPRESENTATION(#12,'Body','SweptSolid',(#2740));
#2748=IFCPRODUCTDEFINITIONSHAPE($,$,(#2747));
#2749=IFCSTYLEDITEM(#2740,(#66),'Porcelanato');
#2750=IFCCARTESIANPOINT((0.,0.,0.));
#2751=IFCDIRECTION((0.,0.,1.));
#2752=IFCDIRECTION((1.,0.,0.));
#2753=IFCAXIS2PLACEMENT3D(#2750,#2751,#2752);
#2754=IFCLOCALPLACEMENT(#40,#2753);
#2755=IFCCARTESIANPOINTLIST2D(((0.075,8.575),(2.925,8.575),(2.925,11.925),(0.075,11.925)));
#2756=IFCINDEXEDPOLYCURVE(#2755,(IFCLINEINDEX((1,2,3,4,1))),$);
#2757=IFCARBITRARYCLOSEDPROFILEDEF(.AREA.,$,#2756);
#2758=IFCCARTESIANPOINT((0.,0.,3.));
#2759=IFCDIRECTION((0.,0.,1.));
#2760=IFCDIRECTION((1.,0.,0.));
#2761=IFCAXIS2PLACEMENT3D(#2758,#2759,#2760);
#2762=IFCDIRECTION((0.,0.,1.));
#2763=IFCEXTRUDEDAREASOLID(#2757,#2761,#2762,0.020000000000000018);
#2764=IFCCOVERING('00052o001008000000002O',$,'Piso: banheiro',$,$,#2777,#2771,$,.FLOORING.);
#2770=IFCSHAPEREPRESENTATION(#12,'Body','SweptSolid',(#2763));
#2771=IFCPRODUCTDEFINITIONSHAPE($,$,(#2770));
#2772=IFCSTYLEDITEM(#2763,(#66),'Porcelanato');
#2773=IFCCARTESIANPOINT((0.,0.,0.));
#2774=IFCDIRECTION((0.,0.,1.));
#2775=IFCDIRECTION((1.,0.,0.));
#2776=IFCAXIS2PLACEMENT3D(#2773,#2774,#2775);
#2777=IFCLOCALPLACEMENT(#40,#2776);
#2778=IFCCARTESIANPOINTLIST2D(((3.075,8.575),(6.675,8.575),(6.675,11.925),(3.075,11.925)));
#2779=IFCINDEXEDPOLYCURVE(#2778,(IFCLINEINDEX((1,2,3,4,1))),$);
#2780=IFCARBITRARYCLOSEDPROFILEDEF(.AREA.,$,#2779);
#2781=IFCCARTESIANPOINT((0.,0.,3.));
#2782=IFCDIRECTION((0.,0.,1.));
#2783=IFCDIRECTION((1.,0.,0.));
#2784=IFCAXIS2PLACEMENT3D(#2781,#2782,#2783);
#2785=IFCDIRECTION((0.,0.,1.));
#2786=IFCEXTRUDEDAREASOLID(#2780,#2784,#2785,0.020000000000000018);
#2787=IFCCOVERING('00052o001008000000002P',$,'Piso: escrit\X2\00F3\X0\rio',$,$,#2800,#2794,$,.FLOORING.);
#2793=IFCSHAPEREPRESENTATION(#12,'Body','SweptSolid',(#2786));
#2794=IFCPRODUCTDEFINITIONSHAPE($,$,(#2793));
#2795=IFCSTYLEDITEM(#2786,(#66),'Porcelanato');
#2796=IFCCARTESIANPOINT((0.,0.,0.));
#2797=IFCDIRECTION((0.,0.,1.));
#2798=IFCDIRECTION((1.,0.,0.));
#2799=IFCAXIS2PLACEMENT3D(#2796,#2797,#2798);
#2800=IFCLOCALPLACEMENT(#40,#2799);
#2801=IFCCARTESIANPOINTLIST2D(((1.,9.5),(2.4,9.5),(2.4,10.9),(1.,10.9)));
#2802=IFCINDEXEDPOLYCURVE(#2801,(IFCLINEINDEX((1,2,3,4,1))),$);
#2803=IFCARBITRARYCLOSEDPROFILEDEF(.AREA.,$,#2802);
#2804=IFCCARTESIANPOINT((0.,0.,6.));
#2805=IFCDIRECTION((0.,0.,1.));
#2806=IFCDIRECTION((1.,0.,0.));
#2807=IFCAXIS2PLACEMENT3D(#2804,#2805,#2806);
#2808=IFCDIRECTION((0.,0.,1.));
#2809=IFCEXTRUDEDAREASOLID(#2803,#2807,#2808,1.);
#2810=IFCTANK('00052o001008000000002Q',$,'Caixa d''\X2\00E1\X0\gua 1.000 L',$,$,#2824,#2817,$,.STORAGE.);
#2816=IFCSHAPEREPRESENTATION(#12,'Body','SweptSolid',(#2809));
#2817=IFCPRODUCTDEFINITIONSHAPE($,$,(#2816));
#2818=IFCSTYLEDITEM(#2809,(#102),'Polietileno');
#2819=IFCRELASSOCIATESMATERIAL('00052o001008000000002R',$,$,$,(#2810),#101);
#2820=IFCCARTESIANPOINT((0.,0.,0.));
#2821=IFCDIRECTION((0.,0.,1.));
#2822=IFCDIRECTION((1.,0.,0.));
#2823=IFCAXIS2PLACEMENT3D(#2820,#2821,#2822);
#2824=IFCLOCALPLACEMENT(#40,#2823);
#2825=IFCCARTESIANPOINTLIST2D(((0.2,11.6),(0.30000000000000004,11.6),(0.30000000000000004,11.7),(0.2,11.7)));
#2826=IFCINDEXEDPOLYCURVE(#2825,(IFCLINEINDEX((1,2,3,4,1))),$);
#2827=IFCARBITRARYCLOSEDPROFILEDEF(.AREA.,$,#2826);
#2828=IFCCARTESIANPOINT((0.,0.,0.));
#2829=IFCDIRECTION((0.,0.,1.));
#2830=IFCDIRECTION((1.,0.,0.));
#2831=IFCAXIS2PLACEMENT3D(#2828,#2829,#2830);
#2832=IFCDIRECTION((0.,0.,1.));
#2833=IFCEXTRUDEDAREASOLID(#2827,#2831,#2832,3.);
#2834=IFCPIPESEGMENT('00052o001008000000002S',$,'Prumada de \X2\00E1\X0\gua, cozinha',$,$,#2848,#2841,$,.RIGIDSEGMENT.);
#2840=IFCSHAPEREPRESENTATION(#12,'Body','SweptSolid',(#2833));
#2841=IFCPRODUCTDEFINITIONSHAPE($,$,(#2840));
#2842=IFCSTYLEDITEM(#2833,(#98),'PVC');
#2843=IFCRELASSOCIATESMATERIAL('00052o001008000000002T',$,$,$,(#2834,#2858),#97);
#2844=IFCCARTESIANPOINT((0.,0.,0.));
#2845=IFCDIRECTION((0.,0.,1.));
#2846=IFCDIRECTION((1.,0.,0.));
#2847=IFCAXIS2PLACEMENT3D(#2844,#2845,#2846);
#2848=IFCLOCALPLACEMENT(#35,#2847);
#2849=IFCCARTESIANPOINTLIST2D(((0.2,11.6),(0.30000000000000004,11.6),(0.30000000000000004,11.7),(0.2,11.7)));
#2850=IFCINDEXEDPOLYCURVE(#2849,(IFCLINEINDEX((1,2,3,4,1))),$);
#2851=IFCARBITRARYCLOSEDPROFILEDEF(.AREA.,$,#2850);
#2852=IFCCARTESIANPOINT((0.,0.,3.));
#2853=IFCDIRECTION((0.,0.,1.));
#2854=IFCDIRECTION((1.,0.,0.));
#2855=IFCAXIS2PLACEMENT3D(#2852,#2853,#2854);
#2856=IFCDIRECTION((0.,0.,1.));
#2857=IFCEXTRUDEDAREASOLID(#2851,#2855,#2856,3.);
#2858=IFCPIPESEGMENT('00052o001008000000002U',$,'Prumada de \X2\00E1\X0\gua, banheiro',$,$,#2871,#2865,$,.RIGIDSEGMENT.);
#2864=IFCSHAPEREPRESENTATION(#12,'Body','SweptSolid',(#2857));
#2865=IFCPRODUCTDEFINITIONSHAPE($,$,(#2864));
#2866=IFCSTYLEDITEM(#2857,(#98),'PVC');
#2867=IFCCARTESIANPOINT((0.,0.,0.));
#2868=IFCDIRECTION((0.,0.,1.));
#2869=IFCDIRECTION((1.,0.,0.));
#2870=IFCAXIS2PLACEMENT3D(#2867,#2868,#2869);
#2871=IFCLOCALPLACEMENT(#40,#2870);
#2872=IFCCARTESIANPOINTLIST2D(((0.2,8.5),(0.75,8.5),(0.75,10.5),(0.2,10.5)));
#2873=IFCINDEXEDPOLYCURVE(#2872,(IFCLINEINDEX((1,2,3,4,1))),$);
#2874=IFCARBITRARYCLOSEDPROFILEDEF(.AREA.,$,#2873);
#2875=IFCCARTESIANPOINT((0.,0.,0.85));
#2876=IFCDIRECTION((0.,0.,1.));
#2877=IFCDIRECTION((1.,0.,0.));
#2878=IFCAXIS2PLACEMENT3D(#2875,#2876,#2877);
#2879=IFCDIRECTION((0.,0.,1.));
#2880=IFCEXTRUDEDAREASOLID(#2874,#2878,#2879,0.07000000000000006);
#2881=IFCSANITARYTERMINAL('00052o001008000000002V',$,'Pia da cozinha',$,$,#2895,#2888,$,.SINK.);
#2887=IFCSHAPEREPRESENTATION(#12,'Body','SweptSolid',(#2880));
#2888=IFCPRODUCTDEFINITIONSHAPE($,$,(#2887));
#2889=IFCSTYLEDITEM(#2880,(#94),'Lou\X2\00E7\X0\a sanit\X2\00E1\X0\ria');
#2890=IFCRELASSOCIATESMATERIAL('00052o001008000000002W',$,$,$,(#2928,#2881,#2905),#93);
#2891=IFCCARTESIANPOINT((0.,0.,0.));
#2892=IFCDIRECTION((0.,0.,1.));
#2893=IFCDIRECTION((1.,0.,0.));
#2894=IFCAXIS2PLACEMENT3D(#2891,#2892,#2893);
#2895=IFCLOCALPLACEMENT(#35,#2894);
#2896=IFCCARTESIANPOINTLIST2D(((0.3,10.8),(0.9000000000000001,10.8),(0.9000000000000001,11.2),(0.3,11.2)));
#2897=IFCINDEXEDPOLYCURVE(#2896,(IFCLINEINDEX((1,2,3,4,1))),$);
#2898=IFCARBITRARYCLOSEDPROFILEDEF(.AREA.,$,#2897);
#2899=IFCCARTESIANPOINT((0.,0.,3.));
#2900=IFCDIRECTION((0.,0.,1.));
#2901=IFCDIRECTION((1.,0.,0.));
#2902=IFCAXIS2PLACEMENT3D(#2899,#2900,#2901);
#2903=IFCDIRECTION((0.,0.,1.));
#2904=IFCEXTRUDEDAREASOLID(#2898,#2902,#2903,0.41999999999999993);
#2905=IFCSANITARYTERMINAL('00052o001008000000002X',$,'Bacia sanit\X2\00E1\X0\ria',$,$,#2918,#2912,$,.TOILETPAN.);
#2911=IFCSHAPEREPRESENTATION(#12,'Body','SweptSolid',(#2904));
#2912=IFCPRODUCTDEFINITIONSHAPE($,$,(#2911));
#2913=IFCSTYLEDITEM(#2904,(#94),'Lou\X2\00E7\X0\a sanit\X2\00E1\X0\ria');
#2914=IFCCARTESIANPOINT((0.,0.,0.));
#2915=IFCDIRECTION((0.,0.,1.));
#2916=IFCDIRECTION((1.,0.,0.));
#2917=IFCAXIS2PLACEMENT3D(#2914,#2915,#2916);
#2918=IFCLOCALPLACEMENT(#40,#2917);
#2919=IFCCARTESIANPOINTLIST2D(((1.6,11.4),(2.2,11.4),(2.2,11.85),(1.6,11.85)));
#2920=IFCINDEXEDPOLYCURVE(#2919,(IFCLINEINDEX((1,2,3,4,1))),$);
#2921=IFCARBITRARYCLOSEDPROFILEDEF(.AREA.,$,#2920);
#2922=IFCCARTESIANPOINT((0.,0.,3.7800000000000002));
#2923=IFCDIRECTION((0.,0.,1.));
#2924=IFCDIRECTION((1.,0.,0.));
#2925=IFCAXIS2PLACEMENT3D(#2922,#2923,#2924);
#2926=IFCDIRECTION((0.,0.,1.));
#2927=IFCEXTRUDEDAREASOLID(#2921,#2925,#2926,0.09999999999999964);
#2928=IFCSANITARYTERMINAL('00052o001008000000002Y',$,'Lavat\X2\00F3\X0\rio',$,$,#2941,#2935,$,.WASHHANDBASIN.);
#2934=IFCSHAPEREPRESENTATION(#12,'Body','SweptSolid',(#2927));
#2935=IFCPRODUCTDEFINITIONSHAPE($,$,(#2934));
#2936=IFCSTYLEDITEM(#2927,(#94),'Lou\X2\00E7\X0\a sanit\X2\00E1\X0\ria');
#2937=IFCCARTESIANPOINT((0.,0.,0.));
#2938=IFCDIRECTION((0.,0.,1.));
#2939=IFCDIRECTION((1.,0.,0.));
#2940=IFCAXIS2PLACEMENT3D(#2937,#2938,#2939);
#2941=IFCLOCALPLACEMENT(#40,#2940);
#2942=IFCCARTESIANPOINTLIST2D(((-2.,-5.),(10.,-5.),(10.,-0.5999999999999996),(-2.,-0.5999999999999996)));
#2943=IFCINDEXEDPOLYCURVE(#2942,(IFCLINEINDEX((1,2,3,4,1))),$);
#2944=IFCARBITRARYCLOSEDPROFILEDEF(.AREA.,$,#2943);
#2945=IFCCARTESIANPOINT((0.,0.,-0.1));
#2946=IFCDIRECTION((0.,0.,1.));
#2947=IFCDIRECTION((1.,0.,0.));
#2948=IFCAXIS2PLACEMENT3D(#2945,#2946,#2947);
#2949=IFCDIRECTION((0.,0.,1.));
#2950=IFCEXTRUDEDAREASOLID(#2944,#2948,#2949,0.05);
#2951=IFCGEOGRAPHICELEMENT('00052o001008000000002Z',$,'Gramado frontal',$,'PAISAGISMO',#2965,#2958,$,.USERDEFINED.);
#2957=IFCSHAPEREPRESENTATION(#12,'Body','SweptSolid',(#2950));
#2958=IFCPRODUCTDEFINITIONSHAPE($,$,(#2957));
#2959=IFCSTYLEDITEM(#2950,(#106),'Grama');
#2960=IFCRELASSOCIATESMATERIAL('00052o001008000000002a',$,$,$,(#2951,#2975),#105);
#2961=IFCCARTESIANPOINT((0.,0.,0.));
#2962=IFCDIRECTION((0.,0.,1.));
#2963=IFCDIRECTION((1.,0.,0.));
#2964=IFCAXIS2PLACEMENT3D(#2961,#2962,#2963);
#2965=IFCLOCALPLACEMENT(#25,#2964);
#2966=IFCCARTESIANPOINTLIST2D(((-2.,12.6),(10.,12.6),(10.,20.),(-2.,20.)));
#2967=IFCINDEXEDPOLYCURVE(#2966,(IFCLINEINDEX((1,2,3,4,1))),$);
#2968=IFCARBITRARYCLOSEDPROFILEDEF(.AREA.,$,#2967);
#2969=IFCCARTESIANPOINT((0.,0.,-0.1));
#2970=IFCDIRECTION((0.,0.,1.));
#2971=IFCDIRECTION((1.,0.,0.));
#2972=IFCAXIS2PLACEMENT3D(#2969,#2970,#2971);
#2973=IFCDIRECTION((0.,0.,1.));
#2974=IFCEXTRUDEDAREASOLID(#2968,#2972,#2973,0.05);
#2975=IFCGEOGRAPHICELEMENT('00052o001008000000002b',$,'Gramado do quintal',$,'PAISAGISMO',#2988,#2982,$,.USERDEFINED.);
#2981=IFCSHAPEREPRESENTATION(#12,'Body','SweptSolid',(#2974));
#2982=IFCPRODUCTDEFINITIONSHAPE($,$,(#2981));
#2983=IFCSTYLEDITEM(#2974,(#106),'Grama');
#2984=IFCCARTESIANPOINT((0.,0.,0.));
#2985=IFCDIRECTION((0.,0.,1.));
#2986=IFCDIRECTION((1.,0.,0.));
#2987=IFCAXIS2PLACEMENT3D(#2984,#2985,#2986);
#2988=IFCLOCALPLACEMENT(#25,#2987);
#2989=IFCCARTESIANPOINTLIST2D(((-1.12,15.88),(-0.88,15.88),(-0.88,16.12),(-1.12,16.12)));
#2990=IFCINDEXEDPOLYCURVE(#2989,(IFCLINEINDEX((1,2,3,4,1))),$);
#2991=IFCARBITRARYCLOSEDPROFILEDEF(.AREA.,$,#2990);
#2992=IFCCARTESIANPOINT((0.,0.,-0.05));
#2993=IFCDIRECTION((0.,0.,1.));
#2994=IFCDIRECTION((1.,0.,0.));
#2995=IFCAXIS2PLACEMENT3D(#2992,#2993,#2994);
#2996=IFCDIRECTION((0.,0.,1.));
#2997=IFCEXTRUDEDAREASOLID(#2991,#2995,#2996,2.25);
#2998=IFCCARTESIANPOINTLIST2D(((-2.,15.),(0.,15.),(0.,17.),(-2.,17.)));
#2999=IFCINDEXEDPOLYCURVE(#2998,(IFCLINEINDEX((1,2,3,4,1))),$);
#3000=IFCARBITRARYCLOSEDPROFILEDEF(.AREA.,$,#2999);
#3001=IFCCARTESIANPOINT((0.,0.,2.2));
#3002=IFCDIRECTION((0.,0.,1.));
#3003=IFCDIRECTION((1.,0.,0.));
#3004=IFCAXIS2PLACEMENT3D(#3001,#3002,#3003);
#3005=IFCDIRECTION((0.,0.,1.));
#3006=IFCEXTRUDEDAREASOLID(#3000,#3004,#3005,1.7999999999999998);
#3007=IFCGEOGRAPHICELEMENT('00052o001008000000002c',$,'\X2\00C1\X0\rvore 1',$,'PAISAGISMO',#3022,#3014,$,.USERDEFINED.);
#3013=IFCSHAPEREPRESENTATION(#12,'Body','SweptSolid',(#2997,#3006));
#3014=IFCPRODUCTDEFINITIONSHAPE($,$,(#3013));
#3015=IFCSTYLEDITEM(#2997,(#110),'Copa de \X2\00E1\X0\rvore');
#3016=IFCSTYLEDITEM(#3006,(#110),'Copa de \X2\00E1\X0\rvore');
#3017=IFCRELASSOCIATESMATERIAL('00052o001008000000002d',$,$,$,(#3007,#3041),#109);
#3018=IFCCARTESIANPOINT((0.,0.,0.));
#3019=IFCDIRECTION((0.,0.,1.));
#3020=IFCDIRECTION((1.,0.,0.));
#3021=IFCAXIS2PLACEMENT3D(#3018,#3019,#3020);
#3022=IFCLOCALPLACEMENT(#25,#3021);
#3023=IFCCARTESIANPOINTLIST2D(((8.88,17.38),(9.12,17.38),(9.12,17.62),(8.88,17.62)));
#3024=IFCINDEXEDPOLYCURVE(#3023,(IFCLINEINDEX((1,2,3,4,1))),$);
#3025=IFCARBITRARYCLOSEDPROFILEDEF(.AREA.,$,#3024);
#3026=IFCCARTESIANPOINT((0.,0.,-0.05));
#3027=IFCDIRECTION((0.,0.,1.));
#3028=IFCDIRECTION((1.,0.,0.));
#3029=IFCAXIS2PLACEMENT3D(#3026,#3027,#3028);
#3030=IFCDIRECTION((0.,0.,1.));
#3031=IFCEXTRUDEDAREASOLID(#3025,#3029,#3030,2.25);
#3032=IFCCARTESIANPOINTLIST2D(((8.,16.5),(10.,16.5),(10.,18.5),(8.,18.5)));
#3033=IFCINDEXEDPOLYCURVE(#3032,(IFCLINEINDEX((1,2,3,4,1))),$);
#3034=IFCARBITRARYCLOSEDPROFILEDEF(.AREA.,$,#3033);
#3035=IFCCARTESIANPOINT((0.,0.,2.2));
#3036=IFCDIRECTION((0.,0.,1.));
#3037=IFCDIRECTION((1.,0.,0.));
#3038=IFCAXIS2PLACEMENT3D(#3035,#3036,#3037);
#3039=IFCDIRECTION((0.,0.,1.));
#3040=IFCEXTRUDEDAREASOLID(#3034,#3038,#3039,1.7999999999999998);
#3041=IFCGEOGRAPHICELEMENT('00052o001008000000002e',$,'\X2\00C1\X0\rvore 2',$,'PAISAGISMO',#3055,#3048,$,.USERDEFINED.);
#3047=IFCSHAPEREPRESENTATION(#12,'Body','SweptSolid',(#3031,#3040));
#3048=IFCPRODUCTDEFINITIONSHAPE($,$,(#3047));
#3049=IFCSTYLEDITEM(#3031,(#110),'Copa de \X2\00E1\X0\rvore');
#3050=IFCSTYLEDITEM(#3040,(#110),'Copa de \X2\00E1\X0\rvore');
#3051=IFCCARTESIANPOINT((0.,0.,0.));
#3052=IFCDIRECTION((0.,0.,1.));
#3053=IFCDIRECTION((1.,0.,0.));
#3054=IFCAXIS2PLACEMENT3D(#3051,#3052,#3053);
#3055=IFCLOCALPLACEMENT(#25,#3054);
#3056=IFCCARTESIANPOINTLIST2D(((0.2,2.2),(1.1,2.2),(1.1,4.6),(0.2,4.6)));
#3057=IFCINDEXEDPOLYCURVE(#3056,(IFCLINEINDEX((1,2,3,4,1))),$);
#3058=IFCARBITRARYCLOSEDPROFILEDEF(.AREA.,$,#3057);
#3059=IFCCARTESIANPOINT((0.,0.,0.02));
#3060=IFCDIRECTION((0.,0.,1.));
#3061=IFCDIRECTION((1.,0.,0.));
#3062=IFCAXIS2PLACEMENT3D(#3059,#3060,#3061);
#3063=IFCDIRECTION((0.,0.,1.));
#3064=IFCEXTRUDEDAREASOLID(#3058,#3062,#3063,0.42);
#3065=IFCCARTESIANPOINTLIST2D(((0.2,2.2),(0.4,2.2),(0.4,4.6),(0.2,4.6)));
#3066=IFCINDEXEDPOLYCURVE(#3065,(IFCLINEINDEX((1,2,3,4,1))),$);
#3067=IFCARBITRARYCLOSEDPROFILEDEF(.AREA.,$,#3066);
#3068=IFCCARTESIANPOINT((0.,0.,0.02));
#3069=IFCDIRECTION((0.,0.,1.));
#3070=IFCDIRECTION((1.,0.,0.));
#3071=IFCAXIS2PLACEMENT3D(#3068,#3069,#3070);
#3072=IFCDIRECTION((0.,0.,1.));
#3073=IFCEXTRUDEDAREASOLID(#3067,#3071,#3072,0.85);
#3074=IFCCARTESIANPOINTLIST2D(((0.2,2.2),(1.1,2.2),(1.1,2.4000000000000004),(0.2,2.4000000000000004)));
#3075=IFCINDEXEDPOLYCURVE(#3074,(IFCLINEINDEX((1,2,3,4,1))),$);
#3076=IFCARBITRARYCLOSEDPROFILEDEF(.AREA.,$,#3075);
#3077=IFCCARTESIANPOINT((0.,0.,0.02));
#3078=IFCDIRECTION((0.,0.,1.));
#3079=IFCDIRECTION((1.,0.,0.));
#3080=IFCAXIS2PLACEMENT3D(#3077,#3078,#3079);
#3081=IFCDIRECTION((0.,0.,1.));
#3082=IFCEXTRUDEDAREASOLID(#3076,#3080,#3081,0.62);
#3083=IFCCARTESIANPOINTLIST2D(((0.2,4.3999999999999995),(1.1,4.3999999999999995),(1.1,4.6),(0.2,4.6)));
#3084=IFCINDEXEDPOLYCURVE(#3083,(IFCLINEINDEX((1,2,3,4,1))),$);
#3085=IFCARBITRARYCLOSEDPROFILEDEF(.AREA.,$,#3084);
#3086=IFCCARTESIANPOINT((0.,0.,0.02));
#3087=IFCDIRECTION((0.,0.,1.));
#3088=IFCDIRECTION((1.,0.,0.));
#3089=IFCAXIS2PLACEMENT3D(#3086,#3087,#3088);
#3090=IFCDIRECTION((0.,0.,1.));
#3091=IFCEXTRUDEDAREASOLID(#3085,#3089,#3090,0.62);
#3092=IFCFURNITURE('00052o001008000000002f',$,'Sof\X2\00E1\X0\ da sala',$,$,#3109,#3099,$,.SOFA.);
#3098=IFCSHAPEREPRESENTATION(#12,'Body','SweptSolid',(#3064,#3073,#3082,#3091));
#3099=IFCPRODUCTDEFINITIONSHAPE($,$,(#3098));
#3100=IFCSTYLEDITEM(#3064,(#114),'Tecido');
#3101=IFCSTYLEDITEM(#3073,(#114),'Tecido');
#3102=IFCSTYLEDITEM(#3082,(#114),'Tecido');
#3103=IFCSTYLEDITEM(#3091,(#114),'Tecido');
#3104=IFCRELASSOCIATESMATERIAL('00052o001008000000002g',$,$,$,(#3829,#4163,#3092,#4027),#113);
#3105=IFCCARTESIANPOINT((0.,0.,0.));
#3106=IFCDIRECTION((0.,0.,1.));
#3107=IFCDIRECTION((1.,0.,0.));
#3108=IFCAXIS2PLACEMENT3D(#3105,#3106,#3107);
#3109=IFCLOCALPLACEMENT(#35,#3108);
#3110=IFCCARTESIANPOINTLIST2D(((1.3,2.4),(3.1,2.4),(3.1,4.4),(1.3,4.4)));
#3111=IFCINDEXEDPOLYCURVE(#3110,(IFCLINEINDEX((1,2,3,4,1))),$);
#3112=IFCARBITRARYCLOSEDPROFILEDEF(.AREA.,$,#3111);
#3113=IFCCARTESIANPOINT((0.,0.,0.04));
#3114=IFCDIRECTION((0.,0.,1.));
#3115=IFCDIRECTION((1.,0.,0.));
#3116=IFCAXIS2PLACEMENT3D(#3113,#3114,#3115);
#3117=IFCDIRECTION((0.,0.,1.));
#3118=IFCEXTRUDEDAREASOLID(#3112,#3116,#3117,0.010000000000000002);
#3119=IFCFURNITURE('00052o001008000000002h',$,'Tapete da sala',$,$,#3133,#3126,$,.USERDEFINED.);
#3125=IFCSHAPEREPRESENTATION(#12,'Body','SweptSolid',(#3118));
#3126=IFCPRODUCTDEFINITIONSHAPE($,$,(#3125));
#3127=IFCSTYLEDITEM(#3118,(#118),'Tecido claro');
#3128=IFCRELASSOCIATESMATERIAL('00052o001008000000002i',$,$,$,(#3795,#3894,#3119),#117);
#3129=IFCCARTESIANPOINT((0.,0.,0.));
#3130=IFCDIRECTION((0.,0.,1.));
#3131=IFCDIRECTION((1.,0.,0.));
#3132=IFCAXIS2PLACEMENT3D(#3129,#3130,#3131);
#3133=IFCLOCALPLACEMENT(#35,#3132);
#3134=IFCCARTESIANPOINTLIST2D(((1.5,3.),(2.1,3.),(2.1,3.8),(1.5,3.8)));
#3135=IFCINDEXEDPOLYCURVE(#3134,(IFCLINEINDEX((1,2,3,4,1))),$);
#3136=IFCARBITRARYCLOSEDPROFILEDEF(.AREA.,$,#3135);
#3137=IFCCARTESIANPOINT((0.,0.,0.4));
#3138=IFCDIRECTION((0.,0.,1.));
#3139=IFCDIRECTION((1.,0.,0.));
#3140=IFCAXIS2PLACEMENT3D(#3137,#3138,#3139);
#3141=IFCDIRECTION((0.,0.,1.));
#3142=IFCEXTRUDEDAREASOLID(#3136,#3140,#3141,0.03999999999999998);
#3143=IFCCARTESIANPOINTLIST2D(((1.54,3.04),(1.6,3.04),(1.6,3.1),(1.54,3.1)));
#3144=IFCINDEXEDPOLYCURVE(#3143,(IFCLINEINDEX((1,2,3,4,1))),$);
#3145=IFCARBITRARYCLOSEDPROFILEDEF(.AREA.,$,#3144);
#3146=IFCCARTESIANPOINT((0.,0.,0.02));
#3147=IFCDIRECTION((0.,0.,1.));
#3148=IFCDIRECTION((1.,0.,0.));
#3149=IFCAXIS2PLACEMENT3D(#3146,#3147,#3148);
#3150=IFCDIRECTION((0.,0.,1.));
#3151=IFCEXTRUDEDAREASOLID(#3145,#3149,#3150,0.38);
#3152=IFCCARTESIANPOINTLIST2D(((1.54,3.6999999999999997),(1.6,3.6999999999999997),(1.6,3.76),(1.54,3.76)));
#3153=IFCINDEXEDPOLYCURVE(#3152,(IFCLINEINDEX((1,2,3,4,1))),$);
#3154=IFCARBITRARYCLOSEDPROFILEDEF(.AREA.,$,#3153);
#3155=IFCCARTESIANPOINT((0.,0.,0.02));
#3156=IFCDIRECTION((0.,0.,1.));
#3157=IFCDIRECTION((1.,0.,0.));
#3158=IFCAXIS2PLACEMENT3D(#3155,#3156,#3157);
#3159=IFCDIRECTION((0.,0.,1.));
#3160=IFCEXTRUDEDAREASOLID(#3154,#3158,#3159,0.38);
#3161=IFCCARTESIANPOINTLIST2D(((2.,3.04),(2.06,3.04),(2.06,3.1),(2.,3.1)));
#3162=IFCINDEXEDPOLYCURVE(#3161,(IFCLINEINDEX((1,2,3,4,1))),$);
#3163=IFCARBITRARYCLOSEDPROFILEDEF(.AREA.,$,#3162);
#3164=IFCCARTESIANPOINT((0.,0.,0.02));
#3165=IFCDIRECTION((0.,0.,1.));
#3166=IFCDIRECTION((1.,0.,0.));
#3167=IFCAXIS2PLACEMENT3D(#3164,#3165,#3166);
#3168=IFCDIRECTION((0.,0.,1.));
#3169=IFCEXTRUDEDAREASOLID(#3163,#3167,#3168,0.38);
#3170=IFCCARTESIANPOINTLIST2D(((2.,3.6999999999999997),(2.06,3.6999999999999997),(2.06,3.76),(2.,3.76)));
#3171=IFCINDEXEDPOLYCURVE(#3170,(IFCLINEINDEX((1,2,3,4,1))),$);
#3172=IFCARBITRARYCLOSEDPROFILEDEF(.AREA.,$,#3171);
#3173=IFCCARTESIANPOINT((0.,0.,0.02));
#3174=IFCDIRECTION((0.,0.,1.));
#3175=IFCDIRECTION((1.,0.,0.));
#3176=IFCAXIS2PLACEMENT3D(#3173,#3174,#3175);
#3177=IFCDIRECTION((0.,0.,1.));
#3178=IFCEXTRUDEDAREASOLID(#3172,#3176,#3177,0.38);
#3179=IFCFURNITURE('00052o001008000000002j',$,'Mesa de centro',$,$,#3196,#3186,$,.TABLE.);
#3185=IFCSHAPEREPRESENTATION(#12,'Body','SweptSolid',(#3142,#3151,#3160,#3169,#3178));
#3186=IFCPRODUCTDEFINITIONSHAPE($,$,(#3185));
#3187=IFCSTYLEDITEM(#3142,(#58),'Madeira');
#3188=IFCSTYLEDITEM(#3151,(#58),'Madeira');
#3189=IFCSTYLEDITEM(#3160,(#58),'Madeira');
#3190=IFCSTYLEDITEM(#3169,(#58),'Madeira');
#3191=IFCSTYLEDITEM(#3178,(#58),'Madeira');
#3192=IFCCARTESIANPOINT((0.,0.,0.));
#3193=IFCDIRECTION((0.,0.,1.));
#3194=IFCDIRECTION((1.,0.,0.));
#3195=IFCAXIS2PLACEMENT3D(#3192,#3193,#3194);
#3196=IFCLOCALPLACEMENT(#35,#3195);
#3197=IFCCARTESIANPOINTLIST2D(((3.3,2.6),(3.7,2.6),(3.7,4.2),(3.3,4.2)));
#3198=IFCINDEXEDPOLYCURVE(#3197,(IFCLINEINDEX((1,2,3,4,1))),$);
#3199=IFCARBITRARYCLOSEDPROFILEDEF(.AREA.,$,#3198);
#3200=IFCCARTESIANPOINT((0.,0.,0.02));
#3201=IFCDIRECTION((0.,0.,1.));
#3202=IFCDIRECTION((1.,0.,0.));
#3203=IFCAXIS2PLACEMENT3D(#3200,#3201,#3202);
#3204=IFCDIRECTION((0.,0.,1.));
#3205=IFCEXTRUDEDAREASOLID(#3199,#3203,#3204,0.5);
#3206=IFCFURNITURE('00052o001008000000002k',$,'Rack da TV',$,$,#3219,#3213,$,.USERDEFINED.);
#3212=IFCSHAPEREPRESENTATION(#12,'Body','SweptSolid',(#3205));
#3213=IFCPRODUCTDEFINITIONSHAPE($,$,(#3212));
#3214=IFCSTYLEDITEM(#3205,(#58),'Madeira');
#3215=IFCCARTESIANPOINT((0.,0.,0.));
#3216=IFCDIRECTION((0.,0.,1.));
#3217=IFCDIRECTION((1.,0.,0.));
#3218=IFCAXIS2PLACEMENT3D(#3215,#3216,#3217);
#3219=IFCLOCALPLACEMENT(#35,#3218);
#3220=IFCCARTESIANPOINTLIST2D(((3.6,2.8400000000000003),(3.65,2.8400000000000003),(3.65,3.9600000000000004),(3.6,3.9600000000000004)));
#3221=IFCINDEXEDPOLYCURVE(#3220,(IFCLINEINDEX((1,2,3,4,1))),$);
#3222=IFCARBITRARYCLOSEDPROFILEDEF(.AREA.,$,#3221);
#3223=IFCCARTESIANPOINT((0.,0.,0.64));
#3224=IFCDIRECTION((0.,0.,1.));
#3225=IFCDIRECTION((1.,0.,0.));
#3226=IFCAXIS2PLACEMENT3D(#3223,#3224,#3225);
#3227=IFCDIRECTION((0.,0.,1.));
#3228=IFCEXTRUDEDAREASOLID(#3222,#3226,#3227,0.65);
#3229=IFCFURNITURE('00052o001008000000002l',$,'TV da sala',$,$,#3243,#3236,$,.USERDEFINED.);
#3235=IFCSHAPEREPRESENTATION(#12,'Body','SweptSolid',(#3228));
#3236=IFCPRODUCTDEFINITIONSHAPE($,$,(#3235));
#3237=IFCSTYLEDITEM(#3228,(#126),'Tela de TV');
#3238=IFCRELASSOCIATESMATERIAL('00052o001008000000002m',$,$,$,(#3229),#125);
#3239=IFCCARTESIANPOINT((0.,0.,0.));
#3240=IFCDIRECTION((0.,0.,1.));
#3241=IFCDIRECTION((1.,0.,0.));
#3242=IFCAXIS2PLACEMENT3D(#3239,#3240,#3241);
#3243=IFCLOCALPLACEMENT(#35,#3242);
#3244=IFCCARTESIANPOINTLIST2D(((1.,5.2),(2.6,5.2),(2.6,6.2),(1.,6.2)));
#3245=IFCINDEXEDPOLYCURVE(#3244,(IFCLINEINDEX((1,2,3,4,1))),$);
#3246=IFCARBITRARYCLOSEDPROFILEDEF(.AREA.,$,#3245);
#3247=IFCCARTESIANPOINT((0.,0.,0.74));
#3248=IFCDIRECTION((0.,0.,1.));
#3249=IFCDIRECTION((1.,0.,0.));
#3250=IFCAXIS2PLACEMENT3D(#3247,#3248,#3249);
#3251=IFCDIRECTION((0.,0.,1.));
#3252=IFCEXTRUDEDAREASOLID(#3246,#3250,#3251,0.040000000000000036);
#3253=IFCCARTESIANPOINTLIST2D(((1.04,5.24),(1.1,5.24),(1.1,5.3),(1.04,5.3)));
#3254=IFCINDEXEDPOLYCURVE(#3253,(IFCLINEINDEX((1,2,3,4,1))),$);
#3255=IFCARBITRARYCLOSEDPROFILEDEF(.AREA.,$,#3254);
#3256=IFCCARTESIANPOINT((0.,0.,0.02));
#3257=IFCDIRECTION((0.,0.,1.));
#3258=IFCDIRECTION((1.,0.,0.));
#3259=IFCAXIS2PLACEMENT3D(#3256,#3257,#3258);
#3260=IFCDIRECTION((0.,0.,1.));
#3261=IFCEXTRUDEDAREASOLID(#3255,#3259,#3260,0.72);
#3262=IFCCARTESIANPOINTLIST2D(((1.04,6.1000000000000005),(1.1,6.1000000000000005),(1.1,6.16),(1.04,6.16)));
#3263=IFCINDEXEDPOLYCURVE(#3262,(IFCLINEINDEX((1,2,3,4,1))),$);
#3264=IFCARBITRARYCLOSEDPROFILEDEF(.AREA.,$,#3263);
#3265=IFCCARTESIANPOINT((0.,0.,0.02));
#3266=IFCDIRECTION((0.,0.,1.));
#3267=IFCDIRECTION((1.,0.,0.));
#3268=IFCAXIS2PLACEMENT3D(#3265,#3266,#3267);
#3269=IFCDIRECTION((0.,0.,1.));
#3270=IFCEXTRUDEDAREASOLID(#3264,#3268,#3269,0.72);
#3271=IFCCARTESIANPOINTLIST2D(((2.5,5.24),(2.56,5.24),(2.56,5.3),(2.5,5.3)));
#3272=IFCINDEXEDPOLYCURVE(#3271,(IFCLINEINDEX((1,2,3,4,1))),$);
#3273=IFCARBITRARYCLOSEDPROFILEDEF(.AREA.,$,#3272);
#3274=IFCCARTESIANPOINT((0.,0.,0.02));
#3275=IFCDIRECTION((0.,0.,1.));
#3276=IFCDIRECTION((1.,0.,0.));
#3277=IFCAXIS2PLACEMENT3D(#3274,#3275,#3276);
#3278=IFCDIRECTION((0.,0.,1.));
#3279=IFCEXTRUDEDAREASOLID(#3273,#3277,#3278,0.72);
#3280=IFCCARTESIANPOINTLIST2D(((2.5,6.1000000000000005),(2.56,6.1000000000000005),(2.56,6.16),(2.5,6.16)));
#3281=IFCINDEXEDPOLYCURVE(#3280,(IFCLINEINDEX((1,2,3,4,1))),$);
#3282=IFCARBITRARYCLOSEDPROFILEDEF(.AREA.,$,#3281);
#3283=IFCCARTESIANPOINT((0.,0.,0.02));
#3284=IFCDIRECTION((0.,0.,1.));
#3285=IFCDIRECTION((1.,0.,0.));
#3286=IFCAXIS2PLACEMENT3D(#3283,#3284,#3285);
#3287=IFCDIRECTION((0.,0.,1.));
#3288=IFCEXTRUDEDAREASOLID(#3282,#3286,#3287,0.72);
#3289=IFCFURNITURE('00052o001008000000002n',$,'Mesa de jantar',$,$,#3307,#3296,$,.TABLE.);
#3295=IFCSHAPEREPRESENTATION(#12,'Body','SweptSolid',(#3252,#3261,#3270,#3279,#3288));
#3296=IFCPRODUCTDEFINITIONSHAPE($,$,(#3295));
#3297=IFCSTYLEDITEM(#3252,(#122),'Madeira clara');
#3298=IFCSTYLEDITEM(#3261,(#122),'Madeira clara');
#3299=IFCSTYLEDITEM(#3270,(#122),'Madeira clara');
#3300=IFCSTYLEDITEM(#3279,(#122),'Madeira clara');
#3301=IFCSTYLEDITEM(#3288,(#122),'Madeira clara');
#3302=IFCRELASSOCIATESMATERIAL('00052o001008000000002o',$,$,$,(#3508,#3750,#3362,#3666,#3581,#4091,#3435,#3289,#3955),#121);
#3303=IFCCARTESIANPOINT((0.,0.,0.));
#3304=IFCDIRECTION((0.,0.,1.));
#3305=IFCDIRECTION((1.,0.,0.));
#3306=IFCAXIS2PLACEMENT3D(#3303,#3304,#3305);
#3307=IFCLOCALPLACEMENT(#35,#3306);
#3308=IFCCARTESIANPOINTLIST2D(((1.18,4.63),(1.6199999999999999,4.63),(1.6199999999999999,5.069999999999999),(1.18,5.069999999999999)));
#3309=IFCINDEXEDPOLYCURVE(#3308,(IFCLINEINDEX((1,2,3,4,1))),$);
#3310=IFCARBITRARYCLOSEDPROFILEDEF(.AREA.,$,#3309);
#3311=IFCCARTESIANPOINT((0.,0.,0.43000000000000005));
#3312=IFCDIRECTION((0.,0.,1.));
#3313=IFCDIRECTION((1.,0.,0.));
#3314=IFCAXIS2PLACEMENT3D(#3311,#3312,#3313);
#3315=IFCDIRECTION((0.,0.,1.));
#3316=IFCEXTRUDEDAREASOLID(#3310,#3314,#3315,0.03999999999999998);
#3317=IFCCARTESIANPOINTLIST2D(((1.22,4.67),(1.26,4.67),(1.26,4.71),(1.22,4.71)));
#3318=IFCINDEXEDPOLYCURVE(#3317,(IFCLINEINDEX((1,2,3,4,1))),$);
#3319=IFCARBITRARYCLOSEDPROFILEDEF(.AREA.,$,#3318);
#3320=IFCCARTESIANPOINT((0.,0.,0.02));
#3321=IFCDIRECTION((0.,0.,1.));
#3322=IFCDIRECTION((1.,0.,0.));
#3323=IFCAXIS2PLACEMENT3D(#3320,#3321,#3322);
#3324=IFCDIRECTION((0.,0.,1.));
#3325=IFCEXTRUDEDAREASOLID(#3319,#3323,#3324,0.41000000000000003);
#3326=IFCCARTESIANPOINTLIST2D(((1.22,4.989999999999999),(1.26,4.989999999999999),(1.26,5.029999999999999),(1.22,5.029999999999999)));
#3327=IFCINDEXEDPOLYCURVE(#3326,(IFCLINEINDEX((1,2,3,4,1))),$);
#3328=IFCARBITRARYCLOSEDPROFILEDEF(.AREA.,$,#3327);
#3329=IFCCARTESIANPOINT((0.,0.,0.02));
#3330=IFCDIRECTION((0.,0.,1.));
#3331=IFCDIRECTION((1.,0.,0.));
#3332=IFCAXIS2PLACEMENT3D(#3329,#3330,#3331);
#3333=IFCDIRECTION((0.,0.,1.));
#3334=IFCEXTRUDEDAREASOLID(#3328,#3332,#3333,0.41000000000000003);
#3335=IFCCARTESIANPOINTLIST2D(((1.5399999999999998,4.67),(1.5799999999999998,4.67),(1.5799999999999998,4.71),(1.5399999999999998,4.71)));
#3336=IFCINDEXEDPOLYCURVE(#3335,(IFCLINEINDEX((1,2,3,4,1))),$);
#3337=IFCARBITRARYCLOSEDPROFILEDEF(.AREA.,$,#3336);
#3338=IFCCARTESIANPOINT((0.,0.,0.02));
#3339=IFCDIRECTION((0.,0.,1.));
#3340=IFCDIRECTION((1.,0.,0.));
#3341=IFCAXIS2PLACEMENT3D(#3338,#3339,#3340);
#3342=IFCDIRECTION((0.,0.,1.));
#3343=IFCEXTRUDEDAREASOLID(#3337,#3341,#3342,0.41000000000000003);
#3344=IFCCARTESIANPOINTLIST2D(((1.5399999999999998,4.989999999999999),(1.5799999999999998,4.989999999999999),(1.5799999999999998,5.029999999999999),(1.5399999999999998,5.029999999999999)));
#3345=IFCINDEXEDPOLYCURVE(#3344,(IFCLINEINDEX((1,2,3,4,1))),$);
#3346=IFCARBITRARYCLOSEDPROFILEDEF(.AREA.,$,#3345);
#3347=IFCCARTESIANPOINT((0.,0.,0.02));
#3348=IFCDIRECTION((0.,0.,1.));
#3349=IFCDIRECTION((1.,0.,0.));
#3350=IFCAXIS2PLACEMENT3D(#3347,#3348,#3349);
#3351=IFCDIRECTION((0.,0.,1.));
#3352=IFCEXTRUDEDAREASOLID(#3346,#3350,#3351,0.41000000000000003);
#3353=IFCCARTESIANPOINTLIST2D(((1.18,4.63),(1.6199999999999999,4.63),(1.6199999999999999,4.68),(1.18,4.68)));
#3354=IFCINDEXEDPOLYCURVE(#3353,(IFCLINEINDEX((1,2,3,4,1))),$);
#3355=IFCARBITRARYCLOSEDPROFILEDEF(.AREA.,$,#3354);
#3356=IFCCARTESIANPOINT((0.,0.,0.47000000000000003));
#3357=IFCDIRECTION((0.,0.,1.));
#3358=IFCDIRECTION((1.,0.,0.));
#3359=IFCAXIS2PLACEMENT3D(#3356,#3357,#3358);
#3360=IFCDIRECTION((0.,0.,1.));
#3361=IFCEXTRUDEDAREASOLID(#3355,#3359,#3360,0.45);
#3362=IFCFURNITURE('00052o001008000000002p',$,'Cadeira de jantar 1',$,$,#3380,#3369,$,.CHAIR.);
#3368=IFCSHAPEREPRESENTATION(#12,'Body','SweptSolid',(#3316,#3325,#3334,#3343,#3352,#3361));
#3369=IFCPRODUCTDEFINITIONSHAPE($,$,(#3368));
#3370=IFCSTYLEDITEM(#3316,(#122),'Madeira clara');
#3371=IFCSTYLEDITEM(#3325,(#122),'Madeira clara');
#3372=IFCSTYLEDITEM(#3334,(#122),'Madeira clara');
#3373=IFCSTYLEDITEM(#3343,(#122),'Madeira clara');
#3374=IFCSTYLEDITEM(#3352,(#122),'Madeira clara');
#3375=IFCSTYLEDITEM(#3361,(#122),'Madeira clara');
#3376=IFCCARTESIANPOINT((0.,0.,0.));
#3377=IFCDIRECTION((0.,0.,1.));
#3378=IFCDIRECTION((1.,0.,0.));
#3379=IFCAXIS2PLACEMENT3D(#3376,#3377,#3378);
#3380=IFCLOCALPLACEMENT(#35,#3379);
#3381=IFCCARTESIANPOINTLIST2D(((1.9800000000000002,4.63),(2.4200000000000004,4.63),(2.4200000000000004,5.069999999999999),(1.9800000000000002,5.069999999999999)));
#3382=IFCINDEXEDPOLYCURVE(#3381,(IFCLINEINDEX((1,2,3,4,1))),$);
#3383=IFCARBITRARYCLOSEDPROFILEDEF(.AREA.,$,#3382);
#3384=IFCCARTESIANPOINT((0.,0.,0.43000000000000005));
#3385=IFCDIRECTION((0.,0.,1.));
#3386=IFCDIRECTION((1.,0.,0.));
#3387=IFCAXIS2PLACEMENT3D(#3384,#3385,#3386);
#3388=IFCDIRECTION((0.,0.,1.));
#3389=IFCEXTRUDEDAREASOLID(#3383,#3387,#3388,0.03999999999999998);
#3390=IFCCARTESIANPOINTLIST2D(((2.02,4.67),(2.06,4.67),(2.06,4.71),(2.02,4.71)));
#3391=IFCINDEXEDPOLYCURVE(#3390,(IFCLINEINDEX((1,2,3,4,1))),$);
#3392=IFCARBITRARYCLOSEDPROFILEDEF(.AREA.,$,#3391);
#3393=IFCCARTESIANPOINT((0.,0.,0.02));
#3394=IFCDIRECTION((0.,0.,1.));
#3395=IFCDIRECTION((1.,0.,0.));
#3396=IFCAXIS2PLACEMENT3D(#3393,#3394,#3395);
#3397=IFCDIRECTION((0.,0.,1.));
#3398=IFCEXTRUDEDAREASOLID(#3392,#3396,#3397,0.41000000000000003);
#3399=IFCCARTESIANPOINTLIST2D(((2.02,4.989999999999999),(2.06,4.989999999999999),(2.06,5.029999999999999),(2.02,5.029999999999999)));
#3400=IFCINDEXEDPOLYCURVE(#3399,(IFCLINEINDEX((1,2,3,4,1))),$);
#3401=IFCARBITRARYCLOSEDPROFILEDEF(.AREA.,$,#3400);
#3402=IFCCARTESIANPOINT((0.,0.,0.02));
#3403=IFCDIRECTION((0.,0.,1.));
#3404=IFCDIRECTION((1.,0.,0.));
#3405=IFCAXIS2PLACEMENT3D(#3402,#3403,#3404);
#3406=IFCDIRECTION((0.,0.,1.));
#3407=IFCEXTRUDEDAREASOLID(#3401,#3405,#3406,0.41000000000000003);
#3408=IFCCARTESIANPOINTLIST2D(((2.3400000000000003,4.67),(2.3800000000000003,4.67),(2.3800000000000003,4.71),(2.3400000000000003,4.71)));
#3409=IFCINDEXEDPOLYCURVE(#3408,(IFCLINEINDEX((1,2,3,4,1))),$);
#3410=IFCARBITRARYCLOSEDPROFILEDEF(.AREA.,$,#3409);
#3411=IFCCARTESIANPOINT((0.,0.,0.02));
#3412=IFCDIRECTION((0.,0.,1.));
#3413=IFCDIRECTION((1.,0.,0.));
#3414=IFCAXIS2PLACEMENT3D(#3411,#3412,#3413);
#3415=IFCDIRECTION((0.,0.,1.));
#3416=IFCEXTRUDEDAREASOLID(#3410,#3414,#3415,0.41000000000000003);
#3417=IFCCARTESIANPOINTLIST2D(((2.3400000000000003,4.989999999999999),(2.3800000000000003,4.989999999999999),(2.3800000000000003,5.029999999999999),(2.3400000000000003,5.029999999999999)));
#3418=IFCINDEXEDPOLYCURVE(#3417,(IFCLINEINDEX((1,2,3,4,1))),$);
#3419=IFCARBITRARYCLOSEDPROFILEDEF(.AREA.,$,#3418);
#3420=IFCCARTESIANPOINT((0.,0.,0.02));
#3421=IFCDIRECTION((0.,0.,1.));
#3422=IFCDIRECTION((1.,0.,0.));
#3423=IFCAXIS2PLACEMENT3D(#3420,#3421,#3422);
#3424=IFCDIRECTION((0.,0.,1.));
#3425=IFCEXTRUDEDAREASOLID(#3419,#3423,#3424,0.41000000000000003);
#3426=IFCCARTESIANPOINTLIST2D(((1.9800000000000002,4.63),(2.4200000000000004,4.63),(2.4200000000000004,4.68),(1.9800000000000002,4.68)));
#3427=IFCINDEXEDPOLYCURVE(#3426,(IFCLINEINDEX((1,2,3,4,1))),$);
#3428=IFCARBITRARYCLOSEDPROFILEDEF(.AREA.,$,#3427);
#3429=IFCCARTESIANPOINT((0.,0.,0.47000000000000003));
#3430=IFCDIRECTION((0.,0.,1.));
#3431=IFCDIRECTION((1.,0.,0.));
#3432=IFCAXIS2PLACEMENT3D(#3429,#3430,#3431);
#3433=IFCDIRECTION((0.,0.,1.));
#3434=IFCEXTRUDEDAREASOLID(#3428,#3432,#3433,0.45);
#3435=IFCFURNITURE('00052o001008000000002q',$,'Cadeira de jantar 2',$,$,#3453,#3442,$,.CHAIR.);
#3441=IFCSHAPEREPRESENTATION(#12,'Body','SweptSolid',(#3389,#3398,#3407,#3416,#3425,#3434));
#3442=IFCPRODUCTDEFINITIONSHAPE($,$,(#3441));
#3443=IFCSTYLEDITEM(#3389,(#122),'Madeira clara');
#3444=IFCSTYLEDITEM(#3398,(#122),'Madeira clara');
#3445=IFCSTYLEDITEM(#3407,(#122),'Madeira clara');
#3446=IFCSTYLEDITEM(#3416,(#122),'Madeira clara');
#3447=IFCSTYLEDITEM(#3425,(#122),'Madeira clara');
#3448=IFCSTYLEDITEM(#3434,(#122),'Madeira clara');
#3449=IFCCARTESIANPOINT((0.,0.,0.));
#3450=IFCDIRECTION((0.,0.,1.));
#3451=IFCDIRECTION((1.,0.,0.));
#3452=IFCAXIS2PLACEMENT3D(#3449,#3450,#3451);
#3453=IFCLOCALPLACEMENT(#35,#3452);
#3454=IFCCARTESIANPOINTLIST2D(((1.18,6.33),(1.6199999999999999,6.33),(1.6199999999999999,6.77),(1.18,6.77)));
#3455=IFCINDEXEDPOLYCURVE(#3454,(IFCLINEINDEX((1,2,3,4,1))),$);
#3456=IFCARBITRARYCLOSEDPROFILEDEF(.AREA.,$,#3455);
#3457=IFCCARTESIANPOINT((0.,0.,0.43000000000000005));
#3458=IFCDIRECTION((0.,0.,1.));
#3459=IFCDIRECTION((1.,0.,0.));
#3460=IFCAXIS2PLACEMENT3D(#3457,#3458,#3459);
#3461=IFCDIRECTION((0.,0.,1.));
#3462=IFCEXTRUDEDAREASOLID(#3456,#3460,#3461,0.03999999999999998);
#3463=IFCCARTESIANPOINTLIST2D(((1.22,6.37),(1.26,6.37),(1.26,6.41),(1.22,6.41)));
#3464=IFCINDEXEDPOLYCURVE(#3463,(IFCLINEINDEX((1,2,3,4,1))),$);
#3465=IFCARBITRARYCLOSEDPROFILEDEF(.AREA.,$,#3464);
#3466=IFCCARTESIANPOINT((0.,0.,0.02));
#3467=IFCDIRECTION((0.,0.,1.));
#3468=IFCDIRECTION((1.,0.,0.));
#3469=IFCAXIS2PLACEMENT3D(#3466,#3467,#3468);
#3470=IFCDIRECTION((0.,0.,1.));
#3471=IFCEXTRUDEDAREASOLID(#3465,#3469,#3470,0.41000000000000003);
#3472=IFCCARTESIANPOINTLIST2D(((1.22,6.6899999999999995),(1.26,6.6899999999999995),(1.26,6.7299999999999995),(1.22,6.7299999999999995)));
#3473=IFCINDEXEDPOLYCURVE(#3472,(IFCLINEINDEX((1,2,3,4,1))),$);
#3474=IFCARBITRARYCLOSEDPROFILEDEF(.AREA.,$,#3473);
#3475=IFCCARTESIANPOINT((0.,0.,0.02));
#3476=IFCDIRECTION((0.,0.,1.));
#3477=IFCDIRECTION((1.,0.,0.));
#3478=IFCAXIS2PLACEMENT3D(#3475,#3476,#3477);
#3479=IFCDIRECTION((0.,0.,1.));
#3480=IFCEXTRUDEDAREASOLID(#3474,#3478,#3479,0.41000000000000003);
#3481=IFCCARTESIANPOINTLIST2D(((1.5399999999999998,6.37),(1.5799999999999998,6.37),(1.5799999999999998,6.41),(1.5399999999999998,6.41)));
#3482=IFCINDEXEDPOLYCURVE(#3481,(IFCLINEINDEX((1,2,3,4,1))),$);
#3483=IFCARBITRARYCLOSEDPROFILEDEF(.AREA.,$,#3482);
#3484=IFCCARTESIANPOINT((0.,0.,0.02));
#3485=IFCDIRECTION((0.,0.,1.));
#3486=IFCDIRECTION((1.,0.,0.));
#3487=IFCAXIS2PLACEMENT3D(#3484,#3485,#3486);
#3488=IFCDIRECTION((0.,0.,1.));
#3489=IFCEXTRUDEDAREASOLID(#3483,#3487,#3488,0.41000000000000003);
#3490=IFCCARTESIANPOINTLIST2D(((1.5399999999999998,6.6899999999999995),(1.5799999999999998,6.6899999999999995),(1.5799999999999998,6.7299999999999995),(1.5399999999999998,6.7299999999999995)));
#3491=IFCINDEXEDPOLYCURVE(#3490,(IFCLINEINDEX((1,2,3,4,1))),$);
#3492=IFCARBITRARYCLOSEDPROFILEDEF(.AREA.,$,#3491);
#3493=IFCCARTESIANPOINT((0.,0.,0.02));
#3494=IFCDIRECTION((0.,0.,1.));
#3495=IFCDIRECTION((1.,0.,0.));
#3496=IFCAXIS2PLACEMENT3D(#3493,#3494,#3495);
#3497=IFCDIRECTION((0.,0.,1.));
#3498=IFCEXTRUDEDAREASOLID(#3492,#3496,#3497,0.41000000000000003);
#3499=IFCCARTESIANPOINTLIST2D(((1.18,6.72),(1.6199999999999999,6.72),(1.6199999999999999,6.77),(1.18,6.77)));
#3500=IFCINDEXEDPOLYCURVE(#3499,(IFCLINEINDEX((1,2,3,4,1))),$);
#3501=IFCARBITRARYCLOSEDPROFILEDEF(.AREA.,$,#3500);
#3502=IFCCARTESIANPOINT((0.,0.,0.47000000000000003));
#3503=IFCDIRECTION((0.,0.,1.));
#3504=IFCDIRECTION((1.,0.,0.));
#3505=IFCAXIS2PLACEMENT3D(#3502,#3503,#3504);
#3506=IFCDIRECTION((0.,0.,1.));
#3507=IFCEXTRUDEDAREASOLID(#3501,#3505,#3506,0.45);
#3508=IFCFURNITURE('00052o001008000000002r',$,'Cadeira de jantar 3',$,$,#3526,#3515,$,.CHAIR.);
#3514=IFCSHAPEREPRESENTATION(#12,'Body','SweptSolid',(#3462,#3471,#3480,#3489,#3498,#3507));
#3515=IFCPRODUCTDEFINITIONSHAPE($,$,(#3514));
#3516=IFCSTYLEDITEM(#3462,(#122),'Madeira clara');
#3517=IFCSTYLEDITEM(#3471,(#122),'Madeira clara');
#3518=IFCSTYLEDITEM(#3480,(#122),'Madeira clara');
#3519=IFCSTYLEDITEM(#3489,(#122),'Madeira clara');
#3520=IFCSTYLEDITEM(#3498,(#122),'Madeira clara');
#3521=IFCSTYLEDITEM(#3507,(#122),'Madeira clara');
#3522=IFCCARTESIANPOINT((0.,0.,0.));
#3523=IFCDIRECTION((0.,0.,1.));
#3524=IFCDIRECTION((1.,0.,0.));
#3525=IFCAXIS2PLACEMENT3D(#3522,#3523,#3524);
#3526=IFCLOCALPLACEMENT(#35,#3525);
#3527=IFCCARTESIANPOINTLIST2D(((1.9800000000000002,6.33),(2.4200000000000004,6.33),(2.4200000000000004,6.77),(1.9800000000000002,6.77)));
#3528=IFCINDEXEDPOLYCURVE(#3527,(IFCLINEINDEX((1,2,3,4,1))),$);
#3529=IFCARBITRARYCLOSEDPROFILEDEF(.AREA.,$,#3528);
#3530=IFCCARTESIANPOINT((0.,0.,0.43000000000000005));
#3531=IFCDIRECTION((0.,0.,1.));
#3532=IFCDIRECTION((1.,0.,0.));
#3533=IFCAXIS2PLACEMENT3D(#3530,#3531,#3532);
#3534=IFCDIRECTION((0.,0.,1.));
#3535=IFCEXTRUDEDAREASOLID(#3529,#3533,#3534,0.03999999999999998);
#3536=IFCCARTESIANPOINTLIST2D(((2.02,6.37),(2.06,6.37),(2.06,6.41),(2.02,6.41)));
#3537=IFCINDEXEDPOLYCURVE(#3536,(IFCLINEINDEX((1,2,3,4,1))),$);
#3538=IFCARBITRARYCLOSEDPROFILEDEF(.AREA.,$,#3537);
#3539=IFCCARTESIANPOINT((0.,0.,0.02));
#3540=IFCDIRECTION((0.,0.,1.));
#3541=IFCDIRECTION((1.,0.,0.));
#3542=IFCAXIS2PLACEMENT3D(#3539,#3540,#3541);
#3543=IFCDIRECTION((0.,0.,1.));
#3544=IFCEXTRUDEDAREASOLID(#3538,#3542,#3543,0.41000000000000003);
#3545=IFCCARTESIANPOINTLIST2D(((2.02,6.6899999999999995),(2.06,6.6899999999999995),(2.06,6.7299999999999995),(2.02,6.7299999999999995)));
#3546=IFCINDEXEDPOLYCURVE(#3545,(IFCLINEINDEX((1,2,3,4,1))),$);
#3547=IFCARBITRARYCLOSEDPROFILEDEF(.AREA.,$,#3546);
#3548=IFCCARTESIANPOINT((0.,0.,0.02));
#3549=IFCDIRECTION((0.,0.,1.));
#3550=IFCDIRECTION((1.,0.,0.));
#3551=IFCAXIS2PLACEMENT3D(#3548,#3549,#3550);
#3552=IFCDIRECTION((0.,0.,1.));
#3553=IFCEXTRUDEDAREASOLID(#3547,#3551,#3552,0.41000000000000003);
#3554=IFCCARTESIANPOINTLIST2D(((2.3400000000000003,6.37),(2.3800000000000003,6.37),(2.3800000000000003,6.41),(2.3400000000000003,6.41)));
#3555=IFCINDEXEDPOLYCURVE(#3554,(IFCLINEINDEX((1,2,3,4,1))),$);
#3556=IFCARBITRARYCLOSEDPROFILEDEF(.AREA.,$,#3555);
#3557=IFCCARTESIANPOINT((0.,0.,0.02));
#3558=IFCDIRECTION((0.,0.,1.));
#3559=IFCDIRECTION((1.,0.,0.));
#3560=IFCAXIS2PLACEMENT3D(#3557,#3558,#3559);
#3561=IFCDIRECTION((0.,0.,1.));
#3562=IFCEXTRUDEDAREASOLID(#3556,#3560,#3561,0.41000000000000003);
#3563=IFCCARTESIANPOINTLIST2D(((2.3400000000000003,6.6899999999999995),(2.3800000000000003,6.6899999999999995),(2.3800000000000003,6.7299999999999995),(2.3400000000000003,6.7299999999999995)));
#3564=IFCINDEXEDPOLYCURVE(#3563,(IFCLINEINDEX((1,2,3,4,1))),$);
#3565=IFCARBITRARYCLOSEDPROFILEDEF(.AREA.,$,#3564);
#3566=IFCCARTESIANPOINT((0.,0.,0.02));
#3567=IFCDIRECTION((0.,0.,1.));
#3568=IFCDIRECTION((1.,0.,0.));
#3569=IFCAXIS2PLACEMENT3D(#3566,#3567,#3568);
#3570=IFCDIRECTION((0.,0.,1.));
#3571=IFCEXTRUDEDAREASOLID(#3565,#3569,#3570,0.41000000000000003);
#3572=IFCCARTESIANPOINTLIST2D(((1.9800000000000002,6.72),(2.4200000000000004,6.72),(2.4200000000000004,6.77),(1.9800000000000002,6.77)));
#3573=IFCINDEXEDPOLYCURVE(#3572,(IFCLINEINDEX((1,2,3,4,1))),$);
#3574=IFCARBITRARYCLOSEDPROFILEDEF(.AREA.,$,#3573);
#3575=IFCCARTESIANPOINT((0.,0.,0.47000000000000003));
#3576=IFCDIRECTION((0.,0.,1.));
#3577=IFCDIRECTION((1.,0.,0.));
#3578=IFCAXIS2PLACEMENT3D(#3575,#3576,#3577);
#3579=IFCDIRECTION((0.,0.,1.));
#3580=IFCEXTRUDEDAREASOLID(#3574,#3578,#3579,0.45);
#3581=IFCFURNITURE('00052o001008000000002s',$,'Cadeira de jantar 4',$,$,#3599,#3588,$,.CHAIR.);
#3587=IFCSHAPEREPRESENTATION(#12,'Body','SweptSolid',(#3535,#3544,#3553,#3562,#3571,#3580));
#3588=IFCPRODUCTDEFINITIONSHAPE($,$,(#3587));
#3589=IFCSTYLEDITEM(#3535,(#122),'Madeira clara');
#3590=IFCSTYLEDITEM(#3544,(#122),'Madeira clara');
#3591=IFCSTYLEDITEM(#3553,(#122),'Madeira clara');
#3592=IFCSTYLEDITEM(#3562,(#122),'Madeira clara');
#3593=IFCSTYLEDITEM(#3571,(#122),'Madeira clara');
#3594=IFCSTYLEDITEM(#3580,(#122),'Madeira clara');
#3595=IFCCARTESIANPOINT((0.,0.,0.));
#3596=IFCDIRECTION((0.,0.,1.));
#3597=IFCDIRECTION((1.,0.,0.));
#3598=IFCAXIS2PLACEMENT3D(#3595,#3596,#3597);
#3599=IFCLOCALPLACEMENT(#35,#3598);
#3600=IFCCARTESIANPOINTLIST2D(((7.3,0.39999999999999997),(7.7,0.39999999999999997),(7.7,0.8),(7.3,0.8)));
#3601=IFCINDEXEDPOLYCURVE(#3600,(IFCLINEINDEX((1,2,3,4,1))),$);
#3602=IFCARBITRARYCLOSEDPROFILEDEF(.AREA.,$,#3601);
#3603=IFCCARTESIANPOINT((0.,0.,0.02));
#3604=IFCDIRECTION((0.,0.,1.));
#3605=IFCDIRECTION((1.,0.,0.));
#3606=IFCAXIS2PLACEMENT3D(#3603,#3604,#3605);
#3607=IFCDIRECTION((0.,0.,1.));
#3608=IFCEXTRUDEDAREASOLID(#3602,#3606,#3607,0.45);
#3609=IFCFURNITURE('00052o001008000000002t',$,'Vaso da sala',$,$,#3623,#3616,$,.USERDEFINED.);
#3615=IFCSHAPEREPRESENTATION(#12,'Body','SweptSolid',(#3608));
#3616=IFCPRODUCTDEFINITIONSHAPE($,$,(#3615));
#3617=IFCSTYLEDITEM(#3608,(#134),'Terracota');
#3618=IFCRELASSOCIATESMATERIAL('00052o001008000000002u',$,$,$,(#3609),#133);
#3619=IFCCARTESIANPOINT((0.,0.,0.));
#3620=IFCDIRECTION((0.,0.,1.));
#3621=IFCDIRECTION((1.,0.,0.));
#3622=IFCAXIS2PLACEMENT3D(#3619,#3620,#3621);
#3623=IFCLOCALPLACEMENT(#35,#3622);
#3624=IFCCARTESIANPOINTLIST2D(((7.2,0.3),(7.8,0.3),(7.8,0.8999999999999999),(7.2,0.8999999999999999)));
#3625=IFCINDEXEDPOLYCURVE(#3624,(IFCLINEINDEX((1,2,3,4,1))),$);
#3626=IFCARBITRARYCLOSEDPROFILEDEF(.AREA.,$,#3625);
#3627=IFCCARTESIANPOINT((0.,0.,0.47000000000000003));
#3628=IFCDIRECTION((0.,0.,1.));
#3629=IFCDIRECTION((1.,0.,0.));
#3630=IFCAXIS2PLACEMENT3D(#3627,#3628,#3629);
#3631=IFCDIRECTION((0.,0.,1.));
#3632=IFCEXTRUDEDAREASOLID(#3626,#3630,#3631,0.8);
#3633=IFCFURNITURE('00052o001008000000002v',$,'Planta da sala',$,$,#3647,#3640,$,.USERDEFINED.);
#3639=IFCSHAPEREPRESENTATION(#12,'Body','SweptSolid',(#3632));
#3640=IFCPRODUCTDEFINITIONSHAPE($,$,(#3639));
#3641=IFCSTYLEDITEM(#3632,(#138),'Folhagem');
#3642=IFCRELASSOCIATESMATERIAL('00052o001008000000002w',$,$,$,(#3633),#137);
#3643=IFCCARTESIANPOINT((0.,0.,0.));
#3644=IFCDIRECTION((0.,0.,1.));
#3645=IFCDIRECTION((1.,0.,0.));
#3646=IFCAXIS2PLACEMENT3D(#3643,#3644,#3645);
#3647=IFCLOCALPLACEMENT(#35,#3646);
#3648=IFCCARTESIANPOINTLIST2D(((0.15,7.5),(0.75,7.5),(0.75,8.45),(0.15,8.45)));
#3649=IFCINDEXEDPOLYCURVE(#3648,(IFCLINEINDEX((1,2,3,4,1))),$);
#3650=IFCARBITRARYCLOSEDPROFILEDEF(.AREA.,$,#3649);
#3651=IFCCARTESIANPOINT((0.,0.,0.02));
#3652=IFCDIRECTION((0.,0.,1.));
#3653=IFCDIRECTION((1.,0.,0.));
#3654=IFCAXIS2PLACEMENT3D(#3651,#3652,#3653);
#3655=IFCDIRECTION((0.,0.,1.));
#3656=IFCEXTRUDEDAREASOLID(#3650,#3654,#3655,0.83);
#3657=IFCCARTESIANPOINTLIST2D(((0.15,10.55),(0.75,10.55),(0.75,11.),(0.15,11.)));
#3658=IFCINDEXEDPOLYCURVE(#3657,(IFCLINEINDEX((1,2,3,4,1))),$);
#3659=IFCARBITRARYCLOSEDPROFILEDEF(.AREA.,$,#3658);
#3660=IFCCARTESIANPOINT((0.,0.,0.02));
#3661=IFCDIRECTION((0.,0.,1.));
#3662=IFCDIRECTION((1.,0.,0.));
#3663=IFCAXIS2PLACEMENT3D(#3660,#3661,#3662);
#3664=IFCDIRECTION((0.,0.,1.));
#3665=IFCEXTRUDEDAREASOLID(#3659,#3663,#3664,0.83);
#3666=IFCFURNITURE('00052o001008000000002x',$,'Bancada da cozinha',$,$,#3680,#3673,$,.USERDEFINED.);
#3672=IFCSHAPEREPRESENTATION(#12,'Body','SweptSolid',(#3656,#3665));
#3673=IFCPRODUCTDEFINITIONSHAPE($,$,(#3672));
#3674=IFCSTYLEDITEM(#3656,(#122),'Madeira clara');
#3675=IFCSTYLEDITEM(#3665,(#122),'Madeira clara');
#3676=IFCCARTESIANPOINT((0.,0.,0.));
#3677=IFCDIRECTION((0.,0.,1.));
#3678=IFCDIRECTION((1.,0.,0.));
#3679=IFCAXIS2PLACEMENT3D(#3676,#3677,#3678);
#3680=IFCLOCALPLACEMENT(#35,#3679);
#3681=IFCCARTESIANPOINTLIST2D(((0.15,11.1),(0.85,11.1),(0.85,11.8),(0.15,11.8)));
#3682=IFCINDEXEDPOLYCURVE(#3681,(IFCLINEINDEX((1,2,3,4,1))),$);
#3683=IFCARBITRARYCLOSEDPROFILEDEF(.AREA.,$,#3682);
#3684=IFCCARTESIANPOINT((0.,0.,0.02));
#3685=IFCDIRECTION((0.,0.,1.));
#3686=IFCDIRECTION((1.,0.,0.));
#3687=IFCAXIS2PLACEMENT3D(#3684,#3685,#3686);
#3688=IFCDIRECTION((0.,0.,1.));
#3689=IFCEXTRUDEDAREASOLID(#3683,#3687,#3688,1.8);
#3690=IFCFURNITURE('00052o001008000000002y',$,'Geladeira',$,$,#3704,#3697,$,.USERDEFINED.);
#3696=IFCSHAPEREPRESENTATION(#12,'Body','SweptSolid',(#3689));
#3697=IFCPRODUCTDEFINITIONSHAPE($,$,(#3696));
#3698=IFCSTYLEDITEM(#3689,(#130),'A\X2\00E7\X0\o inox');
#3699=IFCRELASSOCIATESMATERIAL('00052o001008000000002z',$,$,$,(#3690),#129);
#3700=IFCCARTESIANPOINT((0.,0.,0.));
#3701=IFCDIRECTION((0.,0.,1.));
#3702=IFCDIRECTION((1.,0.,0.));
#3703=IFCAXIS2PLACEMENT3D(#3700,#3701,#3702);
#3704=IFCLOCALPLACEMENT(#35,#3703);
#3705=IFCCARTESIANPOINTLIST2D(((3.,9.4),(4.2,9.4),(4.2,10.2),(3.,10.2)));
#3706=IFCINDEXEDPOLYCURVE(#3705,(IFCLINEINDEX((1,2,3,4,1))),$);
#3707=IFCARBITRARYCLOSEDPROFILEDEF(.AREA.,$,#3706);
#3708=IFCCARTESIANPOINT((0.,0.,0.74));
#3709=IFCDIRECTION((0.,0.,1.));
#3710=IFCDIRECTION((1.,0.,0.));
#3711=IFCAXIS2PLACEMENT3D(#3708,#3709,#3710);
#3712=IFCDIRECTION((0.,0.,1.));
#3713=IFCEXTRUDEDAREASOLID(#3707,#3711,#3712,0.040000000000000036);
#3714=IFCCARTESIANPOINTLIST2D(((3.04,9.44),(3.1,9.44),(3.1,9.5),(3.04,9.5)));
#3715=IFCINDEXEDPOLYCURVE(#3714,(IFCLINEINDEX((1,2,3,4,1))),$);
#3716=IFCARBITRARYCLOSEDPROFILEDEF(.AREA.,$,#3715);
#3717=IFCCARTESIANPOINT((0.,0.,0.02));
#3718=IFCDIRECTION((0.,0.,1.));
#3719=IFCDIRECTION((1.,0.,0.));
#3720=IFCAXIS2PLACEMENT3D(#3717,#3718,#3719);
#3721=IFCDIRECTION((0.,0.,1.));
#3722=IFCEXTRUDEDAREASOLID(#3716,#3720,#3721,0.72);
#3723=IFCCARTESIANPOINTLIST2D(((3.04,10.1),(3.1,10.1),(3.1,10.16),(3.04,10.16)));
#3724=IFCINDEXEDPOLYCURVE(#3723,(IFCLINEINDEX((1,2,3,4,1))),$);
#3725=IFCARBITRARYCLOSEDPROFILEDEF(.AREA.,$,#3724);
#3726=IFCCARTESIANPOINT((0.,0.,0.02));
#3727=IFCDIRECTION((0.,0.,1.));
#3728=IFCDIRECTION((1.,0.,0.));
#3729=IFCAXIS2PLACEMENT3D(#3726,#3727,#3728);
#3730=IFCDIRECTION((0.,0.,1.));
#3731=IFCEXTRUDEDAREASOLID(#3725,#3729,#3730,0.72);
#3732=IFCCARTESIANPOINTLIST2D(((4.1000000000000005,9.44),(4.16,9.44),(4.16,9.5),(4.1000000000000005,9.5)));
#3733=IFCINDEXEDPOLYCURVE(#3732,(IFCLINEINDEX((1,2,3,4,1))),$);
#3734=IFCARBITRARYCLOSEDPROFILEDEF(.AREA.,$,#3733);
#3735=IFCCARTESIANPOINT((0.,0.,0.02));
#3736=IFCDIRECTION((0.,0.,1.));
#3737=IFCDIRECTION((1.,0.,0.));
#3738=IFCAXIS2PLACEMENT3D(#3735,#3736,#3737);
#3739=IFCDIRECTION((0.,0.,1.));
#3740=IFCEXTRUDEDAREASOLID(#3734,#3738,#3739,0.72);
#3741=IFCCARTESIANPOINTLIST2D(((4.1000000000000005,10.1),(4.16,10.1),(4.16,10.16),(4.1000000000000005,10.16)));
#3742=IFCINDEXEDPOLYCURVE(#3741,(IFCLINEINDEX((1,2,3,4,1))),$);
#3743=IFCARBITRARYCLOSEDPROFILEDEF(.AREA.,$,#3742);
#3744=IFCCARTESIANPOINT((0.,0.,0.02));
#3745=IFCDIRECTION((0.,0.,1.));
#3746=IFCDIRECTION((1.,0.,0.));
#3747=IFCAXIS2PLACEMENT3D(#3744,#3745,#3746);
#3748=IFCDIRECTION((0.,0.,1.));
#3749=IFCEXTRUDEDAREASOLID(#3743,#3747,#3748,0.72);
#3750=IFCFURNITURE('00052o001008000000002_',$,'Mesa da cozinha',$,$,#3767,#3757,$,.TABLE.);
#3756=IFCSHAPEREPRESENTATION(#12,'Body','SweptSolid',(#3713,#3722,#3731,#3740,#3749));
#3757=IFCPRODUCTDEFINITIONSHAPE($,$,(#3756));
#3758=IFCSTYLEDITEM(#3713,(#122),'Madeira clara');
#3759=IFCSTYLEDITEM(#3722,(#122),'Madeira clara');
#3760=IFCSTYLEDITEM(#3731,(#122),'Madeira clara');
#3761=IFCSTYLEDITEM(#3740,(#122),'Madeira clara');
#3762=IFCSTYLEDITEM(#3749,(#122),'Madeira clara');
#3763=IFCCARTESIANPOINT((0.,0.,0.));
#3764=IFCDIRECTION((0.,0.,1.));
#3765=IFCDIRECTION((1.,0.,0.));
#3766=IFCAXIS2PLACEMENT3D(#3763,#3764,#3765);
#3767=IFCLOCALPLACEMENT(#35,#3766);
#3768=IFCCARTESIANPOINTLIST2D(((0.15,2.),(2.15,2.),(2.15,3.6),(0.15,3.6)));
#3769=IFCINDEXEDPOLYCURVE(#3768,(IFCLINEINDEX((1,2,3,4,1))),$);
#3770=IFCARBITRARYCLOSEDPROFILEDEF(.AREA.,$,#3769);
#3771=IFCCARTESIANPOINT((0.,0.,3.02));
#3772=IFCDIRECTION((0.,0.,1.));
#3773=IFCDIRECTION((1.,0.,0.));
#3774=IFCAXIS2PLACEMENT3D(#3771,#3772,#3773);
#3775=IFCDIRECTION((0.,0.,1.));
#3776=IFCEXTRUDEDAREASOLID(#3770,#3774,#3775,0.2999999999999998);
#3777=IFCCARTESIANPOINTLIST2D(((0.18,2.03),(2.12,2.03),(2.12,3.5700000000000003),(0.18,3.5700000000000003)));
#3778=IFCINDEXEDPOLYCURVE(#3777,(IFCLINEINDEX((1,2,3,4,1))),$);
#3779=IFCARBITRARYCLOSEDPROFILEDEF(.AREA.,$,#3778);
#3780=IFCCARTESIANPOINT((0.,0.,3.32));
#3781=IFCDIRECTION((0.,0.,1.));
#3782=IFCDIRECTION((1.,0.,0.));
#3783=IFCAXIS2PLACEMENT3D(#3780,#3781,#3782);
#3784=IFCDIRECTION((0.,0.,1.));
#3785=IFCEXTRUDEDAREASOLID(#3779,#3783,#3784,0.2200000000000002);
#3786=IFCCARTESIANPOINTLIST2D(((0.15,2.),(0.22999999999999998,2.),(0.22999999999999998,3.6),(0.15,3.6)));
#3787=IFCINDEXEDPOLYCURVE(#3786,(IFCLINEINDEX((1,2,3,4,1))),$);
#3788=IFCARBITRARYCLOSEDPROFILEDEF(.AREA.,$,#3787);
#3789=IFCCARTESIANPOINT((0.,0.,3.02));
#3790=IFCDIRECTION((0.,0.,1.));
#3791=IFCDIRECTION((1.,0.,0.));
#3792=IFCAXIS2PLACEMENT3D(#3789,#3790,#3791);
#3793=IFCDIRECTION((0.,0.,1.));
#3794=IFCEXTRUDEDAREASOLID(#3788,#3792,#3793,1.0500000000000003);
#3795=IFCFURNITURE('00052o001008000000002$',$,'Cama de casal',$,$,#3810,#3802,$,.BED.);
#3801=IFCSHAPEREPRESENTATION(#12,'Body','SweptSolid',(#3776,#3785,#3794));
#3802=IFCPRODUCTDEFINITIONSHAPE($,$,(#3801));
#3803=IFCSTYLEDITEM(#3776,(#118),'Tecido claro');
#3804=IFCSTYLEDITEM(#3785,(#118),'Tecido claro');
#3805=IFCSTYLEDITEM(#3794,(#118),'Tecido claro');
#3806=IFCCARTESIANPOINT((0.,0.,0.));
#3807=IFCDIRECTION((0.,0.,1.));
#3808=IFCDIRECTION((1.,0.,0.));
#3809=IFCAXIS2PLACEMENT3D(#3806,#3807,#3808);
#3810=IFCLOCALPLACEMENT(#40,#3809);
#3811=IFCCARTESIANPOINTLIST2D(((0.27,2.12),(0.67,2.12),(0.67,2.7399999999999998),(0.27,2.7399999999999998)));
#3812=IFCINDEXEDPOLYCURVE(#3811,(IFCLINEINDEX((1,2,3,4,1))),$);
#3813=IFCARBITRARYCLOSEDPROFILEDEF(.AREA.,$,#3812);
#3814=IFCCARTESIANPOINT((0.,0.,3.54));
#3815=IFCDIRECTION((0.,0.,1.));
#3816=IFCDIRECTION((1.,0.,0.));
#3817=IFCAXIS2PLACEMENT3D(#3814,#3815,#3816);
#3818=IFCDIRECTION((0.,0.,1.));
#3819=IFCEXTRUDEDAREASOLID(#3813,#3817,#3818,0.1200000000000001);
#3820=IFCCARTESIANPOINTLIST2D(((0.27,2.86),(0.67,2.86),(0.67,3.48),(0.27,3.48)));
#3821=IFCINDEXEDPOLYCURVE(#3820,(IFCLINEINDEX((1,2,3,4,1))),$);
#3822=IFCARBITRARYCLOSEDPROFILEDEF(.AREA.,$,#3821);
#3823=IFCCARTESIANPOINT((0.,0.,3.54));
#3824=IFCDIRECTION((0.,0.,1.));
#3825=IFCDIRECTION((1.,0.,0.));
#3826=IFCAXIS2PLACEMENT3D(#3823,#3824,#3825);
#3827=IFCDIRECTION((0.,0.,1.));
#3828=IFCEXTRUDEDAREASOLID(#3822,#3826,#3827,0.1200000000000001);
#3829=IFCFURNITURE('00052o0010080000000030',$,'Travesseiros',$,$,#3843,#3836,$,.USERDEFINED.);
#3835=IFCSHAPEREPRESENTATION(#12,'Body','SweptSolid',(#3819,#3828));
#3836=IFCPRODUCTDEFINITIONSHAPE($,$,(#3835));
#3837=IFCSTYLEDITEM(#3819,(#114),'Tecido');
#3838=IFCSTYLEDITEM(#3828,(#114),'Tecido');
#3839=IFCCARTESIANPOINT((0.,0.,0.));
#3840=IFCDIRECTION((0.,0.,1.));
#3841=IFCDIRECTION((1.,0.,0.));
#3842=IFCAXIS2PLACEMENT3D(#3839,#3840,#3841);
#3843=IFCLOCALPLACEMENT(#40,#3842);
#3844=IFCCARTESIANPOINTLIST2D(((3.3,0.4),(3.9,0.4),(3.9,2.4),(3.3,2.4)));
#3845=IFCINDEXEDPOLYCURVE(#3844,(IFCLINEINDEX((1,2,3,4,1))),$);
#3846=IFCARBITRARYCLOSEDPROFILEDEF(.AREA.,$,#3845);
#3847=IFCCARTESIANPOINT((0.,0.,3.02));
#3848=IFCDIRECTION((0.,0.,1.));
#3849=IFCDIRECTION((1.,0.,0.));
#3850=IFCAXIS2PLACEMENT3D(#3847,#3848,#3849);
#3851=IFCDIRECTION((0.,0.,1.));
#3852=IFCEXTRUDEDAREASOLID(#3846,#3850,#3851,2.1);
#3853=IFCFURNITURE('00052o0010080000000031',$,'Guarda-roupa do quarto 1',$,$,#3866,#3860,$,.SHELF.);
#3859=IFCSHAPEREPRESENTATION(#12,'Body','SweptSolid',(#3852));
#3860=IFCPRODUCTDEFINITIONSHAPE($,$,(#3859));
#3861=IFCSTYLEDITEM(#3852,(#58),'Madeira');
#3862=IFCCARTESIANPOINT((0.,0.,0.));
#3863=IFCDIRECTION((0.,0.,1.));
#3864=IFCDIRECTION((1.,0.,0.));
#3865=IFCAXIS2PLACEMENT3D(#3862,#3863,#3864);
#3866=IFCLOCALPLACEMENT(#40,#3865);
#3867=IFCCARTESIANPOINTLIST2D(((6.15,0.6),(7.85,0.6),(7.85,1.6),(6.15,1.6)));
#3868=IFCINDEXEDPOLYCURVE(#3867,(IFCLINEINDEX((1,2,3,4,1))),$);
#3869=IFCARBITRARYCLOSEDPROFILEDEF(.AREA.,$,#3868);
#3870=IFCCARTESIANPOINT((0.,0.,3.02));
#3871=IFCDIRECTION((0.,0.,1.));
#3872=IFCDIRECTION((1.,0.,0.));
#3873=IFCAXIS2PLACEMENT3D(#3870,#3871,#3872);
#3874=IFCDIRECTION((0.,0.,1.));
#3875=IFCEXTRUDEDAREASOLID(#3869,#3873,#3874,0.2999999999999998);
#3876=IFCCARTESIANPOINTLIST2D(((6.180000000000001,0.63),(7.819999999999999,0.63),(7.819999999999999,1.57),(6.180000000000001,1.57)));
#3877=IFCINDEXEDPOLYCURVE(#3876,(IFCLINEINDEX((1,2,3,4,1))),$);
#3878=IFCARBITRARYCLOSEDPROFILEDEF(.AREA.,$,#3877);
#3879=IFCCARTESIANPOINT((0.,0.,3.32));
#3880=IFCDIRECTION((0.,0.,1.));
#3881=IFCDIRECTION((1.,0.,0.));
#3882=IFCAXIS2PLACEMENT3D(#3879,#3880,#3881);
#3883=IFCDIRECTION((0.,0.,1.));
#3884=IFCEXTRUDEDAREASOLID(#3878,#3882,#3883,0.2200000000000002);
#3885=IFCCARTESIANPOINTLIST2D(((7.77,0.6),(7.85,0.6),(7.85,1.6),(7.77,1.6)));
#3886=IFCINDEXEDPOLYCURVE(#3885,(IFCLINEINDEX((1,2,3,4,1))),$);
#3887=IFCARBITRARYCLOSEDPROFILEDEF(.AREA.,$,#3886);
#3888=IFCCARTESIANPOINT((0.,0.,3.02));
#3889=IFCDIRECTION((0.,0.,1.));
#3890=IFCDIRECTION((1.,0.,0.));
#3891=IFCAXIS2PLACEMENT3D(#3888,#3889,#3890);
#3892=IFCDIRECTION((0.,0.,1.));
#3893=IFCEXTRUDEDAREASOLID(#3887,#3891,#3892,1.0500000000000003);
#3894=IFCFURNITURE('00052o0010080000000032',$,'Cama de solteiro',$,$,#3909,#3901,$,.BED.);
#3900=IFCSHAPEREPRESENTATION(#12,'Body','SweptSolid',(#3875,#3884,#3893));
#3901=IFCPRODUCTDEFINITIONSHAPE($,$,(#3900));
#3902=IFCSTYLEDITEM(#3875,(#118),'Tecido claro');
#3903=IFCSTYLEDITEM(#3884,(#118),'Tecido claro');
#3904=IFCSTYLEDITEM(#3893,(#118),'Tecido claro');
#3905=IFCCARTESIANPOINT((0.,0.,0.));
#3906=IFCDIRECTION((0.,0.,1.));
#3907=IFCDIRECTION((1.,0.,0.));
#3908=IFCAXIS2PLACEMENT3D(#3905,#3906,#3907);
#3909=IFCLOCALPLACEMENT(#40,#3908);
#3910=IFCCARTESIANPOINTLIST2D(((7.25,2.6),(7.85,2.6),(7.85,3.8),(7.25,3.8)));
#3911=IFCINDEXEDPOLYCURVE(#3910,(IFCLINEINDEX((1,2,3,4,1))),$);
#3912=IFCARBITRARYCLOSEDPROFILEDEF(.AREA.,$,#3911);
#3913=IFCCARTESIANPOINT((0.,0.,3.73));
#3914=IFCDIRECTION((0.,0.,1.));
#3915=IFCDIRECTION((1.,0.,0.));
#3916=IFCAXIS2PLACEMENT3D(#3913,#3914,#3915);
#3917=IFCDIRECTION((0.,0.,1.));
#3918=IFCEXTRUDEDAREASOLID(#3912,#3916,#3917,0.040000000000000036);
#3919=IFCCARTESIANPOINTLIST2D(((7.29,2.64),(7.35,2.64),(7.35,2.7),(7.29,2.7)));
#3920=IFCINDEXEDPOLYCURVE(#3919,(IFCLINEINDEX((1,2,3,4,1))),$);
#3921=IFCARBITRARYCLOSEDPROFILEDEF(.AREA.,$,#3920);
#3922=IFCCARTESIANPOINT((0.,0.,3.02));
#3923=IFCDIRECTION((0.,0.,1.));
#3924=IFCDIRECTION((1.,0.,0.));
#3925=IFCAXIS2PLACEMENT3D(#3922,#3923,#3924);
#3926=IFCDIRECTION((0.,0.,1.));
#3927=IFCEXTRUDEDAREASOLID(#3921,#3925,#3926,0.71);
#3928=IFCCARTESIANPOINTLIST2D(((7.29,3.6999999999999997),(7.35,3.6999999999999997),(7.35,3.76),(7.29,3.76)));
#3929=IFCINDEXEDPOLYCURVE(#3928,(IFCLINEINDEX((1,2,3,4,1))),$);
#3930=IFCARBITRARYCLOSEDPROFILEDEF(.AREA.,$,#3929);
#3931=IFCCARTESIANPOINT((0.,0.,3.02));
#3932=IFCDIRECTION((0.,0.,1.));
#3933=IFCDIRECTION((1.,0.,0.));
#3934=IFCAXIS2PLACEMENT3D(#3931,#3932,#3933);
#3935=IFCDIRECTION((0.,0.,1.));
#3936=IFCEXTRUDEDAREASOLID(#3930,#3934,#3935,0.71);
#3937=IFCCARTESIANPOINTLIST2D(((7.75,2.64),(7.81,2.64),(7.81,2.7),(7.75,2.7)));
#3938=IFCINDEXEDPOLYCURVE(#3937,(IFCLINEINDEX((1,2,3,4,1))),$);
#3939=IFCARBITRARYCLOSEDPROFILEDEF(.AREA.,$,#3938);
#3940=IFCCARTESIANPOINT((0.,0.,3.02));
#3941=IFCDIRECTION((0.,0.,1.));
#3942=IFCDIRECTION((1.,0.,0.));
#3943=IFCAXIS2PLACEMENT3D(#3940,#3941,#3942);
#3944=IFCDIRECTION((0.,0.,1.));
#3945=IFCEXTRUDEDAREASOLID(#3939,#3943,#3944,0.71);
#3946=IFCCARTESIANPOINTLIST2D(((7.75,3.6999999999999997),(7.81,3.6999999999999997),(7.81,3.76),(7.75,3.76)));
#3947=IFCINDEXEDPOLYCURVE(#3946,(IFCLINEINDEX((1,2,3,4,1))),$);
#3948=IFCARBITRARYCLOSEDPROFILEDEF(.AREA.,$,#3947);
#3949=IFCCARTESIANPOINT((0.,0.,3.02));
#3950=IFCDIRECTION((0.,0.,1.));
#3951=IFCDIRECTION((1.,0.,0.));
#3952=IFCAXIS2PLACEMENT3D(#3949,#3950,#3951);
#3953=IFCDIRECTION((0.,0.,1.));
#3954=IFCEXTRUDEDAREASOLID(#3948,#3952,#3953,0.71);
#3955=IFCFURNITURE('00052o0010080000000033',$,'Escrivaninha do quarto 2',$,$,#3972,#3962,$,.DESK.);
#3961=IFCSHAPEREPRESENTATION(#12,'Body','SweptSolid',(#3918,#3927,#3936,#3945,#3954));
#3962=IFCPRODUCTDEFINITIONSHAPE($,$,(#3961));
#3963=IFCSTYLEDITEM(#3918,(#122),'Madeira clara');
#3964=IFCSTYLEDITEM(#3927,(#122),'Madeira clara');
#3965=IFCSTYLEDITEM(#3936,(#122),'Madeira clara');
#3966=IFCSTYLEDITEM(#3945,(#122),'Madeira clara');
#3967=IFCSTYLEDITEM(#3954,(#122),'Madeira clara');
#3968=IFCCARTESIANPOINT((0.,0.,0.));
#3969=IFCDIRECTION((0.,0.,1.));
#3970=IFCDIRECTION((1.,0.,0.));
#3971=IFCAXIS2PLACEMENT3D(#3968,#3969,#3970);
#3972=IFCLOCALPLACEMENT(#40,#3971);
#3973=IFCCARTESIANPOINTLIST2D(((6.63,2.98),(7.069999999999999,2.98),(7.069999999999999,3.4200000000000004),(6.63,3.4200000000000004)));
#3974=IFCINDEXEDPOLYCURVE(#3973,(IFCLINEINDEX((1,2,3,4,1))),$);
#3975=IFCARBITRARYCLOSEDPROFILEDEF(.AREA.,$,#3974);
#3976=IFCCARTESIANPOINT((0.,0.,3.43));
#3977=IFCDIRECTION((0.,0.,1.));
#3978=IFCDIRECTION((1.,0.,0.));
#3979=IFCAXIS2PLACEMENT3D(#3976,#3977,#3978);
#3980=IFCDIRECTION((0.,0.,1.));
#3981=IFCEXTRUDEDAREASOLID(#3975,#3979,#3980,0.040000000000000036);
#3982=IFCCARTESIANPOINTLIST2D(((6.67,3.02),(6.71,3.02),(6.71,3.06),(6.67,3.06)));
#3983=IFCINDEXEDPOLYCURVE(#3982,(IFCLINEINDEX((1,2,3,4,1))),$);
#3984=IFCARBITRARYCLOSEDPROFILEDEF(.AREA.,$,#3983);
#3985=IFCCARTESIANPOINT((0.,0.,3.02));
#3986=IFCDIRECTION((0.,0.,1.));
#3987=IFCDIRECTION((1.,0.,0.));
#3988=IFCAXIS2PLACEMENT3D(#3985,#3986,#3987);
#3989=IFCDIRECTION((0.,0.,1.));
#3990=IFCEXTRUDEDAREASOLID(#3984,#3988,#3989,0.41000000000000014);
#3991=IFCCARTESIANPOINTLIST2D(((6.67,3.3400000000000003),(6.71,3.3400000000000003),(6.71,3.3800000000000003),(6.67,3.3800000000000003)));
#3992=IFCINDEXEDPOLYCURVE(#3991,(IFCLINEINDEX((1,2,3,4,1))),$);
#3993=IFCARBITRARYCLOSEDPROFILEDEF(.AREA.,$,#3992);
#3994=IFCCARTESIANPOINT((0.,0.,3.02));
#3995=IFCDIRECTION((0.,0.,1.));
#3996=IFCDIRECTION((1.,0.,0.));
#3997=IFCAXIS2PLACEMENT3D(#3994,#3995,#3996);
#3998=IFCDIRECTION((0.,0.,1.));
#3999=IFCEXTRUDEDAREASOLID(#3993,#3997,#3998,0.41000000000000014);
#4000=IFCCARTESIANPOINTLIST2D(((6.989999999999999,3.02),(7.029999999999999,3.02),(7.029999999999999,3.06),(6.989999999999999,3.06)));
#4001=IFCINDEXEDPOLYCURVE(#4000,(IFCLINEINDEX((1,2,3,4,1))),$);
#4002=IFCARBITRARYCLOSEDPROFILEDEF(.AREA.,$,#4001);
#4003=IFCCARTESIANPOINT((0.,0.,3.02));
#4004=IFCDIRECTION((0.,0.,1.));
#4005=IFCDIRECTION((1.,0.,0.));
#4006=IFCAXIS2PLACEMENT3D(#4003,#4004,#4005);
#4007=IFCDIRECTION((0.,0.,1.));
#4008=IFCEXTRUDEDAREASOLID(#4002,#4006,#4007,0.41000000000000014);
#4009=IFCCARTESIANPOINTLIST2D(((6.989999999999999,3.3400000000000003),(7.029999999999999,3.3400000000000003),(7.029999999999999,3.3800000000000003),(6.989999999999999,3.3800000000000003)));
#4010=IFCINDEXEDPOLYCURVE(#4009,(IFCLINEINDEX((1,2,3,4,1))),$);
#4011=IFCARBITRARYCLOSEDPROFILEDEF(.AREA.,$,#4010);
#4012=IFCCARTESIANPOINT((0.,0.,3.02));
#4013=IFCDIRECTION((0.,0.,1.));
#4014=IFCDIRECTION((1.,0.,0.));
#4015=IFCAXIS2PLACEMENT3D(#4012,#4013,#4014);
#4016=IFCDIRECTION((0.,0.,1.));
#4017=IFCEXTRUDEDAREASOLID(#4011,#4015,#4016,0.41000000000000014);
#4018=IFCCARTESIANPOINTLIST2D(((6.63,2.98),(6.68,2.98),(6.68,3.4200000000000004),(6.63,3.4200000000000004)));
#4019=IFCINDEXEDPOLYCURVE(#4018,(IFCLINEINDEX((1,2,3,4,1))),$);
#4020=IFCARBITRARYCLOSEDPROFILEDEF(.AREA.,$,#4019);
#4021=IFCCARTESIANPOINT((0.,0.,3.47));
#4022=IFCDIRECTION((0.,0.,1.));
#4023=IFCDIRECTION((1.,0.,0.));
#4024=IFCAXIS2PLACEMENT3D(#4021,#4022,#4023);
#4025=IFCDIRECTION((0.,0.,1.));
#4026=IFCEXTRUDEDAREASOLID(#4020,#4024,#4025,0.44999999999999973);
#4027=IFCFURNITURE('00052o0010080000000034',$,'Cadeira do quarto 2',$,$,#4045,#4034,$,.CHAIR.);
#4033=IFCSHAPEREPRESENTATION(#12,'Body','SweptSolid',(#3981,#3990,#3999,#4008,#4017,#4026));
#4034=IFCPRODUCTDEFINITIONSHAPE($,$,(#4033));
#4035=IFCSTYLEDITEM(#3981,(#114),'Tecido');
#4036=IFCSTYLEDITEM(#3990,(#114),'Tecido');
#4037=IFCSTYLEDITEM(#3999,(#114),'Tecido');
#4038=IFCSTYLEDITEM(#4008,(#114),'Tecido');
#4039=IFCSTYLEDITEM(#4017,(#114),'Tecido');
#4040=IFCSTYLEDITEM(#4026,(#114),'Tecido');
#4041=IFCCARTESIANPOINT((0.,0.,0.));
#4042=IFCDIRECTION((0.,0.,1.));
#4043=IFCDIRECTION((1.,0.,0.));
#4044=IFCAXIS2PLACEMENT3D(#4041,#4042,#4043);
#4045=IFCLOCALPLACEMENT(#40,#4044);
#4046=IFCCARTESIANPOINTLIST2D(((3.3,11.2),(4.9,11.2),(4.9,11.8),(3.3,11.8)));
#4047=IFCINDEXEDPOLYCURVE(#4046,(IFCLINEINDEX((1,2,3,4,1))),$);
#4048=IFCARBITRARYCLOSEDPROFILEDEF(.AREA.,$,#4047);
#4049=IFCCARTESIANPOINT((0.,0.,3.73));
#4050=IFCDIRECTION((0.,0.,1.));
#4051=IFCDIRECTION((1.,0.,0.));
#4052=IFCAXIS2PLACEMENT3D(#4049,#4050,#4051);
#4053=IFCDIRECTION((0.,0.,1.));
#4054=IFCEXTRUDEDAREASOLID(#4048,#4052,#4053,0.040000000000000036);
#4055=IFCCARTESIANPOINTLIST2D(((3.34,11.239999999999998),(3.4,11.239999999999998),(3.4,11.299999999999999),(3.34,11.299999999999999)));
#4056=IFCINDEXEDPOLYCURVE(#4055,(IFCLINEINDEX((1,2,3,4,1))),$);
#4057=IFCARBITRARYCLOSEDPROFILEDEF(.AREA.,$,#4056);
#4058=IFCCARTESIANPOINT((0.,0.,3.02));
#4059=IFCDIRECTION((0.,0.,1.));
#4060=IFCDIRECTION((1.,0.,0.));
#4061=IFCAXIS2PLACEMENT3D(#4058,#4059,#4060);
#4062=IFCDIRECTION((0.,0.,1.));
#4063=IFCEXTRUDEDAREASOLID(#4057,#4061,#4062,0.71);
#4064=IFCCARTESIANPOINTLIST2D(((3.34,11.700000000000001),(3.4,11.700000000000001),(3.4,11.760000000000002),(3.34,11.760000000000002)));
#4065=IFCINDEXEDPOLYCURVE(#4064,(IFCLINEINDEX((1,2,3,4,1))),$);
#4066=IFCARBITRARYCLOSEDPROFILEDEF(.AREA.,$,#4065);
#4067=IFCCARTESIANPOINT((0.,0.,3.02));
#4068=IFCDIRECTION((0.,0.,1.));
#4069=IFCDIRECTION((1.,0.,0.));
#4070=IFCAXIS2PLACEMENT3D(#4067,#4068,#4069);
#4071=IFCDIRECTION((0.,0.,1.));
#4072=IFCEXTRUDEDAREASOLID(#4066,#4070,#4071,0.71);
#4073=IFCCARTESIANPOINTLIST2D(((4.800000000000001,11.239999999999998),(4.86,11.239999999999998),(4.86,11.299999999999999),(4.800000000000001,11.299999999999999)));
#4074=IFCINDEXEDPOLYCURVE(#4073,(IFCLINEINDEX((1,2,3,4,1))),$);
#4075=IFCARBITRARYCLOSEDPROFILEDEF(.AREA.,$,#4074);
#4076=IFCCARTESIANPOINT((0.,0.,3.02));
#4077=IFCDIRECTION((0.,0.,1.));
#4078=IFCDIRECTION((1.,0.,0.));
#4079=IFCAXIS2PLACEMENT3D(#4076,#4077,#4078);
#4080=IFCDIRECTION((0.,0.,1.));
#4081=IFCEXTRUDEDAREASOLID(#4075,#4079,#4080,0.71);
#4082=IFCCARTESIANPOINTLIST2D(((4.800000000000001,11.700000000000001),(4.86,11.700000000000001),(4.86,11.760000000000002),(4.800000000000001,11.760000000000002)));
#4083=IFCINDEXEDPOLYCURVE(#4082,(IFCLINEINDEX((1,2,3,4,1))),$);
#4084=IFCARBITRARYCLOSEDPROFILEDEF(.AREA.,$,#4083);
#4085=IFCCARTESIANPOINT((0.,0.,3.02));
#4086=IFCDIRECTION((0.,0.,1.));
#4087=IFCDIRECTION((1.,0.,0.));
#4088=IFCAXIS2PLACEMENT3D(#4085,#4086,#4087);
#4089=IFCDIRECTION((0.,0.,1.));
#4090=IFCEXTRUDEDAREASOLID(#4084,#4088,#4089,0.71);
#4091=IFCFURNITURE('00052o0010080000000035',$,'Mesa do escrit\X2\00F3\X0\rio',$,$,#4108,#4098,$,.DESK.);
#4097=IFCSHAPEREPRESENTATION(#12,'Body','SweptSolid',(#4054,#4063,#4072,#4081,#4090));
#4098=IFCPRODUCTDEFINITIONSHAPE($,$,(#4097));
#4099=IFCSTYLEDITEM(#4054,(#122),'Madeira clara');
#4100=IFCSTYLEDITEM(#4063,(#122),'Madeira clara');
#4101=IFCSTYLEDITEM(#4072,(#122),'Madeira clara');
#4102=IFCSTYLEDITEM(#4081,(#122),'Madeira clara');
#4103=IFCSTYLEDITEM(#4090,(#122),'Madeira clara');
#4104=IFCCARTESIANPOINT((0.,0.,0.));
#4105=IFCDIRECTION((0.,0.,1.));
#4106=IFCDIRECTION((1.,0.,0.));
#4107=IFCAXIS2PLACEMENT3D(#4104,#4105,#4106);
#4108=IFCLOCALPLACEMENT(#40,#4107);
#4109=IFCCARTESIANPOINTLIST2D(((3.8799999999999994,10.53),(4.319999999999999,10.53),(4.319999999999999,10.97),(3.8799999999999994,10.97)));
#4110=IFCINDEXEDPOLYCURVE(#4109,(IFCLINEINDEX((1,2,3,4,1))),$);
#4111=IFCARBITRARYCLOSEDPROFILEDEF(.AREA.,$,#4110);
#4112=IFCCARTESIANPOINT((0.,0.,3.43));
#4113=IFCDIRECTION((0.,0.,1.));
#4114=IFCDIRECTION((1.,0.,0.));
#4115=IFCAXIS2PLACEMENT3D(#4112,#4113,#4114);
#4116=IFCDIRECTION((0.,0.,1.));
#4117=IFCEXTRUDEDAREASOLID(#4111,#4115,#4116,0.040000000000000036);
#4118=IFCCARTESIANPOINTLIST2D(((3.9199999999999995,10.569999999999999),(3.9599999999999995,10.569999999999999),(3.9599999999999995,10.609999999999998),(3.9199999999999995,10.609999999999998)));
#4119=IFCINDEXEDPOLYCURVE(#4118,(IFCLINEINDEX((1,2,3,4,1))),$);
#4120=IFCARBITRARYCLOSEDPROFILEDEF(.AREA.,$,#4119);
#4121=IFCCARTESIANPOINT((0.,0.,3.02));
#4122=IFCDIRECTION((0.,0.,1.));
#4123=IFCDIRECTION((1.,0.,0.));
#4124=IFCAXIS2PLACEMENT3D(#4121,#4122,#4123);
#4125=IFCDIRECTION((0.,0.,1.));
#4126=IFCEXTRUDEDAREASOLID(#4120,#4124,#4125,0.41000000000000014);
#4127=IFCCARTESIANPOINTLIST2D(((3.9199999999999995,10.890000000000002),(3.9599999999999995,10.890000000000002),(3.9599999999999995,10.930000000000001),(3.9199999999999995,10.930000000000001)));
#4128=IFCINDEXEDPOLYCURVE(#4127,(IFCLINEINDEX((1,2,3,4,1))),$);
#4129=IFCARBITRARYCLOSEDPROFILEDEF(.AREA.,$,#4128);
#4130=IFCCARTESIANPOINT((0.,0.,3.02));
#4131=IFCDIRECTION((0.,0.,1.));
#4132=IFCDIRECTION((1.,0.,0.));
#4133=IFCAXIS2PLACEMENT3D(#4130,#4131,#4132);
#4134=IFCDIRECTION((0.,0.,1.));
#4135=IFCEXTRUDEDAREASOLID(#4129,#4133,#4134,0.41000000000000014);
#4136=IFCCARTESIANPOINTLIST2D(((4.239999999999999,10.569999999999999),(4.279999999999999,10.569999999999999),(4.279999999999999,10.609999999999998),(4.239999999999999,10.609999999999998)));
#4137=IFCINDEXEDPOLYCURVE(#4136,(IFCLINEINDEX((1,2,3,4,1))),$);
#4138=IFCARBITRARYCLOSEDPROFILEDEF(.AREA.,$,#4137);
#4139=IFCCARTESIANPOINT((0.,0.,3.02));
#4140=IFCDIRECTION((0.,0.,1.));
#4141=IFCDIRECTION((1.,0.,0.));
#4142=IFCAXIS2PLACEMENT3D(#4139,#4140,#4141);
#4143=IFCDIRECTION((0.,0.,1.));
#4144=IFCEXTRUDEDAREASOLID(#4138,#4142,#4143,0.41000000000000014);
#4145=IFCCARTESIANPOINTLIST2D(((4.239999999999999,10.890000000000002),(4.279999999999999,10.890000000000002),(4.279999999999999,10.930000000000001),(4.239999999999999,10.930000000000001)));
#4146=IFCINDEXEDPOLYCURVE(#4145,(IFCLINEINDEX((1,2,3,4,1))),$);
#4147=IFCARBITRARYCLOSEDPROFILEDEF(.AREA.,$,#4146);
#4148=IFCCARTESIANPOINT((0.,0.,3.02));
#4149=IFCDIRECTION((0.,0.,1.));
#4150=IFCDIRECTION((1.,0.,0.));
#4151=IFCAXIS2PLACEMENT3D(#4148,#4149,#4150);
#4152=IFCDIRECTION((0.,0.,1.));
#4153=IFCEXTRUDEDAREASOLID(#4147,#4151,#4152,0.41000000000000014);
#4154=IFCCARTESIANPOINTLIST2D(((3.8799999999999994,10.53),(4.319999999999999,10.53),(4.319999999999999,10.58),(3.8799999999999994,10.58)));
#4155=IFCINDEXEDPOLYCURVE(#4154,(IFCLINEINDEX((1,2,3,4,1))),$);
#4156=IFCARBITRARYCLOSEDPROFILEDEF(.AREA.,$,#4155);
#4157=IFCCARTESIANPOINT((0.,0.,3.47));
#4158=IFCDIRECTION((0.,0.,1.));
#4159=IFCDIRECTION((1.,0.,0.));
#4160=IFCAXIS2PLACEMENT3D(#4157,#4158,#4159);
#4161=IFCDIRECTION((0.,0.,1.));
#4162=IFCEXTRUDEDAREASOLID(#4156,#4160,#4161,0.44999999999999973);
#4163=IFCFURNITURE('00052o0010080000000036',$,'Cadeira do escrit\X2\00F3\X0\rio',$,$,#4181,#4170,$,.CHAIR.);
#4169=IFCSHAPEREPRESENTATION(#12,'Body','SweptSolid',(#4117,#4126,#4135,#4144,#4153,#4162));
#4170=IFCPRODUCTDEFINITIONSHAPE($,$,(#4169));
#4171=IFCSTYLEDITEM(#4117,(#114),'Tecido');
#4172=IFCSTYLEDITEM(#4126,(#114),'Tecido');
#4173=IFCSTYLEDITEM(#4135,(#114),'Tecido');
#4174=IFCSTYLEDITEM(#4144,(#114),'Tecido');
#4175=IFCSTYLEDITEM(#4153,(#114),'Tecido');
#4176=IFCSTYLEDITEM(#4162,(#114),'Tecido');
#4177=IFCCARTESIANPOINT((0.,0.,0.));
#4178=IFCDIRECTION((0.,0.,1.));
#4179=IFCDIRECTION((1.,0.,0.));
#4180=IFCAXIS2PLACEMENT3D(#4177,#4178,#4179);
#4181=IFCLOCALPLACEMENT(#40,#4180);
#4182=IFCCARTESIANPOINTLIST2D(((6.,9.),(6.5,9.),(6.5,10.6),(6.,10.6)));
#4183=IFCINDEXEDPOLYCURVE(#4182,(IFCLINEINDEX((1,2,3,4,1))),$);
#4184=IFCARBITRARYCLOSEDPROFILEDEF(.AREA.,$,#4183);
#4185=IFCCARTESIANPOINT((0.,0.,3.02));
#4186=IFCDIRECTION((0.,0.,1.));
#4187=IFCDIRECTION((1.,0.,0.));
#4188=IFCAXIS2PLACEMENT3D(#4185,#4186,#4187);
#4189=IFCDIRECTION((0.,0.,1.));
#4190=IFCEXTRUDEDAREASOLID(#4184,#4188,#4189,1.8000000000000003);
#4191=IFCFURNITURE('00052o0010080000000037',$,'Estante do escrit\X2\00F3\X0\rio',$,$,#4204,#4198,$,.SHELF.);
#4197=IFCSHAPEREPRESENTATION(#12,'Body','SweptSolid',(#4190));
#4198=IFCPRODUCTDEFINITIONSHAPE($,$,(#4197));
#4199=IFCSTYLEDITEM(#4190,(#58),'Madeira');
#4200=IFCCARTESIANPOINT((0.,0.,0.));
#4201=IFCDIRECTION((0.,0.,1.));
#4202=IFCDIRECTION((1.,0.,0.));
#4203=IFCAXIS2PLACEMENT3D(#4200,#4201,#4202);
#4204=IFCLOCALPLACEMENT(#40,#4203);
#4205=IFCCARTESIANPOINTLIST2D(((1.,-0.075),(1.03,-0.075),(1.03,0.075),(1.,0.075)));
#4206=IFCINDEXEDPOLYCURVE(#4205,(IFCLINEINDEX((1,2,3,4,1))),$);
#4207=IFCARBITRARYCLOSEDPROFILEDEF(.AREA.,$,#4206);
#4208=IFCCARTESIANPOINT((0.,0.,0.));
#4209=IFCDIRECTION((0.,0.,1.));
#4210=IFCDIRECTION((1.,0.,0.));
#4211=IFCAXIS2PLACEMENT3D(#4208,#4209,#4210);
#4212=IFCDIRECTION((0.,0.,1.));
#4213=IFCEXTRUDEDAREASOLID(#4207,#4211,#4212,2.1);
#4214=IFCCARTESIANPOINTLIST2D(((2.0700000000000003,-0.075),(2.1,-0.075),(2.1,0.075),(2.0700000000000003,0.075)));
#4215=IFCINDEXEDPOLYCURVE(#4214,(IFCLINEINDEX((1,2,3,4,1))),$);
#4216=IFCARBITRARYCLOSEDPROFILEDEF(.AREA.,$,#4215);
#4217=IFCCARTESIANPOINT((0.,0.,0.));
#4218=IFCDIRECTION((0.,0.,1.));
#4219=IFCDIRECTION((1.,0.,0.));
#4220=IFCAXIS2PLACEMENT3D(#4217,#4218,#4219);
#4221=IFCDIRECTION((0.,0.,1.));
#4222=IFCEXTRUDEDAREASOLID(#4216,#4220,#4221,2.1);
#4223=IFCCARTESIANPOINTLIST2D(((1.,-0.075),(2.1,-0.075),(2.1,0.075),(1.,0.075)));
#4224=IFCINDEXEDPOLYCURVE(#4223,(IFCLINEINDEX((1,2,3,4,1))),$);
#4225=IFCARBITRARYCLOSEDPROFILEDEF(.AREA.,$,#4224);
#4226=IFCCARTESIANPOINT((0.,0.,2.0700000000000003));
#4227=IFCDIRECTION((0.,0.,1.));
#4228=IFCDIRECTION((1.,0.,0.));
#4229=IFCAXIS2PLACEMENT3D(#4226,#4227,#4228);
#4230=IFCDIRECTION((0.,0.,1.));
#4231=IFCEXTRUDEDAREASOLID(#4225,#4229,#4230,0.029999999999999805);
#4232=IFCCARTESIANPOINTLIST2D(((0.9299999999999999,-0.09),(1.,-0.09),(1.,-0.075),(0.9299999999999999,-0.075)));
#4233=IFCINDEXEDPOLYCURVE(#4232,(IFCLINEINDEX((1,2,3,4,1))),$);
#4234=IFCARBITRARYCLOSEDPROFILEDEF(.AREA.,$,#4233);
#4235=IFCCARTESIANPOINT((0.,0.,0.));
#4236=IFCDIRECTION((0.,0.,1.));
#4237=IFCDIRECTION((1.,0.,0.));
#4238=IFCAXIS2PLACEMENT3D(#4235,#4236,#4237);
#4239=IFCDIRECTION((0.,0.,1.));
#4240=IFCEXTRUDEDAREASOLID(#4234,#4238,#4239,2.17);
#4241=IFCCARTESIANPOINTLIST2D(((2.1,-0.09),(2.17,-0.09),(2.17,-0.075),(2.1,-0.075)));
#4242=IFCINDEXEDPOLYCURVE(#4241,(IFCLINEINDEX((1,2,3,4,1))),$);
#4243=IFCARBITRARYCLOSEDPROFILEDEF(.AREA.,$,#4242);
#4244=IFCCARTESIANPOINT((0.,0.,0.));
#4245=IFCDIRECTION((0.,0.,1.));
#4246=IFCDIRECTION((1.,0.,0.));
#4247=IFCAXIS2PLACEMENT3D(#4244,#4245,#4246);
#4248=IFCDIRECTION((0.,0.,1.));
#4249=IFCEXTRUDEDAREASOLID(#4243,#4247,#4248,2.17);
#4250=IFCCARTESIANPOINTLIST2D(((0.9299999999999999,-0.09),(2.17,-0.09),(2.17,-0.075),(0.9299999999999999,-0.075)));
#4251=IFCINDEXEDPOLYCURVE(#4250,(IFCLINEINDEX((1,2,3,4,1))),$);
#4252=IFCARBITRARYCLOSEDPROFILEDEF(.AREA.,$,#4251);
#4253=IFCCARTESIANPOINT((0.,0.,2.1));
#4254=IFCDIRECTION((0.,0.,1.));
#4255=IFCDIRECTION((1.,0.,0.));
#4256=IFCAXIS2PLACEMENT3D(#4253,#4254,#4255);
#4257=IFCDIRECTION((0.,0.,1.));
#4258=IFCEXTRUDEDAREASOLID(#4252,#4256,#4257,0.06999999999999984);
#4259=IFCCARTESIANPOINTLIST2D(((0.9299999999999999,0.075),(1.,0.075),(1.,0.09),(0.9299999999999999,0.09)));
#4260=IFCINDEXEDPOLYCURVE(#4259,(IFCLINEINDEX((1,2,3,4,1))),$);
#4261=IFCARBITRARYCLOSEDPROFILEDEF(.AREA.,$,#4260);
#4262=IFCCARTESIANPOINT((0.,0.,0.));
#4263=IFCDIRECTION((0.,0.,1.));
#4264=IFCDIRECTION((1.,0.,0.));
#4265=IFCAXIS2PLACEMENT3D(#4262,#4263,#4264);
#4266=IFCDIRECTION((0.,0.,1.));
#4267=IFCEXTRUDEDAREASOLID(#4261,#4265,#4266,2.17);
#4268=IFCCARTESIANPOINTLIST2D(((2.1,0.075),(2.17,0.075),(2.17,0.09),(2.1,0.09)));
#4269=IFCINDEXEDPOLYCURVE(#4268,(IFCLINEINDEX((1,2,3,4,1))),$);
#4270=IFCARBITRARYCLOSEDPROFILEDEF(.AREA.,$,#4269);
#4271=IFCCARTESIANPOINT((0.,0.,0.));
#4272=IFCDIRECTION((0.,0.,1.));
#4273=IFCDIRECTION((1.,0.,0.));
#4274=IFCAXIS2PLACEMENT3D(#4271,#4272,#4273);
#4275=IFCDIRECTION((0.,0.,1.));
#4276=IFCEXTRUDEDAREASOLID(#4270,#4274,#4275,2.17);
#4277=IFCCARTESIANPOINTLIST2D(((0.9299999999999999,0.075),(2.17,0.075),(2.17,0.09),(0.9299999999999999,0.09)));
#4278=IFCINDEXEDPOLYCURVE(#4277,(IFCLINEINDEX((1,2,3,4,1))),$);
#4279=IFCARBITRARYCLOSEDPROFILEDEF(.AREA.,$,#4278);
#4280=IFCCARTESIANPOINT((0.,0.,2.1));
#4281=IFCDIRECTION((0.,0.,1.));
#4282=IFCDIRECTION((1.,0.,0.));
#4283=IFCAXIS2PLACEMENT3D(#4280,#4281,#4282);
#4284=IFCDIRECTION((0.,0.,1.));
#4285=IFCEXTRUDEDAREASOLID(#4279,#4283,#4284,0.06999999999999984);
#4286=IFCCOVERING('00052o0010080000000038',$,'Guarni\X2\00E700E3\X0\o: porta de entrada',$,$,#4307,#4293,$,.MOLDING.);
#4292=IFCSHAPEREPRESENTATION(#12,'Body','SweptSolid',(#4213,#4222,#4231,#4240,#4249,#4258,#4267,#4276,#4285));
#4293=IFCPRODUCTDEFINITIONSHAPE($,$,(#4292));
#4294=IFCSTYLEDITEM(#4213,(#58),'Madeira');
#4295=IFCSTYLEDITEM(#4222,(#58),'Madeira');
#4296=IFCSTYLEDITEM(#4231,(#58),'Madeira');
#4297=IFCSTYLEDITEM(#4240,(#58),'Madeira');
#4298=IFCSTYLEDITEM(#4249,(#58),'Madeira');
#4299=IFCSTYLEDITEM(#4258,(#58),'Madeira');
#4300=IFCSTYLEDITEM(#4267,(#58),'Madeira');
#4301=IFCSTYLEDITEM(#4276,(#58),'Madeira');
#4302=IFCSTYLEDITEM(#4285,(#58),'Madeira');
#4303=IFCCARTESIANPOINT((0.,0.,0.));
#4304=IFCDIRECTION((0.,0.,1.));
#4305=IFCDIRECTION((1.,0.,0.));
#4306=IFCAXIS2PLACEMENT3D(#4303,#4304,#4305);
#4307=IFCLOCALPLACEMENT(#35,#4306);
#4308=IFCCARTESIANPOINTLIST2D(((1.,-0.075),(2.1,-0.075),(2.1,0.075),(1.,0.075)));
#4309=IFCINDEXEDPOLYCURVE(#4308,(IFCLINEINDEX((1,2,3,4,1))),$);
#4310=IFCARBITRARYCLOSEDPROFILEDEF(.AREA.,$,#4309);
#4311=IFCCARTESIANPOINT((0.,0.,0.));
#4312=IFCDIRECTION((0.,0.,1.));
#4313=IFCDIRECTION((1.,0.,0.));
#4314=IFCAXIS2PLACEMENT3D(#4311,#4312,#4313);
#4315=IFCDIRECTION((0.,0.,1.));
#4316=IFCEXTRUDEDAREASOLID(#4310,#4314,#4315,0.02);
#4317=IFCCOVERING('00052o0010080000000039',$,'Soleira: porta de entrada',$,$,#4331,#4324,$,.MOLDING.);
#4323=IFCSHAPEREPRESENTATION(#12,'Body','SweptSolid',(#4316));
#4324=IFCPRODUCTDEFINITIONSHAPE($,$,(#4323));
#4325=IFCSTYLEDITEM(#4316,(#74),'Granito cinza');
#4326=IFCRELASSOCIATESMATERIAL('00052o001008000000003A',$,$,$,(#5209,#4405,#4703,#4317,#5123,#5336,#5462,#5047,#5588,#4961,#4789,#4875,#4577,#4491),#73);
#4327=IFCCARTESIANPOINT((0.,0.,0.));
#4328=IFCDIRECTION((0.,0.,1.));
#4329=IFCDIRECTION((1.,0.,0.));
#4330=IFCAXIS2PLACEMENT3D(#4327,#4328,#4329);
#4331=IFCLOCALPLACEMENT(#35,#4330);
#4332=IFCCARTESIANPOINTLIST2D(((3.5,-0.035),(6.5,-0.035),(6.5,0.035),(3.5,0.035)));
#4333=IFCINDEXEDPOLYCURVE(#4332,(IFCLINEINDEX((1,2,3,4,1))),$);
#4334=IFCARBITRARYCLOSEDPROFILEDEF(.AREA.,$,#4333);
#4335=IFCCARTESIANPOINT((0.,0.,2.45));
#4336=IFCDIRECTION((0.,0.,1.));
#4337=IFCDIRECTION((1.,0.,0.));
#4338=IFCAXIS2PLACEMENT3D(#4335,#4336,#4337);
#4339=IFCDIRECTION((0.,0.,1.));
#4340=IFCEXTRUDEDAREASOLID(#4334,#4338,#4339,0.04999999999999982);
#4341=IFCCARTESIANPOINTLIST2D(((3.5,-0.035),(6.5,-0.035),(6.5,0.035),(3.5,0.035)));
#4342=IFCINDEXEDPOLYCURVE(#4341,(IFCLINEINDEX((1,2,3,4,1))),$);
#4343=IFCARBITRARYCLOSEDPROFILEDEF(.AREA.,$,#4342);
#4344=IFCCARTESIANPOINT((0.,0.,0.5));
#4345=IFCDIRECTION((0.,0.,1.));
#4346=IFCDIRECTION((1.,0.,0.));
#4347=IFCAXIS2PLACEMENT3D(#4344,#4345,#4346);
#4348=IFCDIRECTION((0.,0.,1.));
#4349=IFCEXTRUDEDAREASOLID(#4343,#4347,#4348,0.050000000000000044);
#4350=IFCCARTESIANPOINTLIST2D(((3.5,-0.035),(3.55,-0.035),(3.55,0.035),(3.5,0.035)));
#4351=IFCINDEXEDPOLYCURVE(#4350,(IFCLINEINDEX((1,2,3,4,1))),$);
#4352=IFCARBITRARYCLOSEDPROFILEDEF(.AREA.,$,#4351);
#4353=IFCCARTESIANPOINT((0.,0.,0.5));
#4354=IFCDIRECTION((0.,0.,1.));
#4355=IFCDIRECTION((1.,0.,0.));
#4356=IFCAXIS2PLACEMENT3D(#4353,#4354,#4355);
#4357=IFCDIRECTION((0.,0.,1.));
#4358=IFCEXTRUDEDAREASOLID(#4352,#4356,#4357,2.);
#4359=IFCCARTESIANPOINTLIST2D(((6.45,-0.035),(6.5,-0.035),(6.5,0.035),(6.45,0.035)));
#4360=IFCINDEXEDPOLYCURVE(#4359,(IFCLINEINDEX((1,2,3,4,1))),$);
#4361=IFCARBITRARYCLOSEDPROFILEDEF(.AREA.,$,#4360);
#4362=IFCCARTESIANPOINT((0.,0.,0.5));
#4363=IFCDIRECTION((0.,0.,1.));
#4364=IFCDIRECTION((1.,0.,0.));
#4365=IFCAXIS2PLACEMENT3D(#4362,#4363,#4364);
#4366=IFCDIRECTION((0.,0.,1.));
#4367=IFCEXTRUDEDAREASOLID(#4361,#4365,#4366,2.);
#4368=IFCCARTESIANPOINTLIST2D(((4.975,-0.035),(5.025,-0.035),(5.025,0.035),(4.975,0.035)));
#4369=IFCINDEXEDPOLYCURVE(#4368,(IFCLINEINDEX((1,2,3,4,1))),$);
#4370=IFCARBITRARYCLOSEDPROFILEDEF(.AREA.,$,#4369);
#4371=IFCCARTESIANPOINT((0.,0.,0.5));
#4372=IFCDIRECTION((0.,0.,1.));
#4373=IFCDIRECTION((1.,0.,0.));
#4374=IFCAXIS2PLACEMENT3D(#4371,#4372,#4373);
#4375=IFCDIRECTION((0.,0.,1.));
#4376=IFCEXTRUDEDAREASOLID(#4370,#4374,#4375,2.);
#4377=IFCCOVERING('00052o001008000000003B',$,'Caixilho: janela da sala',$,$,#4395,#4384,$,.MOLDING.);
#4383=IFCSHAPEREPRESENTATION(#12,'Body','SweptSolid',(#4340,#4349,#4358,#4367,#4376));
#4384=IFCPRODUCTDEFINITIONSHAPE($,$,(#4383));
#4385=IFCSTYLEDITEM(#4340,(#70),'Esquadria de alum\X2\00ED\X0\nio preto');
#4386=IFCSTYLEDITEM(#4349,(#70),'Esquadria de alum\X2\00ED\X0\nio preto');
#4387=IFCSTYLEDITEM(#4358,(#70),'Esquadria de alum\X2\00ED\X0\nio preto');
#4388=IFCSTYLEDITEM(#4367,(#70),'Esquadria de alum\X2\00ED\X0\nio preto');
#4389=IFCSTYLEDITEM(#4376,(#70),'Esquadria de alum\X2\00ED\X0\nio preto');
#4390=IFCRELASSOCIATESMATERIAL('00052o001008000000003C',$,$,$,(#4464,#4762,#5182,#4377,#5097,#4848,#5020,#4934,#4550),#69);
#4391=IFCCARTESIANPOINT((0.,0.,0.));
#4392=IFCDIRECTION((0.,0.,1.));
#4393=IFCDIRECTION((1.,0.,0.));
#4394=IFCAXIS2PLACEMENT3D(#4391,#4392,#4393);
#4395=IFCLOCALPLACEMENT(#35,#4394);
#4396=IFCCARTESIANPOINTLIST2D(((3.45,-0.11499999999999999),(6.55,-0.11499999999999999),(6.55,0.),(3.45,0.)));
#4397=IFCINDEXEDPOLYCURVE(#4396,(IFCLINEINDEX((1,2,3,4,1))),$);
#4398=IFCARBITRARYCLOSEDPROFILEDEF(.AREA.,$,#4397);
#4399=IFCCARTESIANPOINT((0.,0.,0.47));
#4400=IFCDIRECTION((0.,0.,1.));
#4401=IFCDIRECTION((1.,0.,0.));
#4402=IFCAXIS2PLACEMENT3D(#4399,#4400,#4401);
#4403=IFCDIRECTION((0.,0.,1.));
#4404=IFCEXTRUDEDAREASOLID(#4398,#4402,#4403,0.030000000000000027);
#4405=IFCCOVERING('00052o001008000000003D',$,'Peitoril: janela da sala',$,$,#4418,#4412,$,.MOLDING.);
#4411=IFCSHAPEREPRESENTATION(#12,'Body','SweptSolid',(#4404));
#4412=IFCPRODUCTDEFINITIONSHAPE($,$,(#4411));
#4413=IFCSTYLEDITEM(#4404,(#74),'Granito cinza');
#4414=IFCCARTESIANPOINT((0.,0.,0.));
#4415=IFCDIRECTION((0.,0.,1.));
#4416=IFCDIRECTION((1.,0.,0.));
#4417=IFCAXIS2PLACEMENT3D(#4414,#4415,#4416);
#4418=IFCLOCALPLACEMENT(#35,#4417);
#4419=IFCCARTESIANPOINTLIST2D(((-0.035,2.),(0.035,2.),(0.035,4.),(-0.035,4.)));
#4420=IFCINDEXEDPOLYCURVE(#4419,(IFCLINEINDEX((1,2,3,4,1))),$);
#4421=IFCARBITRARYCLOSEDPROFILEDEF(.AREA.,$,#4420);
#4422=IFCCARTESIANPOINT((0.,0.,2.1500000000000004));
#4423=IFCDIRECTION((0.,0.,1.));
#4424=IFCDIRECTION((1.,0.,0.));
#4425=IFCAXIS2PLACEMENT3D(#4422,#4423,#4424);
#4426=IFCDIRECTION((0.,0.,1.));
#4427=IFCEXTRUDEDAREASOLID(#4421,#4425,#4426,0.04999999999999982);
#4428=IFCCARTESIANPOINTLIST2D(((-0.035,2.),(0.035,2.),(0.035,4.),(-0.035,4.)));
#4429=IFCINDEXEDPOLYCURVE(#4428,(IFCLINEINDEX((1,2,3,4,1))),$);
#4430=IFCARBITRARYCLOSEDPROFILEDEF(.AREA.,$,#4429);
#4431=IFCCARTESIANPOINT((0.,0.,1.));
#4432=IFCDIRECTION((0.,0.,1.));
#4433=IFCDIRECTION((1.,0.,0.));
#4434=IFCAXIS2PLACEMENT3D(#4431,#4432,#4433);
#4435=IFCDIRECTION((0.,0.,1.));
#4436=IFCEXTRUDEDAREASOLID(#4430,#4434,#4435,0.050000000000000044);
#4437=IFCCARTESIANPOINTLIST2D(((-0.035,2.),(0.035,2.),(0.035,2.05),(-0.035,2.05)));
#4438=IFCINDEXEDPOLYCURVE(#4437,(IFCLINEINDEX((1,2,3,4,1))),$);
#4439=IFCARBITRARYCLOSEDPROFILEDEF(.AREA.,$,#4438);
#4440=IFCCARTESIANPOINT((0.,0.,1.));
#4441=IFCDIRECTION((0.,0.,1.));
#4442=IFCDIRECTION((1.,0.,0.));
#4443=IFCAXIS2PLACEMENT3D(#4440,#4441,#4442);
#4444=IFCDIRECTION((0.,0.,1.));
#4445=IFCEXTRUDEDAREASOLID(#4439,#4443,#4444,1.2000000000000002);
#4446=IFCCARTESIANPOINTLIST2D(((-0.035,3.95),(0.035,3.95),(0.035,4.),(-0.035,4.)));
#4447=IFCINDEXEDPOLYCURVE(#4446,(IFCLINEINDEX((1,2,3,4,1))),$);
#4448=IFCARBITRARYCLOSEDPROFILEDEF(.AREA.,$,#4447);
#4449=IFCCARTESIANPOINT((0.,0.,1.));
#4450=IFCDIRECTION((0.,0.,1.));
#4451=IFCDIRECTION((1.,0.,0.));
#4452=IFCAXIS2PLACEMENT3D(#4449,#4450,#4451);
#4453=IFCDIRECTION((0.,0.,1.));
#4454=IFCEXTRUDEDAREASOLID(#4448,#4452,#4453,1.2000000000000002);
#4455=IFCCARTESIANPOINTLIST2D(((-0.035,2.975),(0.035,2.975),(0.035,3.025),(-0.035,3.025)));
#4456=IFCINDEXEDPOLYCURVE(#4455,(IFCLINEINDEX((1,2,3,4,1))),$);
#4457=IFCARBITRARYCLOSEDPROFILEDEF(.AREA.,$,#4456);
#4458=IFCCARTESIANPOINT((0.,0.,1.));
#4459=IFCDIRECTION((0.,0.,1.));
#4460=IFCDIRECTION((1.,0.,0.));
#4461=IFCAXIS2PLACEMENT3D(#4458,#4459,#4460);
#4462=IFCDIRECTION((0.,0.,1.));
#4463=IFCEXTRUDEDAREASOLID(#4457,#4461,#4462,1.2000000000000002);
#4464=IFCCOVERING('00052o001008000000003E',$,'Caixilho: janela lateral da sala',$,$,#4481,#4471,$,.MOLDING.);
#4470=IFCSHAPEREPRESENTATION(#12,'Body','SweptSolid',(#4427,#4436,#4445,#4454,#4463));
#4471=IFCPRODUCTDEFINITIONSHAPE($,$,(#4470));
#4472=IFCSTYLEDITEM(#4427,(#70),'Esquadria de alum\X2\00ED\X0\nio preto');
#4473=IFCSTYLEDITEM(#4436,(#70),'Esquadria de alum\X2\00ED\X0\nio preto');
#4474=IFCSTYLEDITEM(#4445,(#70),'Esquadria de alum\X2\00ED\X0\nio preto');
#4475=IFCSTYLEDITEM(#4454,(#70),'Esquadria de alum\X2\00ED\X0\nio preto');
#4476=IFCSTYLEDITEM(#4463,(#70),'Esquadria de alum\X2\00ED\X0\nio preto');
#4477=IFCCARTESIANPOINT((0.,0.,0.));
#4478=IFCDIRECTION((0.,0.,1.));
#4479=IFCDIRECTION((1.,0.,0.));
#4480=IFCAXIS2PLACEMENT3D(#4477,#4478,#4479);
#4481=IFCLOCALPLACEMENT(#35,#4480);
#4482=IFCCARTESIANPOINTLIST2D(((-0.11499999999999999,1.95),(0.,1.95),(0.,4.05),(-0.11499999999999999,4.05)));
#4483=IFCINDEXEDPOLYCURVE(#4482,(IFCLINEINDEX((1,2,3,4,1))),$);
#4484=IFCARBITRARYCLOSEDPROFILEDEF(.AREA.,$,#4483);
#4485=IFCCARTESIANPOINT((0.,0.,0.97));
#4486=IFCDIRECTION((0.,0.,1.));
#4487=IFCDIRECTION((1.,0.,0.));
#4488=IFCAXIS2PLACEMENT3D(#4485,#4486,#4487);
#4489=IFCDIRECTION((0.,0.,1.));
#4490=IFCEXTRUDEDAREASOLID(#4484,#4488,#4489,0.030000000000000027);
#4491=IFCCOVERING('00052o001008000000003F',$,'Peitoril: janela lateral da sala',$,$,#4504,#4498,$,.MOLDING.);
#4497=IFCSHAPEREPRESENTATION(#12,'Body','SweptSolid',(#4490));
#4498=IFCPRODUCTDEFINITIONSHAPE($,$,(#4497));
#4499=IFCSTYLEDITEM(#4490,(#74),'Granito cinza');
#4500=IFCCARTESIANPOINT((0.,0.,0.));
#4501=IFCDIRECTION((0.,0.,1.));
#4502=IFCDIRECTION((1.,0.,0.));
#4503=IFCAXIS2PLACEMENT3D(#4500,#4501,#4502);
#4504=IFCLOCALPLACEMENT(#35,#4503);
#4505=IFCCARTESIANPOINTLIST2D(((7.965,1.5),(8.035,1.5),(8.035,3.5),(7.965,3.5)));
#4506=IFCINDEXEDPOLYCURVE(#4505,(IFCLINEINDEX((1,2,3,4,1))),$);
#4507=IFCARBITRARYCLOSEDPROFILEDEF(.AREA.,$,#4506);
#4508=IFCCARTESIANPOINT((0.,0.,2.1500000000000004));
#4509=IFCDIRECTION((0.,0.,1.));
#4510=IFCDIRECTION((1.,0.,0.));
#4511=IFCAXIS2PLACEMENT3D(#4508,#4509,#4510);
#4512=IFCDIRECTION((0.,0.,1.));
#4513=IFCEXTRUDEDAREASOLID(#4507,#4511,#4512,0.04999999999999982);
#4514=IFCCARTESIANPOINTLIST2D(((7.965,1.5),(8.035,1.5),(8.035,3.5),(7.965,3.5)));
#4515=IFCINDEXEDPOLYCURVE(#4514,(IFCLINEINDEX((1,2,3,4,1))),$);
#4516=IFCARBITRARYCLOSEDPROFILEDEF(.AREA.,$,#4515);
#4517=IFCCARTESIANPOINT((0.,0.,1.));
#4518=IFCDIRECTION((0.,0.,1.));
#4519=IFCDIRECTION((1.,0.,0.));
#4520=IFCAXIS2PLACEMENT3D(#4517,#4518,#4519);
#4521=IFCDIRECTION((0.,0.,1.));
#4522=IFCEXTRUDEDAREASOLID(#4516,#4520,#4521,0.050000000000000044);
#4523=IFCCARTESIANPOINTLIST2D(((7.965,1.5),(8.035,1.5),(8.035,1.55),(7.965,1.55)));
#4524=IFCINDEXEDPOLYCURVE(#4523,(IFCLINEINDEX((1,2,3,4,1))),$);
#4525=IFCARBITRARYCLOSEDPROFILEDEF(.AREA.,$,#4524);
#4526=IFCCARTESIANPOINT((0.,0.,1.));
#4527=IFCDIRECTION((0.,0.,1.));
#4528=IFCDIRECTION((1.,0.,0.));
#4529=IFCAXIS2PLACEMENT3D(#4526,#4527,#4528);
#4530=IFCDIRECTION((0.,0.,1.));
#4531=IFCEXTRUDEDAREASOLID(#4525,#4529,#4530,1.2000000000000002);
#4532=IFCCARTESIANPOINTLIST2D(((7.965,3.45),(8.035,3.45),(8.035,3.5),(7.965,3.5)));
#4533=IFCINDEXEDPOLYCURVE(#4532,(IFCLINEINDEX((1,2,3,4,1))),$);
#4534=IFCARBITRARYCLOSEDPROFILEDEF(.AREA.,$,#4533);
#4535=IFCCARTESIANPOINT((0.,0.,1.));
#4536=IFCDIRECTION((0.,0.,1.));
#4537=IFCDIRECTION((1.,0.,0.));
#4538=IFCAXIS2PLACEMENT3D(#4535,#4536,#4537);
#4539=IFCDIRECTION((0.,0.,1.));
#4540=IFCEXTRUDEDAREASOLID(#4534,#4538,#4539,1.2000000000000002);
#4541=IFCCARTESIANPOINTLIST2D(((7.965,2.475),(8.035,2.475),(8.035,2.525),(7.965,2.525)));
#4542=IFCINDEXEDPOLYCURVE(#4541,(IFCLINEINDEX((1,2,3,4,1))),$);
#4543=IFCARBITRARYCLOSEDPROFILEDEF(.AREA.,$,#4542);
#4544=IFCCARTESIANPOINT((0.,0.,1.));
#4545=IFCDIRECTION((0.,0.,1.));
#4546=IFCDIRECTION((1.,0.,0.));
#4547=IFCAXIS2PLACEMENT3D(#4544,#4545,#4546);
#4548=IFCDIRECTION((0.,0.,1.));
#4549=IFCEXTRUDEDAREASOLID(#4543,#4547,#4548,1.2000000000000002);
#4550=IFCCOVERING('00052o001008000000003G',$,'Caixilho: janela leste da sala',$,$,#4567,#4557,$,.MOLDING.);
#4556=IFCSHAPEREPRESENTATION(#12,'Body','SweptSolid',(#4513,#4522,#4531,#4540,#4549));
#4557=IFCPRODUCTDEFINITIONSHAPE($,$,(#4556));
#4558=IFCSTYLEDITEM(#4513,(#70),'Esquadria de alum\X2\00ED\X0\nio preto');
#4559=IFCSTYLEDITEM(#4522,(#70),'Esquadria de alum\X2\00ED\X0\nio preto');
#4560=IFCSTYLEDITEM(#4531,(#70),'Esquadria de alum\X2\00ED\X0\nio preto');
#4561=IFCSTYLEDITEM(#4540,(#70),'Esquadria de alum\X2\00ED\X0\nio preto');
#4562=IFCSTYLEDITEM(#4549,(#70),'Esquadria de alum\X2\00ED\X0\nio preto');
#4563=IFCCARTESIANPOINT((0.,0.,0.));
#4564=IFCDIRECTION((0.,0.,1.));
#4565=IFCDIRECTION((1.,0.,0.));
#4566=IFCAXIS2PLACEMENT3D(#4563,#4564,#4565);
#4567=IFCLOCALPLACEMENT(#35,#4566);
#4568=IFCCARTESIANPOINTLIST2D(((8.,1.45),(8.115,1.45),(8.115,3.55),(8.,3.55)));
#4569=IFCINDEXEDPOLYCURVE(#4568,(IFCLINEINDEX((1,2,3,4,1))),$);
#4570=IFCARBITRARYCLOSEDPROFILEDEF(.AREA.,$,#4569);
#4571=IFCCARTESIANPOINT((0.,0.,0.97));
#4572=IFCDIRECTION((0.,0.,1.));
#4573=IFCDIRECTION((1.,0.,0.));
#4574=IFCAXIS2PLACEMENT3D(#4571,#4572,#4573);
#4575=IFCDIRECTION((0.,0.,1.));
#4576=IFCEXTRUDEDAREASOLID(#4570,#4574,#4575,0.030000000000000027);
#4577=IFCCOVERING('00052o001008000000003H',$,'Peitoril: janela leste da sala',$,$,#4590,#4584,$,.MOLDING.);
#4583=IFCSHAPEREPRESENTATION(#12,'Body','SweptSolid',(#4576));
#4584=IFCPRODUCTDEFINITIONSHAPE($,$,(#4583));
#4585=IFCSTYLEDITEM(#4576,(#74),'Granito cinza');
#4586=IFCCARTESIANPOINT((0.,0.,0.));
#4587=IFCDIRECTION((0.,0.,1.));
#4588=IFCDIRECTION((1.,0.,0.));
#4589=IFCAXIS2PLACEMENT3D(#4586,#4587,#4588);
#4590=IFCLOCALPLACEMENT(#35,#4589);
#4591=IFCCARTESIANPOINTLIST2D(((4.,11.925),(4.03,11.925),(4.03,12.075),(4.,12.075)));
#4592=IFCINDEXEDPOLYCURVE(#4591,(IFCLINEINDEX((1,2,3,4,1))),$);
#4593=IFCARBITRARYCLOSEDPROFILEDEF(.AREA.,$,#4592);
#4594=IFCCARTESIANPOINT((0.,0.,0.));
#4595=IFCDIRECTION((0.,0.,1.));
#4596=IFCDIRECTION((1.,0.,0.));
#4597=IFCAXIS2PLACEMENT3D(#4594,#4595,#4596);
#4598=IFCDIRECTION((0.,0.,1.));
#4599=IFCEXTRUDEDAREASOLID(#4593,#4597,#4598,2.1);
#4600=IFCCARTESIANPOINTLIST2D(((4.87,11.925),(4.9,11.925),(4.9,12.075),(4.87,12.075)));
#4601=IFCINDEXEDPOLYCURVE(#4600,(IFCLINEINDEX((1,2,3,4,1))),$);
#4602=IFCARBITRARYCLOSEDPROFILEDEF(.AREA.,$,#4601);
#4603=IFCCARTESIANPOINT((0.,0.,0.));
#4604=IFCDIRECTION((0.,0.,1.));
#4605=IFCDIRECTION((1.,0.,0.));
#4606=IFCAXIS2PLACEMENT3D(#4603,#4604,#4605);
#4607=IFCDIRECTION((0.,0.,1.));
#4608=IFCEXTRUDEDAREASOLID(#4602,#4606,#4607,2.1);
#4609=IFCCARTESIANPOINTLIST2D(((4.,11.925),(4.9,11.925),(4.9,12.075),(4.,12.075)));
#4610=IFCINDEXEDPOLYCURVE(#4609,(IFCLINEINDEX((1,2,3,4,1))),$);
#4611=IFCARBITRARYCLOSEDPROFILEDEF(.AREA.,$,#4610);
#4612=IFCCARTESIANPOINT((0.,0.,2.0700000000000003));
#4613=IFCDIRECTION((0.,0.,1.));
#4614=IFCDIRECTION((1.,0.,0.));
#4615=IFCAXIS2PLACEMENT3D(#4612,#4613,#4614);
#4616=IFCDIRECTION((0.,0.,1.));
#4617=IFCEXTRUDEDAREASOLID(#4611,#4615,#4616,0.029999999999999805);
#4618=IFCCARTESIANPOINTLIST2D(((3.93,11.91),(4.,11.91),(4.,11.925),(3.93,11.925)));
#4619=IFCINDEXEDPOLYCURVE(#4618,(IFCLINEINDEX((1,2,3,4,1))),$);
#4620=IFCARBITRARYCLOSEDPROFILEDEF(.AREA.,$,#4619);
#4621=IFCCARTESIANPOINT((0.,0.,0.));
#4622=IFCDIRECTION((0.,0.,1.));
#4623=IFCDIRECTION((1.,0.,0.));
#4624=IFCAXIS2PLACEMENT3D(#4621,#4622,#4623);
#4625=IFCDIRECTION((0.,0.,1.));
#4626=IFCEXTRUDEDAREASOLID(#4620,#4624,#4625,2.17);
#4627=IFCCARTESIANPOINTLIST2D(((4.9,11.91),(4.970000000000001,11.91),(4.970000000000001,11.925),(4.9,11.925)));
#4628=IFCINDEXEDPOLYCURVE(#4627,(IFCLINEINDEX((1,2,3,4,1))),$);
#4629=IFCARBITRARYCLOSEDPROFILEDEF(.AREA.,$,#4628);
#4630=IFCCARTESIANPOINT((0.,0.,0.));
#4631=IFCDIRECTION((0.,0.,1.));
#4632=IFCDIRECTION((1.,0.,0.));
#4633=IFCAXIS2PLACEMENT3D(#4630,#4631,#4632);
#4634=IFCDIRECTION((0.,0.,1.));
#4635=IFCEXTRUDEDAREASOLID(#4629,#4633,#4634,2.17);
#4636=IFCCARTESIANPOINTLIST2D(((3.93,11.91),(4.970000000000001,11.91),(4.970000000000001,11.925),(3.93,11.925)));
#4637=IFCINDEXEDPOLYCURVE(#4636,(IFCLINEINDEX((1,2,3,4,1))),$);
#4638=IFCARBITRARYCLOSEDPROFILEDEF(.AREA.,$,#4637);
#4639=IFCCARTESIANPOINT((0.,0.,2.1));
#4640=IFCDIRECTION((0.,0.,1.));
#4641=IFCDIRECTION((1.,0.,0.));
#4642=IFCAXIS2PLACEMENT3D(#4639,#4640,#4641);
#4643=IFCDIRECTION((0.,0.,1.));
#4644=IFCEXTRUDEDAREASOLID(#4638,#4642,#4643,0.06999999999999984);
#4645=IFCCARTESIANPOINTLIST2D(((3.93,12.075),(4.,12.075),(4.,12.09),(3.93,12.09)));
#4646=IFCINDEXEDPOLYCURVE(#4645,(IFCLINEINDEX((1,2,3,4,1))),$);
#4647=IFCARBITRARYCLOSEDPROFILEDEF(.AREA.,$,#4646);
#4648=IFCCARTESIANPOINT((0.,0.,0.));
#4649=IFCDIRECTION((0.,0.,1.));
#4650=IFCDIRECTION((1.,0.,0.));
#4651=IFCAXIS2PLACEMENT3D(#4648,#4649,#4650);
#4652=IFCDIRECTION((0.,0.,1.));
#4653=IFCEXTRUDEDAREASOLID(#4647,#4651,#4652,2.17);
#4654=IFCCARTESIANPOINTLIST2D(((4.9,12.075),(4.970000000000001,12.075),(4.970000000000001,12.09),(4.9,12.09)));
#4655=IFCINDEXEDPOLYCURVE(#4654,(IFCLINEINDEX((1,2,3,4,1))),$);
#4656=IFCARBITRARYCLOSEDPROFILEDEF(.AREA.,$,#4655);
#4657=IFCCARTESIANPOINT((0.,0.,0.));
#4658=IFCDIRECTION((0.,0.,1.));
#4659=IFCDIRECTION((1.,0.,0.));
#4660=IFCAXIS2PLACEMENT3D(#4657,#4658,#4659);
#4661=IFCDIRECTION((0.,0.,1.));
#4662=IFCEXTRUDEDAREASOLID(#4656,#4660,#4661,2.17);
#4663=IFCCARTESIANPOINTLIST2D(((3.93,12.075),(4.970000000000001,12.075),(4.970000000000001,12.09),(3.93,12.09)));
#4664=IFCINDEXEDPOLYCURVE(#4663,(IFCLINEINDEX((1,2,3,4,1))),$);
#4665=IFCARBITRARYCLOSEDPROFILEDEF(.AREA.,$,#4664);
#4666=IFCCARTESIANPOINT((0.,0.,2.1));
#4667=IFCDIRECTION((0.,0.,1.));
#4668=IFCDIRECTION((1.,0.,0.));
#4669=IFCAXIS2PLACEMENT3D(#4666,#4667,#4668);
#4670=IFCDIRECTION((0.,0.,1.));
#4671=IFCEXTRUDEDAREASOLID(#4665,#4669,#4670,0.06999999999999984);
#4672=IFCCOVERING('00052o001008000000003I',$,'Guarni\X2\00E700E3\X0\o: porta da cozinha',$,$,#4693,#4679,$,.MOLDING.);
#4678=IFCSHAPEREPRESENTATION(#12,'Body','SweptSolid',(#4599,#4608,#4617,#4626,#4635,#4644,#4653,#4662,#4671));
#4679=IFCPRODUCTDEFINITIONSHAPE($,$,(#4678));
#4680=IFCSTYLEDITEM(#4599,(#58),'Madeira');
#4681=IFCSTYLEDITEM(#4608,(#58),'Madeira');
#4682=IFCSTYLEDITEM(#4617,(#58),'Madeira');
#4683=IFCSTYLEDITEM(#4626,(#58),'Madeira');
#4684=IFCSTYLEDITEM(#4635,(#58),'Madeira');
#4685=IFCSTYLEDITEM(#4644,(#58),'Madeira');
#4686=IFCSTYLEDITEM(#4653,(#58),'Madeira');
#4687=IFCSTYLEDITEM(#4662,(#58),'Madeira');
#4688=IFCSTYLEDITEM(#4671,(#58),'Madeira');
#4689=IFCCARTESIANPOINT((0.,0.,0.));
#4690=IFCDIRECTION((0.,0.,1.));
#4691=IFCDIRECTION((1.,0.,0.));
#4692=IFCAXIS2PLACEMENT3D(#4689,#4690,#4691);
#4693=IFCLOCALPLACEMENT(#35,#4692);
#4694=IFCCARTESIANPOINTLIST2D(((4.,11.925),(4.9,11.925),(4.9,12.075),(4.,12.075)));
#4695=IFCINDEXEDPOLYCURVE(#4694,(IFCLINEINDEX((1,2,3,4,1))),$);
#4696=IFCARBITRARYCLOSEDPROFILEDEF(.AREA.,$,#4695);
#4697=IFCCARTESIANPOINT((0.,0.,0.));
#4698=IFCDIRECTION((0.,0.,1.));
#4699=IFCDIRECTION((1.,0.,0.));
#4700=IFCAXIS2PLACEMENT3D(#4697,#4698,#4699);
#4701=IFCDIRECTION((0.,0.,1.));
#4702=IFCEXTRUDEDAREASOLID(#4696,#4700,#4701,0.02);
#4703=IFCCOVERING('00052o001008000000003J',$,'Soleira: porta da cozinha',$,$,#4716,#4710,$,.MOLDING.);
#4709=IFCSHAPEREPRESENTATION(#12,'Body','SweptSolid',(#4702));
#4710=IFCPRODUCTDEFINITIONSHAPE($,$,(#4709));
#4711=IFCSTYLEDITEM(#4702,(#74),'Granito cinza');
#4712=IFCCARTESIANPOINT((0.,0.,0.));
#4713=IFCDIRECTION((0.,0.,1.));
#4714=IFCDIRECTION((1.,0.,0.));
#4715=IFCAXIS2PLACEMENT3D(#4712,#4713,#4714);
#4716=IFCLOCALPLACEMENT(#35,#4715);
#4717=IFCCARTESIANPOINTLIST2D(((1.,11.965),(3.,11.965),(3.,12.035),(1.,12.035)));
#4718=IFCINDEXEDPOLYCURVE(#4717,(IFCLINEINDEX((1,2,3,4,1))),$);
#4719=IFCARBITRARYCLOSEDPROFILEDEF(.AREA.,$,#4718);
#4720=IFCCARTESIANPOINT((0.,0.,2.0500000000000003));
#4721=IFCDIRECTION((0.,0.,1.));
#4722=IFCDIRECTION((1.,0.,0.));
#4723=IFCAXIS2PLACEMENT3D(#4720,#4721,#4722);
#4724=IFCDIRECTION((0.,0.,1.));
#4725=IFCEXTRUDEDAREASOLID(#4719,#4723,#4724,0.04999999999999982);
#4726=IFCCARTESIANPOINTLIST2D(((1.,11.965),(3.,11.965),(3.,12.035),(1.,12.035)));
#4727=IFCINDEXEDPOLYCURVE(#4726,(IFCLINEINDEX((1,2,3,4,1))),$);
#4728=IFCARBITRARYCLOSEDPROFILEDEF(.AREA.,$,#4727);
#4729=IFCCARTESIANPOINT((0.,0.,1.1));
#4730=IFCDIRECTION((0.,0.,1.));
#4731=IFCDIRECTION((1.,0.,0.));
#4732=IFCAXIS2PLACEMENT3D(#4729,#4730,#4731);
#4733=IFCDIRECTION((0.,0.,1.));
#4734=IFCEXTRUDEDAREASOLID(#4728,#4732,#4733,0.050000000000000044);
#4735=IFCCARTESIANPOINTLIST2D(((1.,11.965),(1.05,11.965),(1.05,12.035),(1.,12.035)));
#4736=IFCINDEXEDPOLYCURVE(#4735,(IFCLINEINDEX((1,2,3,4,1))),$);
#4737=IFCARBITRARYCLOSEDPROFILEDEF(.AREA.,$,#4736);
#4738=IFCCARTESIANPOINT((0.,0.,1.1));
#4739=IFCDIRECTION((0.,0.,1.));
#4740=IFCDIRECTION((1.,0.,0.));
#4741=IFCAXIS2PLACEMENT3D(#4738,#4739,#4740);
#4742=IFCDIRECTION((0.,0.,1.));
#4743=IFCEXTRUDEDAREASOLID(#4737,#4741,#4742,1.);
#4744=IFCCARTESIANPOINTLIST2D(((2.95,11.965),(3.,11.965),(3.,12.035),(2.95,12.035)));
#4745=IFCINDEXEDPOLYCURVE(#4744,(IFCLINEINDEX((1,2,3,4,1))),$);
#4746=IFCARBITRARYCLOSEDPROFILEDEF(.AREA.,$,#4745);
#4747=IFCCARTESIANPOINT((0.,0.,1.1));
#4748=IFCDIRECTION((0.,0.,1.));
#4749=IFCDIRECTION((1.,0.,0.));
#4750=IFCAXIS2PLACEMENT3D(#4747,#4748,#4749);
#4751=IFCDIRECTION((0.,0.,1.));
#4752=IFCEXTRUDEDAREASOLID(#4746,#4750,#4751,1.);
#4753=IFCCARTESIANPOINTLIST2D(((1.975,11.965),(2.025,11.965),(2.025,12.035),(1.975,12.035)));
#4754=IFCINDEXEDPOLYCURVE(#4753,(IFCLINEINDEX((1,2,3,4,1))),$);
#4755=IFCARBITRARYCLOSEDPROFILEDEF(.AREA.,$,#4754);
#4756=IFCCARTESIANPOINT((0.,0.,1.1));
#4757=IFCDIRECTION((0.,0.,1.));
#4758=IFCDIRECTION((1.,0.,0.));
#4759=IFCAXIS2PLACEMENT3D(#4756,#4757,#4758);
#4760=IFCDIRECTION((0.,0.,1.));
#4761=IFCEXTRUDEDAREASOLID(#4755,#4759,#4760,1.);
#4762=IFCCOVERING('00052o001008000000003K',$,'Caixilho: janela da cozinha',$,$,#4779,#4769,$,.MOLDING.);
#4768=IFCSHAPEREPRESENTATION(#12,'Body','SweptSolid',(#4725,#4734,#4743,#4752,#4761));
#4769=IFCPRODUCTDEFINITIONSHAPE($,$,(#4768));
#4770=IFCSTYLEDITEM(#4725,(#70),'Esquadria de alum\X2\00ED\X0\nio preto');
#4771=IFCSTYLEDITEM(#4734,(#70),'Esquadria de alum\X2\00ED\X0\nio preto');
#4772=IFCSTYLEDITEM(#4743,(#70),'Esquadria de alum\X2\00ED\X0\nio preto');
#4773=IFCSTYLEDITEM(#4752,(#70),'Esquadria de alum\X2\00ED\X0\nio preto');
#4774=IFCSTYLEDITEM(#4761,(#70),'Esquadria de alum\X2\00ED\X0\nio preto');
#4775=IFCCARTESIANPOINT((0.,0.,0.));
#4776=IFCDIRECTION((0.,0.,1.));
#4777=IFCDIRECTION((1.,0.,0.));
#4778=IFCAXIS2PLACEMENT3D(#4775,#4776,#4777);
#4779=IFCLOCALPLACEMENT(#35,#4778);
#4780=IFCCARTESIANPOINTLIST2D(((0.95,12.),(3.05,12.),(3.05,12.115),(0.95,12.115)));
#4781=IFCINDEXEDPOLYCURVE(#4780,(IFCLINEINDEX((1,2,3,4,1))),$);
#4782=IFCARBITRARYCLOSEDPROFILEDEF(.AREA.,$,#4781);
#4783=IFCCARTESIANPOINT((0.,0.,1.07));
#4784=IFCDIRECTION((0.,0.,1.));
#4785=IFCDIRECTION((1.,0.,0.));
#4786=IFCAXIS2PLACEMENT3D(#4783,#4784,#4785);
#4787=IFCDIRECTION((0.,0.,1.));
#4788=IFCEXTRUDEDAREASOLID(#4782,#4786,#4787,0.030000000000000027);
#4789=IFCCOVERING('00052o001008000000003L',$,'Peitoril: janela da cozinha',$,$,#4802,#4796,$,.MOLDING.);
#4795=IFCSHAPEREPRESENTATION(#12,'Body','SweptSolid',(#4788));
#4796=IFCPRODUCTDEFINITIONSHAPE($,$,(#4795));
#4797=IFCSTYLEDITEM(#4788,(#74),'Granito cinza');
#4798=IFCCARTESIANPOINT((0.,0.,0.));
#4799=IFCDIRECTION((0.,0.,1.));
#4800=IFCDIRECTION((1.,0.,0.));
#4801=IFCAXIS2PLACEMENT3D(#4798,#4799,#4800);
#4802=IFCLOCALPLACEMENT(#35,#4801);
#4803=IFCCARTESIANPOINTLIST2D(((-0.035,9.),(0.035,9.),(0.035,10.5),(-0.035,10.5)));
#4804=IFCINDEXEDPOLYCURVE(#4803,(IFCLINEINDEX((1,2,3,4,1))),$);
#4805=IFCARBITRARYCLOSEDPROFILEDEF(.AREA.,$,#4804);
#4806=IFCCARTESIANPOINT((0.,0.,2.0500000000000003));
#4807=IFCDIRECTION((0.,0.,1.));
#4808=IFCDIRECTION((1.,0.,0.));
#4809=IFCAXIS2PLACEMENT3D(#4806,#4807,#4808);
#4810=IFCDIRECTION((0.,0.,1.));
#4811=IFCEXTRUDEDAREASOLID(#4805,#4809,#4810,0.04999999999999982);
#4812=IFCCARTESIANPOINTLIST2D(((-0.035,9.),(0.035,9.),(0.035,10.5),(-0.035,10.5)));
#4813=IFCINDEXEDPOLYCURVE(#4812,(IFCLINEINDEX((1,2,3,4,1))),$);
#4814=IFCARBITRARYCLOSEDPROFILEDEF(.AREA.,$,#4813);
#4815=IFCCARTESIANPOINT((0.,0.,1.1));
#4816=IFCDIRECTION((0.,0.,1.));
#4817=IFCDIRECTION((1.,0.,0.));
#4818=IFCAXIS2PLACEMENT3D(#4815,#4816,#4817);
#4819=IFCDIRECTION((0.,0.,1.));
#4820=IFCEXTRUDEDAREASOLID(#4814,#4818,#4819,0.050000000000000044);
#4821=IFCCARTESIANPOINTLIST2D(((-0.035,9.),(0.035,9.),(0.035,9.05),(-0.035,9.05)));
#4822=IFCINDEXEDPOLYCURVE(#4821,(IFCLINEINDEX((1,2,3,4,1))),$);
#4823=IFCARBITRARYCLOSEDPROFILEDEF(.AREA.,$,#4822);
#4824=IFCCARTESIANPOINT((0.,0.,1.1));
#4825=IFCDIRECTION((0.,0.,1.));
#4826=IFCDIRECTION((1.,0.,0.));
#4827=IFCAXIS2PLACEMENT3D(#4824,#4825,#4826);
#4828=IFCDIRECTION((0.,0.,1.));
#4829=IFCEXTRUDEDAREASOLID(#4823,#4827,#4828,1.);
#4830=IFCCARTESIANPOINTLIST2D(((-0.035,10.45),(0.035,10.45),(0.035,10.5),(-0.035,10.5)));
#4831=IFCINDEXEDPOLYCURVE(#4830,(IFCLINEINDEX((1,2,3,4,1))),$);
#4832=IFCARBITRARYCLOSEDPROFILEDEF(.AREA.,$,#4831);
#4833=IFCCARTESIANPOINT((0.,0.,1.1));
#4834=IFCDIRECTION((0.,0.,1.));
#4835=IFCDIRECTION((1.,0.,0.));
#4836=IFCAXIS2PLACEMENT3D(#4833,#4834,#4835);
#4837=IFCDIRECTION((0.,0.,1.));
#4838=IFCEXTRUDEDAREASOLID(#4832,#4836,#4837,1.);
#4839=IFCCARTESIANPOINTLIST2D(((-0.035,9.725),(0.035,9.725),(0.035,9.775),(-0.035,9.775)));
#4840=IFCINDEXEDPOLYCURVE(#4839,(IFCLINEINDEX((1,2,3,4,1))),$);
#4841=IFCARBITRARYCLOSEDPROFILEDEF(.AREA.,$,#4840);
#4842=IFCCARTESIANPOINT((0.,0.,1.1));
#4843=IFCDIRECTION((0.,0.,1.));
#4844=IFCDIRECTION((1.,0.,0.));
#4845=IFCAXIS2PLACEMENT3D(#4842,#4843,#4844);
#4846=IFCDIRECTION((0.,0.,1.));
#4847=IFCEXTRUDEDAREASOLID(#4841,#4845,#4846,1.);
#4848=IFCCOVERING('00052o001008000000003M',$,'Caixilho: janela lateral da cozinha',$,$,#4865,#4855,$,.MOLDING.);
#4854=IFCSHAPEREPRESENTATION(#12,'Body','SweptSolid',(#4811,#4820,#4829,#4838,#4847));
#4855=IFCPRODUCTDEFINITIONSHAPE($,$,(#4854));
#4856=IFCSTYLEDITEM(#4811,(#70),'Esquadria de alum\X2\00ED\X0\nio preto');
#4857=IFCSTYLEDITEM(#4820,(#70),'Esquadria de alum\X2\00ED\X0\nio preto');
#4858=IFCSTYLEDITEM(#4829,(#70),'Esquadria de alum\X2\00ED\X0\nio preto');
#4859=IFCSTYLEDITEM(#4838,(#70),'Esquadria de alum\X2\00ED\X0\nio preto');
#4860=IFCSTYLEDITEM(#4847,(#70),'Esquadria de alum\X2\00ED\X0\nio preto');
#4861=IFCCARTESIANPOINT((0.,0.,0.));
#4862=IFCDIRECTION((0.,0.,1.));
#4863=IFCDIRECTION((1.,0.,0.));
#4864=IFCAXIS2PLACEMENT3D(#4861,#4862,#4863);
#4865=IFCLOCALPLACEMENT(#35,#4864);
#4866=IFCCARTESIANPOINTLIST2D(((-0.11499999999999999,8.95),(0.,8.95),(0.,10.55),(-0.11499999999999999,10.55)));
#4867=IFCINDEXEDPOLYCURVE(#4866,(IFCLINEINDEX((1,2,3,4,1))),$);
#4868=IFCARBITRARYCLOSEDPROFILEDEF(.AREA.,$,#4867);
#4869=IFCCARTESIANPOINT((0.,0.,1.07));
#4870=IFCDIRECTION((0.,0.,1.));
#4871=IFCDIRECTION((1.,0.,0.));
#4872=IFCAXIS2PLACEMENT3D(#4869,#4870,#4871);
#4873=IFCDIRECTION((0.,0.,1.));
#4874=IFCEXTRUDEDAREASOLID(#4868,#4872,#4873,0.030000000000000027);
#4875=IFCCOVERING('00052o001008000000003N',$,'Peitoril: janela lateral da cozinha',$,$,#4888,#4882,$,.MOLDING.);
#4881=IFCSHAPEREPRESENTATION(#12,'Body','SweptSolid',(#4874));
#4882=IFCPRODUCTDEFINITIONSHAPE($,$,(#4881));
#4883=IFCSTYLEDITEM(#4874,(#74),'Granito cinza');
#4884=IFCCARTESIANPOINT((0.,0.,0.));
#4885=IFCDIRECTION((0.,0.,1.));
#4886=IFCDIRECTION((1.,0.,0.));
#4887=IFCAXIS2PLACEMENT3D(#4884,#4885,#4886);
#4888=IFCLOCALPLACEMENT(#35,#4887);
#4889=IFCCARTESIANPOINTLIST2D(((1.,-0.035),(3.,-0.035),(3.,0.035),(1.,0.035)));
#4890=IFCINDEXEDPOLYCURVE(#4889,(IFCLINEINDEX((1,2,3,4,1))),$);
#4891=IFCARBITRARYCLOSEDPROFILEDEF(.AREA.,$,#4890);
#4892=IFCCARTESIANPOINT((0.,0.,5.15));
#4893=IFCDIRECTION((0.,0.,1.));
#4894=IFCDIRECTION((1.,0.,0.));
#4895=IFCAXIS2PLACEMENT3D(#4892,#4893,#4894);
#4896=IFCDIRECTION((0.,0.,1.));
#4897=IFCEXTRUDEDAREASOLID(#4891,#4895,#4896,0.04999999999999982);
#4898=IFCCARTESIANPOINTLIST2D(((1.,-0.035),(3.,-0.035),(3.,0.035),(1.,0.035)));
#4899=IFCINDEXEDPOLYCURVE(#4898,(IFCLINEINDEX((1,2,3,4,1))),$);
#4900=IFCARBITRARYCLOSEDPROFILEDEF(.AREA.,$,#4899);
#4901=IFCCARTESIANPOINT((0.,0.,4.));
#4902=IFCDIRECTION((0.,0.,1.));
#4903=IFCDIRECTION((1.,0.,0.));
#4904=IFCAXIS2PLACEMENT3D(#4901,#4902,#4903);
#4905=IFCDIRECTION((0.,0.,1.));
#4906=IFCEXTRUDEDAREASOLID(#4900,#4904,#4905,0.04999999999999982);
#4907=IFCCARTESIANPOINTLIST2D(((1.,-0.035),(1.05,-0.035),(1.05,0.035),(1.,0.035)));
#4908=IFCINDEXEDPOLYCURVE(#4907,(IFCLINEINDEX((1,2,3,4,1))),$);
#4909=IFCARBITRARYCLOSEDPROFILEDEF(.AREA.,$,#4908);
#4910=IFCCARTESIANPOINT((0.,0.,4.));
#4911=IFCDIRECTION((0.,0.,1.));
#4912=IFCDIRECTION((1.,0.,0.));
#4913=IFCAXIS2PLACEMENT3D(#4910,#4911,#4912);
#4914=IFCDIRECTION((0.,0.,1.));
#4915=IFCEXTRUDEDAREASOLID(#4909,#4913,#4914,1.2000000000000002);
#4916=IFCCARTESIANPOINTLIST2D(((2.95,-0.035),(3.,-0.035),(3.,0.035),(2.95,0.035)));
#4917=IFCINDEXEDPOLYCURVE(#4916,(IFCLINEINDEX((1,2,3,4,1))),$);
#4918=IFCARBITRARYCLOSEDPROFILEDEF(.AREA.,$,#4917);
#4919=IFCCARTESIANPOINT((0.,0.,4.));
#4920=IFCDIRECTION((0.,0.,1.));
#4921=IFCDIRECTION((1.,0.,0.));
#4922=IFCAXIS2PLACEMENT3D(#4919,#4920,#4921);
#4923=IFCDIRECTION((0.,0.,1.));
#4924=IFCEXTRUDEDAREASOLID(#4918,#4922,#4923,1.2000000000000002);
#4925=IFCCARTESIANPOINTLIST2D(((1.975,-0.035),(2.025,-0.035),(2.025,0.035),(1.975,0.035)));
#4926=IFCINDEXEDPOLYCURVE(#4925,(IFCLINEINDEX((1,2,3,4,1))),$);
#4927=IFCARBITRARYCLOSEDPROFILEDEF(.AREA.,$,#4926);
#4928=IFCCARTESIANPOINT((0.,0.,4.));
#4929=IFCDIRECTION((0.,0.,1.));
#4930=IFCDIRECTION((1.,0.,0.));
#4931=IFCAXIS2PLACEMENT3D(#4928,#4929,#4930);
#4932=IFCDIRECTION((0.,0.,1.));
#4933=IFCEXTRUDEDAREASOLID(#4927,#4931,#4932,1.2000000000000002);
#4934=IFCCOVERING('00052o001008000000003O',$,'Caixilho: janela do quarto 1',$,$,#4951,#4941,$,.MOLDING.);
#4940=IFCSHAPEREPRESENTATION(#12,'Body','SweptSolid',(#4897,#4906,#4915,#4924,#4933));
#4941=IFCPRODUCTDEFINITIONSHAPE($,$,(#4940));
#4942=IFCSTYLEDITEM(#4897,(#70),'Esquadria de alum\X2\00ED\X0\nio preto');
#4943=IFCSTYLEDITEM(#4906,(#70),'Esquadria de alum\X2\00ED\X0\nio preto');
#4944=IFCSTYLEDITEM(#4915,(#70),'Esquadria de alum\X2\00ED\X0\nio preto');
#4945=IFCSTYLEDITEM(#4924,(#70),'Esquadria de alum\X2\00ED\X0\nio preto');
#4946=IFCSTYLEDITEM(#4933,(#70),'Esquadria de alum\X2\00ED\X0\nio preto');
#4947=IFCCARTESIANPOINT((0.,0.,0.));
#4948=IFCDIRECTION((0.,0.,1.));
#4949=IFCDIRECTION((1.,0.,0.));
#4950=IFCAXIS2PLACEMENT3D(#4947,#4948,#4949);
#4951=IFCLOCALPLACEMENT(#40,#4950);
#4952=IFCCARTESIANPOINTLIST2D(((0.95,-0.11499999999999999),(3.05,-0.11499999999999999),(3.05,0.),(0.95,0.)));
#4953=IFCINDEXEDPOLYCURVE(#4952,(IFCLINEINDEX((1,2,3,4,1))),$);
#4954=IFCARBITRARYCLOSEDPROFILEDEF(.AREA.,$,#4953);
#4955=IFCCARTESIANPOINT((0.,0.,3.97));
#4956=IFCDIRECTION((0.,0.,1.));
#4957=IFCDIRECTION((1.,0.,0.));
#4958=IFCAXIS2PLACEMENT3D(#4955,#4956,#4957);
#4959=IFCDIRECTION((0.,0.,1.));
#4960=IFCEXTRUDEDAREASOLID(#4954,#4958,#4959,0.029999999999999805);
#4961=IFCCOVERING('00052o001008000000003P',$,'Peitoril: janela do quarto 1',$,$,#4974,#4968,$,.MOLDING.);
#4967=IFCSHAPEREPRESENTATION(#12,'Body','SweptSolid',(#4960));
#4968=IFCPRODUCTDEFINITIONSHAPE($,$,(#4967));
#4969=IFCSTYLEDITEM(#4960,(#74),'Granito cinza');
#4970=IFCCARTESIANPOINT((0.,0.,0.));
#4971=IFCDIRECTION((0.,0.,1.));
#4972=IFCDIRECTION((1.,0.,0.));
#4973=IFCAXIS2PLACEMENT3D(#4970,#4971,#4972);
#4974=IFCLOCALPLACEMENT(#40,#4973);
#4975=IFCCARTESIANPOINTLIST2D(((5.,-0.035),(7.,-0.035),(7.,0.035),(5.,0.035)));
#4976=IFCINDEXEDPOLYCURVE(#4975,(IFCLINEINDEX((1,2,3,4,1))),$);
#4977=IFCARBITRARYCLOSEDPROFILEDEF(.AREA.,$,#4976);
#4978=IFCCARTESIANPOINT((0.,0.,5.15));
#4979=IFCDIRECTION((0.,0.,1.));
#4980=IFCDIRECTION((1.,0.,0.));
#4981=IFCAXIS2PLACEMENT3D(#4978,#4979,#4980);
#4982=IFCDIRECTION((0.,0.,1.));
#4983=IFCEXTRUDEDAREASOLID(#4977,#4981,#4982,0.04999999999999982);
#4984=IFCCARTESIANPOINTLIST2D(((5.,-0.035),(7.,-0.035),(7.,0.035),(5.,0.035)));
#4985=IFCINDEXEDPOLYCURVE(#4984,(IFCLINEINDEX((1,2,3,4,1))),$);
#4986=IFCARBITRARYCLOSEDPROFILEDEF(.AREA.,$,#4985);
#4987=IFCCARTESIANPOINT((0.,0.,4.));
#4988=IFCDIRECTION((0.,0.,1.));
#4989=IFCDIRECTION((1.,0.,0.));
#4990=IFCAXIS2PLACEMENT3D(#4987,#4988,#4989);
#4991=IFCDIRECTION((0.,0.,1.));
#4992=IFCEXTRUDEDAREASOLID(#4986,#4990,#4991,0.04999999999999982);
#4993=IFCCARTESIANPOINTLIST2D(((5.,-0.035),(5.05,-0.035),(5.05,0.035),(5.,0.035)));
#4994=IFCINDEXEDPOLYCURVE(#4993,(IFCLINEINDEX((1,2,3,4,1))),$);
#4995=IFCARBITRARYCLOSEDPROFILEDEF(.AREA.,$,#4994);
#4996=IFCCARTESIANPOINT((0.,0.,4.));
#4997=IFCDIRECTION((0.,0.,1.));
#4998=IFCDIRECTION((1.,0.,0.));
#4999=IFCAXIS2PLACEMENT3D(#4996,#4997,#4998);
#5000=IFCDIRECTION((0.,0.,1.));
#5001=IFCEXTRUDEDAREASOLID(#4995,#4999,#5000,1.2000000000000002);
#5002=IFCCARTESIANPOINTLIST2D(((6.95,-0.035),(7.,-0.035),(7.,0.035),(6.95,0.035)));
#5003=IFCINDEXEDPOLYCURVE(#5002,(IFCLINEINDEX((1,2,3,4,1))),$);
#5004=IFCARBITRARYCLOSEDPROFILEDEF(.AREA.,$,#5003);
#5005=IFCCARTESIANPOINT((0.,0.,4.));
#5006=IFCDIRECTION((0.,0.,1.));
#5007=IFCDIRECTION((1.,0.,0.));
#5008=IFCAXIS2PLACEMENT3D(#5005,#5006,#5007);
#5009=IFCDIRECTION((0.,0.,1.));
#5010=IFCEXTRUDEDAREASOLID(#5004,#5008,#5009,1.2000000000000002);
#5011=IFCCARTESIANPOINTLIST2D(((5.975,-0.035),(6.025,-0.035),(6.025,0.035),(5.975,0.035)));
#5012=IFCINDEXEDPOLYCURVE(#5011,(IFCLINEINDEX((1,2,3,4,1))),$);
#5013=IFCARBITRARYCLOSEDPROFILEDEF(.AREA.,$,#5012);
#5014=IFCCARTESIANPOINT((0.,0.,4.));
#5015=IFCDIRECTION((0.,0.,1.));
#5016=IFCDIRECTION((1.,0.,0.));
#5017=IFCAXIS2PLACEMENT3D(#5014,#5015,#5016);
#5018=IFCDIRECTION((0.,0.,1.));
#5019=IFCEXTRUDEDAREASOLID(#5013,#5017,#5018,1.2000000000000002);
#5020=IFCCOVERING('00052o001008000000003Q',$,'Caixilho: janela do quarto 2',$,$,#5037,#5027,$,.MOLDING.);
#5026=IFCSHAPEREPRESENTATION(#12,'Body','SweptSolid',(#4983,#4992,#5001,#5010,#5019));
#5027=IFCPRODUCTDEFINITIONSHAPE($,$,(#5026));
#5028=IFCSTYLEDITEM(#4983,(#70),'Esquadria de alum\X2\00ED\X0\nio preto');
#5029=IFCSTYLEDITEM(#4992,(#70),'Esquadria de alum\X2\00ED\X0\nio preto');
#5030=IFCSTYLEDITEM(#5001,(#70),'Esquadria de alum\X2\00ED\X0\nio preto');
#5031=IFCSTYLEDITEM(#5010,(#70),'Esquadria de alum\X2\00ED\X0\nio preto');
#5032=IFCSTYLEDITEM(#5019,(#70),'Esquadria de alum\X2\00ED\X0\nio preto');
#5033=IFCCARTESIANPOINT((0.,0.,0.));
#5034=IFCDIRECTION((0.,0.,1.));
#5035=IFCDIRECTION((1.,0.,0.));
#5036=IFCAXIS2PLACEMENT3D(#5033,#5034,#5035);
#5037=IFCLOCALPLACEMENT(#40,#5036);
#5038=IFCCARTESIANPOINTLIST2D(((4.95,-0.11499999999999999),(7.05,-0.11499999999999999),(7.05,0.),(4.95,0.)));
#5039=IFCINDEXEDPOLYCURVE(#5038,(IFCLINEINDEX((1,2,3,4,1))),$);
#5040=IFCARBITRARYCLOSEDPROFILEDEF(.AREA.,$,#5039);
#5041=IFCCARTESIANPOINT((0.,0.,3.97));
#5042=IFCDIRECTION((0.,0.,1.));
#5043=IFCDIRECTION((1.,0.,0.));
#5044=IFCAXIS2PLACEMENT3D(#5041,#5042,#5043);
#5045=IFCDIRECTION((0.,0.,1.));
#5046=IFCEXTRUDEDAREASOLID(#5040,#5044,#5045,0.029999999999999805);
#5047=IFCCOVERING('00052o001008000000003R',$,'Peitoril: janela do quarto 2',$,$,#5060,#5054,$,.MOLDING.);
#5053=IFCSHAPEREPRESENTATION(#12,'Body','SweptSolid',(#5046));
#5054=IFCPRODUCTDEFINITIONSHAPE($,$,(#5053));
#5055=IFCSTYLEDITEM(#5046,(#74),'Granito cinza');
#5056=IFCCARTESIANPOINT((0.,0.,0.));
#5057=IFCDIRECTION((0.,0.,1.));
#5058=IFCDIRECTION((1.,0.,0.));
#5059=IFCAXIS2PLACEMENT3D(#5056,#5057,#5058);
#5060=IFCLOCALPLACEMENT(#40,#5059);
#5061=IFCCARTESIANPOINTLIST2D(((1.,11.965),(2.,11.965),(2.,12.035),(1.,12.035)));
#5062=IFCINDEXEDPOLYCURVE(#5061,(IFCLINEINDEX((1,2,3,4,1))),$);
#5063=IFCARBITRARYCLOSEDPROFILEDEF(.AREA.,$,#5062);
#5064=IFCCARTESIANPOINT((0.,0.,5.1499999999999995));
#5065=IFCDIRECTION((0.,0.,1.));
#5066=IFCDIRECTION((1.,0.,0.));
#5067=IFCAXIS2PLACEMENT3D(#5064,#5065,#5066);
#5068=IFCDIRECTION((0.,0.,1.));
#5069=IFCEXTRUDEDAREASOLID(#5063,#5067,#5068,0.04999999999999982);
#5070=IFCCARTESIANPOINTLIST2D(((1.,11.965),(2.,11.965),(2.,12.035),(1.,12.035)));
#5071=IFCINDEXEDPOLYCURVE(#5070,(IFCLINEINDEX((1,2,3,4,1))),$);
#5072=IFCARBITRARYCLOSEDPROFILEDEF(.AREA.,$,#5071);
#5073=IFCCARTESIANPOINT((0.,0.,4.6));
#5074=IFCDIRECTION((0.,0.,1.));
#5075=IFCDIRECTION((1.,0.,0.));
#5076=IFCAXIS2PLACEMENT3D(#5073,#5074,#5075);
#5077=IFCDIRECTION((0.,0.,1.));
#5078=IFCEXTRUDEDAREASOLID(#5072,#5076,#5077,0.04999999999999982);
#5079=IFCCARTESIANPOINTLIST2D(((1.,11.965),(1.05,11.965),(1.05,12.035),(1.,12.035)));
#5080=IFCINDEXEDPOLYCURVE(#5079,(IFCLINEINDEX((1,2,3,4,1))),$);
#5081=IFCARBITRARYCLOSEDPROFILEDEF(.AREA.,$,#5080);
#5082=IFCCARTESIANPOINT((0.,0.,4.6));
#5083=IFCDIRECTION((0.,0.,1.));
#5084=IFCDIRECTION((1.,0.,0.));
#5085=IFCAXIS2PLACEMENT3D(#5082,#5083,#5084);
#5086=IFCDIRECTION((0.,0.,1.));
#5087=IFCEXTRUDEDAREASOLID(#5081,#5085,#5086,0.5999999999999996);
#5088=IFCCARTESIANPOINTLIST2D(((1.95,11.965),(2.,11.965),(2.,12.035),(1.95,12.035)));
#5089=IFCINDEXEDPOLYCURVE(#5088,(IFCLINEINDEX((1,2,3,4,1))),$);
#5090=IFCARBITRARYCLOSEDPROFILEDEF(.AREA.,$,#5089);
#5091=IFCCARTESIANPOINT((0.,0.,4.6));
#5092=IFCDIRECTION((0.,0.,1.));
#5093=IFCDIRECTION((1.,0.,0.));
#5094=IFCAXIS2PLACEMENT3D(#5091,#5092,#5093);
#5095=IFCDIRECTION((0.,0.,1.));
#5096=IFCEXTRUDEDAREASOLID(#5090,#5094,#5095,0.5999999999999996);
#5097=IFCCOVERING('00052o001008000000003S',$,'Caixilho: basculante do banheiro',$,$,#5113,#5104,$,.MOLDING.);
#5103=IFCSHAPEREPRESENTATION(#12,'Body','SweptSolid',(#5069,#5078,#5087,#5096));
#5104=IFCPRODUCTDEFINITIONSHAPE($,$,(#5103));
#5105=IFCSTYLEDITEM(#5069,(#70),'Esquadria de alum\X2\00ED\X0\nio preto');
#5106=IFCSTYLEDITEM(#5078,(#70),'Esquadria de alum\X2\00ED\X0\nio preto');
#5107=IFCSTYLEDITEM(#5087,(#70),'Esquadria de alum\X2\00ED\X0\nio preto');
#5108=IFCSTYLEDITEM(#5096,(#70),'Esquadria de alum\X2\00ED\X0\nio preto');
#5109=IFCCARTESIANPOINT((0.,0.,0.));
#5110=IFCDIRECTION((0.,0.,1.));
#5111=IFCDIRECTION((1.,0.,0.));
#5112=IFCAXIS2PLACEMENT3D(#5109,#5110,#5111);
#5113=IFCLOCALPLACEMENT(#40,#5112);
#5114=IFCCARTESIANPOINTLIST2D(((0.95,12.),(2.05,12.),(2.05,12.115),(0.95,12.115)));
#5115=IFCINDEXEDPOLYCURVE(#5114,(IFCLINEINDEX((1,2,3,4,1))),$);
#5116=IFCARBITRARYCLOSEDPROFILEDEF(.AREA.,$,#5115);
#5117=IFCCARTESIANPOINT((0.,0.,4.569999999999999));
#5118=IFCDIRECTION((0.,0.,1.));
#5119=IFCDIRECTION((1.,0.,0.));
#5120=IFCAXIS2PLACEMENT3D(#5117,#5118,#5119);
#5121=IFCDIRECTION((0.,0.,1.));
#5122=IFCEXTRUDEDAREASOLID(#5116,#5120,#5121,0.03000000000000025);
#5123=IFCCOVERING('00052o001008000000003T',$,'Peitoril: basculante do banheiro',$,$,#5136,#5130,$,.MOLDING.);
#5129=IFCSHAPEREPRESENTATION(#12,'Body','SweptSolid',(#5122));
#5130=IFCPRODUCTDEFINITIONSHAPE($,$,(#5129));
#5131=IFCSTYLEDITEM(#5122,(#74),'Granito cinza');
#5132=IFCCARTESIANPOINT((0.,0.,0.));
#5133=IFCDIRECTION((0.,0.,1.));
#5134=IFCDIRECTION((1.,0.,0.));
#5135=IFCAXIS2PLACEMENT3D(#5132,#5133,#5134);
#5136=IFCLOCALPLACEMENT(#40,#5135);
#5137=IFCCARTESIANPOINTLIST2D(((4.2,11.965),(5.800000000000001,11.965),(5.800000000000001,12.035),(4.2,12.035)));
#5138=IFCINDEXEDPOLYCURVE(#5137,(IFCLINEINDEX((1,2,3,4,1))),$);
#5139=IFCARBITRARYCLOSEDPROFILEDEF(.AREA.,$,#5138);
#5140=IFCCARTESIANPOINT((0.,0.,5.15));
#5141=IFCDIRECTION((0.,0.,1.));
#5142=IFCDIRECTION((1.,0.,0.));
#5143=IFCAXIS2PLACEMENT3D(#5140,#5141,#5142);
#5144=IFCDIRECTION((0.,0.,1.));
#5145=IFCEXTRUDEDAREASOLID(#5139,#5143,#5144,0.04999999999999982);
#5146=IFCCARTESIANPOINTLIST2D(((4.2,11.965),(5.800000000000001,11.965),(5.800000000000001,12.035),(4.2,12.035)));
#5147=IFCINDEXEDPOLYCURVE(#5146,(IFCLINEINDEX((1,2,3,4,1))),$);
#5148=IFCARBITRARYCLOSEDPROFILEDEF(.AREA.,$,#5147);
#5149=IFCCARTESIANPOINT((0.,0.,4.));
#5150=IFCDIRECTION((0.,0.,1.));
#5151=IFCDIRECTION((1.,0.,0.));
#5152=IFCAXIS2PLACEMENT3D(#5149,#5150,#5151);
#5153=IFCDIRECTION((0.,0.,1.));
#5154=IFCEXTRUDEDAREASOLID(#5148,#5152,#5153,0.04999999999999982);
#5155=IFCCARTESIANPOINTLIST2D(((4.2,11.965),(4.25,11.965),(4.25,12.035),(4.2,12.035)));
#5156=IFCINDEXEDPOLYCURVE(#5155,(IFCLINEINDEX((1,2,3,4,1))),$);
#5157=IFCARBITRARYCLOSEDPROFILEDEF(.AREA.,$,#5156);
#5158=IFCCARTESIANPOINT((0.,0.,4.));
#5159=IFCDIRECTION((0.,0.,1.));
#5160=IFCDIRECTION((1.,0.,0.));
#5161=IFCAXIS2PLACEMENT3D(#5158,#5159,#5160);
#5162=IFCDIRECTION((0.,0.,1.));
#5163=IFCEXTRUDEDAREASOLID(#5157,#5161,#5162,1.2000000000000002);
#5164=IFCCARTESIANPOINTLIST2D(((5.750000000000001,11.965),(5.800000000000001,11.965),(5.800000000000001,12.035),(5.750000000000001,12.035)));
#5165=IFCINDEXEDPOLYCURVE(#5164,(IFCLINEINDEX((1,2,3,4,1))),$);
#5166=IFCARBITRARYCLOSEDPROFILEDEF(.AREA.,$,#5165);
#5167=IFCCARTESIANPOINT((0.,0.,4.));
#5168=IFCDIRECTION((0.,0.,1.));
#5169=IFCDIRECTION((1.,0.,0.));
#5170=IFCAXIS2PLACEMENT3D(#5167,#5168,#5169);
#5171=IFCDIRECTION((0.,0.,1.));
#5172=IFCEXTRUDEDAREASOLID(#5166,#5170,#5171,1.2000000000000002);
#5173=IFCCARTESIANPOINTLIST2D(((4.975,11.965),(5.025,11.965),(5.025,12.035),(4.975,12.035)));
#5174=IFCINDEXEDPOLYCURVE(#5173,(IFCLINEINDEX((1,2,3,4,1))),$);
#5175=IFCARBITRARYCLOSEDPROFILEDEF(.AREA.,$,#5174);
#5176=IFCCARTESIANPOINT((0.,0.,4.));
#5177=IFCDIRECTION((0.,0.,1.));
#5178=IFCDIRECTION((1.,0.,0.));
#5179=IFCAXIS2PLACEMENT3D(#5176,#5177,#5178);
#5180=IFCDIRECTION((0.,0.,1.));
#5181=IFCEXTRUDEDAREASOLID(#5175,#5179,#5180,1.2000000000000002);
#5182=IFCCOVERING('00052o001008000000003U',$,'Caixilho: janela do escrit\X2\00F3\X0\rio',$,$,#5199,#5189,$,.MOLDING.);
#5188=IFCSHAPEREPRESENTATION(#12,'Body','SweptSolid',(#5145,#5154,#5163,#5172,#5181));
#5189=IFCPRODUCTDEFINITIONSHAPE($,$,(#5188));
#5190=IFCSTYLEDITEM(#5145,(#70),'Esquadria de alum\X2\00ED\X0\nio preto');
#5191=IFCSTYLEDITEM(#5154,(#70),'Esquadria de alum\X2\00ED\X0\nio preto');
#5192=IFCSTYLEDITEM(#5163,(#70),'Esquadria de alum\X2\00ED\X0\nio preto');
#5193=IFCSTYLEDITEM(#5172,(#70),'Esquadria de alum\X2\00ED\X0\nio preto');
#5194=IFCSTYLEDITEM(#5181,(#70),'Esquadria de alum\X2\00ED\X0\nio preto');
#5195=IFCCARTESIANPOINT((0.,0.,0.));
#5196=IFCDIRECTION((0.,0.,1.));
#5197=IFCDIRECTION((1.,0.,0.));
#5198=IFCAXIS2PLACEMENT3D(#5195,#5196,#5197);
#5199=IFCLOCALPLACEMENT(#40,#5198);
#5200=IFCCARTESIANPOINTLIST2D(((4.15,12.),(5.8500000000000005,12.),(5.8500000000000005,12.115),(4.15,12.115)));
#5201=IFCINDEXEDPOLYCURVE(#5200,(IFCLINEINDEX((1,2,3,4,1))),$);
#5202=IFCARBITRARYCLOSEDPROFILEDEF(.AREA.,$,#5201);
#5203=IFCCARTESIANPOINT((0.,0.,3.97));
#5204=IFCDIRECTION((0.,0.,1.));
#5205=IFCDIRECTION((1.,0.,0.));
#5206=IFCAXIS2PLACEMENT3D(#5203,#5204,#5205);
#5207=IFCDIRECTION((0.,0.,1.));
#5208=IFCEXTRUDEDAREASOLID(#5202,#5206,#5207,0.029999999999999805);
#5209=IFCCOVERING('00052o001008000000003V',$,'Peitoril: janela do escrit\X2\00F3\X0\rio',$,$,#5222,#5216,$,.MOLDING.);
#5215=IFCSHAPEREPRESENTATION(#12,'Body','SweptSolid',(#5208));
#5216=IFCPRODUCTDEFINITIONSHAPE($,$,(#5215));
#5217=IFCSTYLEDITEM(#5208,(#74),'Granito cinza');
#5218=IFCCARTESIANPOINT((0.,0.,0.));
#5219=IFCDIRECTION((0.,0.,1.));
#5220=IFCDIRECTION((1.,0.,0.));
#5221=IFCAXIS2PLACEMENT3D(#5218,#5219,#5220);
#5222=IFCLOCALPLACEMENT(#40,#5221);
#5223=IFCCARTESIANPOINTLIST2D(((1.5,5.925),(1.53,5.925),(1.53,6.075),(1.5,6.075)));
#5224=IFCINDEXEDPOLYCURVE(#5223,(IFCLINEINDEX((1,2,3,4,1))),$);
#5225=IFCARBITRARYCLOSEDPROFILEDEF(.AREA.,$,#5224);
#5226=IFCCARTESIANPOINT((0.,0.,3.));
#5227=IFCDIRECTION((0.,0.,1.));
#5228=IFCDIRECTION((1.,0.,0.));
#5229=IFCAXIS2PLACEMENT3D(#5226,#5227,#5228);
#5230=IFCDIRECTION((0.,0.,1.));
#5231=IFCEXTRUDEDAREASOLID(#5225,#5229,#5230,2.0999999999999996);
#5232=IFCCARTESIANPOINTLIST2D(((2.37,5.925),(2.4,5.925),(2.4,6.075),(2.37,6.075)));
#5233=IFCINDEXEDPOLYCURVE(#5232,(IFCLINEINDEX((1,2,3,4,1))),$);
#5234=IFCARBITRARYCLOSEDPROFILEDEF(.AREA.,$,#5233);
#5235=IFCCARTESIANPOINT((0.,0.,3.));
#5236=IFCDIRECTION((0.,0.,1.));
#5237=IFCDIRECTION((1.,0.,0.));
#5238=IFCAXIS2PLACEMENT3D(#5235,#5236,#5237);
#5239=IFCDIRECTION((0.,0.,1.));
#5240=IFCEXTRUDEDAREASOLID(#5234,#5238,#5239,2.0999999999999996);
#5241=IFCCARTESIANPOINTLIST2D(((1.5,5.925),(2.4,5.925),(2.4,6.075),(1.5,6.075)));
#5242=IFCINDEXEDPOLYCURVE(#5241,(IFCLINEINDEX((1,2,3,4,1))),$);
#5243=IFCARBITRARYCLOSEDPROFILEDEF(.AREA.,$,#5242);
#5244=IFCCARTESIANPOINT((0.,0.,5.069999999999999));
#5245=IFCDIRECTION((0.,0.,1.));
#5246=IFCDIRECTION((1.,0.,0.));
#5247=IFCAXIS2PLACEMENT3D(#5244,#5245,#5246);
#5248=IFCDIRECTION((0.,0.,1.));
#5249=IFCEXTRUDEDAREASOLID(#5243,#5247,#5248,0.03000000000000025);
#5250=IFCCARTESIANPOINTLIST2D(((1.43,5.91),(1.5,5.91),(1.5,5.925),(1.43,5.925)));
#5251=IFCINDEXEDPOLYCURVE(#5250,(IFCLINEINDEX((1,2,3,4,1))),$);
#5252=IFCARBITRARYCLOSEDPROFILEDEF(.AREA.,$,#5251);
#5253=IFCCARTESIANPOINT((0.,0.,3.));
#5254=IFCDIRECTION((0.,0.,1.));
#5255=IFCDIRECTION((1.,0.,0.));
#5256=IFCAXIS2PLACEMENT3D(#5253,#5254,#5255);
#5257=IFCDIRECTION((0.,0.,1.));
#5258=IFCEXTRUDEDAREASOLID(#5252,#5256,#5257,2.17);
#5259=IFCCARTESIANPOINTLIST2D(((2.4,5.91),(2.4699999999999998,5.91),(2.4699999999999998,5.925),(2.4,5.925)));
#5260=IFCINDEXEDPOLYCURVE(#5259,(IFCLINEINDEX((1,2,3,4,1))),$);
#5261=IFCARBITRARYCLOSEDPROFILEDEF(.AREA.,$,#5260);
#5262=IFCCARTESIANPOINT((0.,0.,3.));
#5263=IFCDIRECTION((0.,0.,1.));
#5264=IFCDIRECTION((1.,0.,0.));
#5265=IFCAXIS2PLACEMENT3D(#5262,#5263,#5264);
#5266=IFCDIRECTION((0.,0.,1.));
#5267=IFCEXTRUDEDAREASOLID(#5261,#5265,#5266,2.17);
#5268=IFCCARTESIANPOINTLIST2D(((1.43,5.91),(2.4699999999999998,5.91),(2.4699999999999998,5.925),(1.43,5.925)));
#5269=IFCINDEXEDPOLYCURVE(#5268,(IFCLINEINDEX((1,2,3,4,1))),$);
#5270=IFCARBITRARYCLOSEDPROFILEDEF(.AREA.,$,#5269);
#5271=IFCCARTESIANPOINT((0.,0.,5.1));
#5272=IFCDIRECTION((0.,0.,1.));
#5273=IFCDIRECTION((1.,0.,0.));
#5274=IFCAXIS2PLACEMENT3D(#5271,#5272,#5273);
#5275=IFCDIRECTION((0.,0.,1.));
#5276=IFCEXTRUDEDAREASOLID(#5270,#5274,#5275,0.07000000000000028);
#5277=IFCCARTESIANPOINTLIST2D(((1.43,6.075),(1.5,6.075),(1.5,6.09),(1.43,6.09)));
#5278=IFCINDEXEDPOLYCURVE(#5277,(IFCLINEINDEX((1,2,3,4,1))),$);
#5279=IFCARBITRARYCLOSEDPROFILEDEF(.AREA.,$,#5278);
#5280=IFCCARTESIANPOINT((0.,0.,3.));
#5281=IFCDIRECTION((0.,0.,1.));
#5282=IFCDIRECTION((1.,0.,0.));
#5283=IFCAXIS2PLACEMENT3D(#5280,#5281,#5282);
#5284=IFCDIRECTION((0.,0.,1.));
#5285=IFCEXTRUDEDAREASOLID(#5279,#5283,#5284,2.17);
#5286=IFCCARTESIANPOINTLIST2D(((2.4,6.075),(2.4699999999999998,6.075),(2.4699999999999998,6.09),(2.4,6.09)));
#5287=IFCINDEXEDPOLYCURVE(#5286,(IFCLINEINDEX((1,2,3,4,1))),$);
#5288=IFCARBITRARYCLOSEDPROFILEDEF(.AREA.,$,#5287);
#5289=IFCCARTESIANPOINT((0.,0.,3.));
#5290=IFCDIRECTION((0.,0.,1.));
#5291=IFCDIRECTION((1.,0.,0.));
#5292=IFCAXIS2PLACEMENT3D(#5289,#5290,#5291);
#5293=IFCDIRECTION((0.,0.,1.));
#5294=IFCEXTRUDEDAREASOLID(#5288,#5292,#5293,2.17);
#5295=IFCCARTESIANPOINTLIST2D(((1.43,6.075),(2.4699999999999998,6.075),(2.4699999999999998,6.09),(1.43,6.09)));
#5296=IFCINDEXEDPOLYCURVE(#5295,(IFCLINEINDEX((1,2,3,4,1))),$);
#5297=IFCARBITRARYCLOSEDPROFILEDEF(.AREA.,$,#5296);
#5298=IFCCARTESIANPOINT((0.,0.,5.1));
#5299=IFCDIRECTION((0.,0.,1.));
#5300=IFCDIRECTION((1.,0.,0.));
#5301=IFCAXIS2PLACEMENT3D(#5298,#5299,#5300);
#5302=IFCDIRECTION((0.,0.,1.));
#5303=IFCEXTRUDEDAREASOLID(#5297,#5301,#5302,0.07000000000000028);
#5304=IFCCOVERING('00052o001008000000003W',$,'Guarni\X2\00E700E3\X0\o: porta do quarto 1',$,$,#5326,#5311,$,.MOLDING.);
#5310=IFCSHAPEREPRESENTATION(#12,'Body','SweptSolid',(#5231,#5240,#5249,#5258,#5267,#5276,#5285,#5294,#5303));
#5311=IFCPRODUCTDEFINITIONSHAPE($,$,(#5310));
#5312=IFCSTYLEDITEM(#5231,(#78),'Laca branca');
#5313=IFCSTYLEDITEM(#5240,(#78),'Laca branca');
#5314=IFCSTYLEDITEM(#5249,(#78),'Laca branca');
#5315=IFCSTYLEDITEM(#5258,(#78),'Laca branca');
#5316=IFCSTYLEDITEM(#5267,(#78),'Laca branca');
#5317=IFCSTYLEDITEM(#5276,(#78),'Laca branca');
#5318=IFCSTYLEDITEM(#5285,(#78),'Laca branca');
#5319=IFCSTYLEDITEM(#5294,(#78),'Laca branca');
#5320=IFCSTYLEDITEM(#5303,(#78),'Laca branca');
#5321=IFCRELASSOCIATESMATERIAL('00052o001008000000003X',$,$,$,(#5304,#5431,#5557),#77);
#5322=IFCCARTESIANPOINT((0.,0.,0.));
#5323=IFCDIRECTION((0.,0.,1.));
#5324=IFCDIRECTION((1.,0.,0.));
#5325=IFCAXIS2PLACEMENT3D(#5322,#5323,#5324);
#5326=IFCLOCALPLACEMENT(#40,#5325);
#5327=IFCCARTESIANPOINTLIST2D(((1.5,5.925),(2.4,5.925),(2.4,6.075),(1.5,6.075)));
#5328=IFCINDEXEDPOLYCURVE(#5327,(IFCLINEINDEX((1,2,3,4,1))),$);
#5329=IFCARBITRARYCLOSEDPROFILEDEF(.AREA.,$,#5328);
#5330=IFCCARTESIANPOINT((0.,0.,3.));
#5331=IFCDIRECTION((0.,0.,1.));
#5332=IFCDIRECTION((1.,0.,0.));
#5333=IFCAXIS2PLACEMENT3D(#5330,#5331,#5332);
#5334=IFCDIRECTION((0.,0.,1.));
#5335=IFCEXTRUDEDAREASOLID(#5329,#5333,#5334,0.020000000000000018);
#5336=IFCCOVERING('00052o001008000000003Y',$,'Soleira: porta do quarto 1',$,$,#5349,#5343,$,.MOLDING.);
#5342=IFCSHAPEREPRESENTATION(#12,'Body','SweptSolid',(#5335));
#5343=IFCPRODUCTDEFINITIONSHAPE($,$,(#5342));
#5344=IFCSTYLEDITEM(#5335,(#74),'Granito cinza');
#5345=IFCCARTESIANPOINT((0.,0.,0.));
#5346=IFCDIRECTION((0.,0.,1.));
#5347=IFCDIRECTION((1.,0.,0.));
#5348=IFCAXIS2PLACEMENT3D(#5345,#5346,#5347);
#5349=IFCLOCALPLACEMENT(#40,#5348);
#5350=IFCCARTESIANPOINTLIST2D(((4.8,5.925),(4.83,5.925),(4.83,6.075),(4.8,6.075)));
#5351=IFCINDEXEDPOLYCURVE(#5350,(IFCLINEINDEX((1,2,3,4,1))),$);
#5352=IFCARBITRARYCLOSEDPROFILEDEF(.AREA.,$,#5351);
#5353=IFCCARTESIANPOINT((0.,0.,3.));
#5354=IFCDIRECTION((0.,0.,1.));
#5355=IFCDIRECTION((1.,0.,0.));
#5356=IFCAXIS2PLACEMENT3D(#5353,#5354,#5355);
#5357=IFCDIRECTION((0.,0.,1.));
#5358=IFCEXTRUDEDAREASOLID(#5352,#5356,#5357,2.0999999999999996);
#5359=IFCCARTESIANPOINTLIST2D(((5.67,5.925),(5.7,5.925),(5.7,6.075),(5.67,6.075)));
#5360=IFCINDEXEDPOLYCURVE(#5359,(IFCLINEINDEX((1,2,3,4,1))),$);
#5361=IFCARBITRARYCLOSEDPROFILEDEF(.AREA.,$,#5360);
#5362=IFCCARTESIANPOINT((0.,0.,3.));
#5363=IFCDIRECTION((0.,0.,1.));
#5364=IFCDIRECTION((1.,0.,0.));
#5365=IFCAXIS2PLACEMENT3D(#5362,#5363,#5364);
#5366=IFCDIRECTION((0.,0.,1.));
#5367=IFCEXTRUDEDAREASOLID(#5361,#5365,#5366,2.0999999999999996);
#5368=IFCCARTESIANPOINTLIST2D(((4.8,5.925),(5.7,5.925),(5.7,6.075),(4.8,6.075)));
#5369=IFCINDEXEDPOLYCURVE(#5368,(IFCLINEINDEX((1,2,3,4,1))),$);
#5370=IFCARBITRARYCLOSEDPROFILEDEF(.AREA.,$,#5369);
#5371=IFCCARTESIANPOINT((0.,0.,5.069999999999999));
#5372=IFCDIRECTION((0.,0.,1.));
#5373=IFCDIRECTION((1.,0.,0.));
#5374=IFCAXIS2PLACEMENT3D(#5371,#5372,#5373);
#5375=IFCDIRECTION((0.,0.,1.));
#5376=IFCEXTRUDEDAREASOLID(#5370,#5374,#5375,0.03000000000000025);
#5377=IFCCARTESIANPOINTLIST2D(((4.7299999999999995,5.91),(4.8,5.91),(4.8,5.925),(4.7299999999999995,5.925)));
#5378=IFCINDEXEDPOLYCURVE(#5377,(IFCLINEINDEX((1,2,3,4,1))),$);
#5379=IFCARBITRARYCLOSEDPROFILEDEF(.AREA.,$,#5378);
#5380=IFCCARTESIANPOINT((0.,0.,3.));
#5381=IFCDIRECTION((0.,0.,1.));
#5382=IFCDIRECTION((1.,0.,0.));
#5383=IFCAXIS2PLACEMENT3D(#5380,#5381,#5382);
#5384=IFCDIRECTION((0.,0.,1.));
#5385=IFCEXTRUDEDAREASOLID(#5379,#5383,#5384,2.17);
#5386=IFCCARTESIANPOINTLIST2D(((5.7,5.91),(5.7700000000000005,5.91),(5.7700000000000005,5.925),(5.7,5.925)));
#5387=IFCINDEXEDPOLYCURVE(#5386,(IFCLINEINDEX((1,2,3,4,1))),$);
#5388=IFCARBITRARYCLOSEDPROFILEDEF(.AREA.,$,#5387);
#5389=IFCCARTESIANPOINT((0.,0.,3.));
#5390=IFCDIRECTION((0.,0.,1.));
#5391=IFCDIRECTION((1.,0.,0.));
#5392=IFCAXIS2PLACEMENT3D(#5389,#5390,#5391);
#5393=IFCDIRECTION((0.,0.,1.));
#5394=IFCEXTRUDEDAREASOLID(#5388,#5392,#5393,2.17);
#5395=IFCCARTESIANPOINTLIST2D(((4.7299999999999995,5.91),(5.7700000000000005,5.91),(5.7700000000000005,5.925),(4.7299999999999995,5.925)));
#5396=IFCINDEXEDPOLYCURVE(#5395,(IFCLINEINDEX((1,2,3,4,1))),$);
#5397=IFCARBITRARYCLOSEDPROFILEDEF(.AREA.,$,#5396);
#5398=IFCCARTESIANPOINT((0.,0.,5.1));
#5399=IFCDIRECTION((0.,0.,1.));
#5400=IFCDIRECTION((1.,0.,0.));
#5401=IFCAXIS2PLACEMENT3D(#5398,#5399,#5400);
#5402=IFCDIRECTION((0.,0.,1.));
#5403=IFCEXTRUDEDAREASOLID(#5397,#5401,#5402,0.07000000000000028);
#5404=IFCCARTESIANPOINTLIST2D(((4.7299999999999995,6.075),(4.8,6.075),(4.8,6.09),(4.7299999999999995,6.09)));
#5405=IFCINDEXEDPOLYCURVE(#5404,(IFCLINEINDEX((1,2,3,4,1))),$);
#5406=IFCARBITRARYCLOSEDPROFILEDEF(.AREA.,$,#5405);
#5407=IFCCARTESIANPOINT((0.,0.,3.));
#5408=IFCDIRECTION((0.,0.,1.));
#5409=IFCDIRECTION((1.,0.,0.));
#5410=IFCAXIS2PLACEMENT3D(#5407,#5408,#5409);
#5411=IFCDIRECTION((0.,0.,1.));
#5412=IFCEXTRUDEDAREASOLID(#5406,#5410,#5411,2.17);
#5413=IFCCARTESIANPOINTLIST2D(((5.7,6.075),(5.7700000000000005,6.075),(5.7700000000000005,6.09),(5.7,6.09)));
#5414=IFCINDEXEDPOLYCURVE(#5413,(IFCLINEINDEX((1,2,3,4,1))),$);
#5415=IFCARBITRARYCLOSEDPROFILEDEF(.AREA.,$,#5414);
#5416=IFCCARTESIANPOINT((0.,0.,3.));
#5417=IFCDIRECTION((0.,0.,1.));
#5418=IFCDIRECTION((1.,0.,0.));
#5419=IFCAXIS2PLACEMENT3D(#5416,#5417,#5418);
#5420=IFCDIRECTION((0.,0.,1.));
#5421=IFCEXTRUDEDAREASOLID(#5415,#5419,#5420,2.17);
#5422=IFCCARTESIANPOINTLIST2D(((4.7299999999999995,6.075),(5.7700000000000005,6.075),(5.7700000000000005,6.09),(4.7299999999999995,6.09)));
#5423=IFCINDEXEDPOLYCURVE(#5422,(IFCLINEINDEX((1,2,3,4,1))),$);
#5424=IFCARBITRARYCLOSEDPROFILEDEF(.AREA.,$,#5423);
#5425=IFCCARTESIANPOINT((0.,0.,5.1));
#5426=IFCDIRECTION((0.,0.,1.));
#5427=IFCDIRECTION((1.,0.,0.));
#5428=IFCAXIS2PLACEMENT3D(#5425,#5426,#5427);
#5429=IFCDIRECTION((0.,0.,1.));
#5430=IFCEXTRUDEDAREASOLID(#5424,#5428,#5429,0.07000000000000028);
#5431=IFCCOVERING('00052o001008000000003Z',$,'Guarni\X2\00E700E3\X0\o: porta do quarto 2',$,$,#5452,#5438,$,.MOLDING.);
#5437=IFCSHAPEREPRESENTATION(#12,'Body','SweptSolid',(#5358,#5367,#5376,#5385,#5394,#5403,#5412,#5421,#5430));
#5438=IFCPRODUCTDEFINITIONSHAPE($,$,(#5437));
#5439=IFCSTYLEDITEM(#5358,(#78),'Laca branca');
#5440=IFCSTYLEDITEM(#5367,(#78),'Laca branca');
#5441=IFCSTYLEDITEM(#5376,(#78),'Laca branca');
#5442=IFCSTYLEDITEM(#5385,(#78),'Laca branca');
#5443=IFCSTYLEDITEM(#5394,(#78),'Laca branca');
#5444=IFCSTYLEDITEM(#5403,(#78),'Laca branca');
#5445=IFCSTYLEDITEM(#5412,(#78),'Laca branca');
#5446=IFCSTYLEDITEM(#5421,(#78),'Laca branca');
#5447=IFCSTYLEDITEM(#5430,(#78),'Laca branca');
#5448=IFCCARTESIANPOINT((0.,0.,0.));
#5449=IFCDIRECTION((0.,0.,1.));
#5450=IFCDIRECTION((1.,0.,0.));
#5451=IFCAXIS2PLACEMENT3D(#5448,#5449,#5450);
#5452=IFCLOCALPLACEMENT(#40,#5451);
#5453=IFCCARTESIANPOINTLIST2D(((4.8,5.925),(5.7,5.925),(5.7,6.075),(4.8,6.075)));
#5454=IFCINDEXEDPOLYCURVE(#5453,(IFCLINEINDEX((1,2,3,4,1))),$);
#5455=IFCARBITRARYCLOSEDPROFILEDEF(.AREA.,$,#5454);
#5456=IFCCARTESIANPOINT((0.,0.,3.));
#5457=IFCDIRECTION((0.,0.,1.));
#5458=IFCDIRECTION((1.,0.,0.));
#5459=IFCAXIS2PLACEMENT3D(#5456,#5457,#5458);
#5460=IFCDIRECTION((0.,0.,1.));
#5461=IFCEXTRUDEDAREASOLID(#5455,#5459,#5460,0.020000000000000018);
#5462=IFCCOVERING('00052o001008000000003a',$,'Soleira: porta do quarto 2',$,$,#5475,#5469,$,.MOLDING.);
#5468=IFCSHAPEREPRESENTATION(#12,'Body','SweptSolid',(#5461));
#5469=IFCPRODUCTDEFINITIONSHAPE($,$,(#5468));
#5470=IFCSTYLEDITEM(#5461,(#74),'Granito cinza');
#5471=IFCCARTESIANPOINT((0.,0.,0.));
#5472=IFCDIRECTION((0.,0.,1.));
#5473=IFCDIRECTION((1.,0.,0.));
#5474=IFCAXIS2PLACEMENT3D(#5471,#5472,#5473);
#5475=IFCLOCALPLACEMENT(#40,#5474);
#5476=IFCCARTESIANPOINTLIST2D(((2.925,9.),(3.075,9.),(3.075,9.03),(2.925,9.03)));
#5477=IFCINDEXEDPOLYCURVE(#5476,(IFCLINEINDEX((1,2,3,4,1))),$);
#5478=IFCARBITRARYCLOSEDPROFILEDEF(.AREA.,$,#5477);
#5479=IFCCARTESIANPOINT((0.,0.,3.));
#5480=IFCDIRECTION((0.,0.,1.));
#5481=IFCDIRECTION((1.,0.,0.));
#5482=IFCAXIS2PLACEMENT3D(#5479,#5480,#5481);
#5483=IFCDIRECTION((0.,0.,1.));
#5484=IFCEXTRUDEDAREASOLID(#5478,#5482,#5483,2.0999999999999996);
#5485=IFCCARTESIANPOINTLIST2D(((2.925,9.770000000000001),(3.075,9.770000000000001),(3.075,9.8),(2.925,9.8)));
#5486=IFCINDEXEDPOLYCURVE(#5485,(IFCLINEINDEX((1,2,3,4,1))),$);
#5487=IFCARBITRARYCLOSEDPROFILEDEF(.AREA.,$,#5486);
#5488=IFCCARTESIANPOINT((0.,0.,3.));
#5489=IFCDIRECTION((0.,0.,1.));
#5490=IFCDIRECTION((1.,0.,0.));
#5491=IFCAXIS2PLACEMENT3D(#5488,#5489,#5490);
#5492=IFCDIRECTION((0.,0.,1.));
#5493=IFCEXTRUDEDAREASOLID(#5487,#5491,#5492,2.0999999999999996);
#5494=IFCCARTESIANPOINTLIST2D(((2.925,9.),(3.075,9.),(3.075,9.8),(2.925,9.8)));
#5495=IFCINDEXEDPOLYCURVE(#5494,(IFCLINEINDEX((1,2,3,4,1))),$);
#5496=IFCARBITRARYCLOSEDPROFILEDEF(.AREA.,$,#5495);
#5497=IFCCARTESIANPOINT((0.,0.,5.069999999999999));
#5498=IFCDIRECTION((0.,0.,1.));
#5499=IFCDIRECTION((1.,0.,0.));
#5500=IFCAXIS2PLACEMENT3D(#5497,#5498,#5499);
#5501=IFCDIRECTION((0.,0.,1.));
#5502=IFCEXTRUDEDAREASOLID(#5496,#5500,#5501,0.03000000000000025);
#5503=IFCCARTESIANPOINTLIST2D(((2.91,8.93),(2.925,8.93),(2.925,9.),(2.91,9.)));
#5504=IFCINDEXEDPOLYCURVE(#5503,(IFCLINEINDEX((1,2,3,4,1))),$);
#5505=IFCARBITRARYCLOSEDPROFILEDEF(.AREA.,$,#5504);
#5506=IFCCARTESIANPOINT((0.,0.,3.));
#5507=IFCDIRECTION((0.,0.,1.));
#5508=IFCDIRECTION((1.,0.,0.));
#5509=IFCAXIS2PLACEMENT3D(#5506,#5507,#5508);
#5510=IFCDIRECTION((0.,0.,1.));
#5511=IFCEXTRUDEDAREASOLID(#5505,#5509,#5510,2.17);
#5512=IFCCARTESIANPOINTLIST2D(((2.91,9.8),(2.925,9.8),(2.925,9.870000000000001),(2.91,9.870000000000001)));
#5513=IFCINDEXEDPOLYCURVE(#5512,(IFCLINEINDEX((1,2,3,4,1))),$);
#5514=IFCARBITRARYCLOSEDPROFILEDEF(.AREA.,$,#5513);
#5515=IFCCARTESIANPOINT((0.,0.,3.));
#5516=IFCDIRECTION((0.,0.,1.));
#5517=IFCDIRECTION((1.,0.,0.));
#5518=IFCAXIS2PLACEMENT3D(#5515,#5516,#5517);
#5519=IFCDIRECTION((0.,0.,1.));
#5520=IFCEXTRUDEDAREASOLID(#5514,#5518,#5519,2.17);
#5521=IFCCARTESIANPOINTLIST2D(((2.91,8.93),(2.925,8.93),(2.925,9.870000000000001),(2.91,9.870000000000001)));
#5522=IFCINDEXEDPOLYCURVE(#5521,(IFCLINEINDEX((1,2,3,4,1))),$);
#5523=IFCARBITRARYCLOSEDPROFILEDEF(.AREA.,$,#5522);
#5524=IFCCARTESIANPOINT((0.,0.,5.1));
#5525=IFCDIRECTION((0.,0.,1.));
#5526=IFCDIRECTION((1.,0.,0.));
#5527=IFCAXIS2PLACEMENT3D(#5524,#5525,#5526);
#5528=IFCDIRECTION((0.,0.,1.));
#5529=IFCEXTRUDEDAREASOLID(#5523,#5527,#5528,0.07000000000000028);
#5530=IFCCARTESIANPOINTLIST2D(((3.075,8.93),(3.09,8.93),(3.09,9.),(3.075,9.)));
#5531=IFCINDEXEDPOLYCURVE(#5530,(IFCLINEINDEX((1,2,3,4,1))),$);
#5532=IFCARBITRARYCLOSEDPROFILEDEF(.AREA.,$,#5531);
#5533=IFCCARTESIANPOINT((0.,0.,3.));
#5534=IFCDIRECTION((0.,0.,1.));
#5535=IFCDIRECTION((1.,0.,0.));
#5536=IFCAXIS2PLACEMENT3D(#5533,#5534,#5535);
#5537=IFCDIRECTION((0.,0.,1.));
#5538=IFCEXTRUDEDAREASOLID(#5532,#5536,#5537,2.17);
#5539=IFCCARTESIANPOINTLIST2D(((3.075,9.8),(3.09,9.8),(3.09,9.870000000000001),(3.075,9.870000000000001)));
#5540=IFCINDEXEDPOLYCURVE(#5539,(IFCLINEINDEX((1,2,3,4,1))),$);
#5541=IFCARBITRARYCLOSEDPROFILEDEF(.AREA.,$,#5540);
#5542=IFCCARTESIANPOINT((0.,0.,3.));
#5543=IFCDIRECTION((0.,0.,1.));
#5544=IFCDIRECTION((1.,0.,0.));
#5545=IFCAXIS2PLACEMENT3D(#5542,#5543,#5544);
#5546=IFCDIRECTION((0.,0.,1.));
#5547=IFCEXTRUDEDAREASOLID(#5541,#5545,#5546,2.17);
#5548=IFCCARTESIANPOINTLIST2D(((3.075,8.93),(3.09,8.93),(3.09,9.870000000000001),(3.075,9.870000000000001)));
#5549=IFCINDEXEDPOLYCURVE(#5548,(IFCLINEINDEX((1,2,3,4,1))),$);
#5550=IFCARBITRARYCLOSEDPROFILEDEF(.AREA.,$,#5549);
#5551=IFCCARTESIANPOINT((0.,0.,5.1));
#5552=IFCDIRECTION((0.,0.,1.));
#5553=IFCDIRECTION((1.,0.,0.));
#5554=IFCAXIS2PLACEMENT3D(#5551,#5552,#5553);
#5555=IFCDIRECTION((0.,0.,1.));
#5556=IFCEXTRUDEDAREASOLID(#5550,#5554,#5555,0.07000000000000028);
#5557=IFCCOVERING('00052o001008000000003b',$,'Guarni\X2\00E700E3\X0\o: porta do banheiro',$,$,#5578,#5564,$,.MOLDING.);
#5563=IFCSHAPEREPRESENTATION(#12,'Body','SweptSolid',(#5484,#5493,#5502,#5511,#5520,#5529,#5538,#5547,#5556));
#5564=IFCPRODUCTDEFINITIONSHAPE($,$,(#5563));
#5565=IFCSTYLEDITEM(#5484,(#78),'Laca branca');
#5566=IFCSTYLEDITEM(#5493,(#78),'Laca branca');
#5567=IFCSTYLEDITEM(#5502,(#78),'Laca branca');
#5568=IFCSTYLEDITEM(#5511,(#78),'Laca branca');
#5569=IFCSTYLEDITEM(#5520,(#78),'Laca branca');
#5570=IFCSTYLEDITEM(#5529,(#78),'Laca branca');
#5571=IFCSTYLEDITEM(#5538,(#78),'Laca branca');
#5572=IFCSTYLEDITEM(#5547,(#78),'Laca branca');
#5573=IFCSTYLEDITEM(#5556,(#78),'Laca branca');
#5574=IFCCARTESIANPOINT((0.,0.,0.));
#5575=IFCDIRECTION((0.,0.,1.));
#5576=IFCDIRECTION((1.,0.,0.));
#5577=IFCAXIS2PLACEMENT3D(#5574,#5575,#5576);
#5578=IFCLOCALPLACEMENT(#40,#5577);
#5579=IFCCARTESIANPOINTLIST2D(((2.925,9.),(3.075,9.),(3.075,9.8),(2.925,9.8)));
#5580=IFCINDEXEDPOLYCURVE(#5579,(IFCLINEINDEX((1,2,3,4,1))),$);
#5581=IFCARBITRARYCLOSEDPROFILEDEF(.AREA.,$,#5580);
#5582=IFCCARTESIANPOINT((0.,0.,3.));
#5583=IFCDIRECTION((0.,0.,1.));
#5584=IFCDIRECTION((1.,0.,0.));
#5585=IFCAXIS2PLACEMENT3D(#5582,#5583,#5584);
#5586=IFCDIRECTION((0.,0.,1.));
#5587=IFCEXTRUDEDAREASOLID(#5581,#5585,#5586,0.020000000000000018);
#5588=IFCCOVERING('00052o001008000000003c',$,'Soleira: porta do banheiro',$,$,#5601,#5595,$,.MOLDING.);
#5594=IFCSHAPEREPRESENTATION(#12,'Body','SweptSolid',(#5587));
#5595=IFCPRODUCTDEFINITIONSHAPE($,$,(#5594));
#5596=IFCSTYLEDITEM(#5587,(#74),'Granito cinza');
#5597=IFCCARTESIANPOINT((0.,0.,0.));
#5598=IFCDIRECTION((0.,0.,1.));
#5599=IFCDIRECTION((1.,0.,0.));
#5600=IFCAXIS2PLACEMENT3D(#5597,#5598,#5599);
#5601=IFCLOCALPLACEMENT(#40,#5600);
#5602=IFCCARTESIANPOINTLIST2D(((0.075,0.075),(1.,0.075),(1.,0.087),(0.075,0.087)));
#5603=IFCINDEXEDPOLYCURVE(#5602,(IFCLINEINDEX((1,2,3,4,1))),$);
#5604=IFCARBITRARYCLOSEDPROFILEDEF(.AREA.,$,#5603);
#5605=IFCCARTESIANPOINT((0.,0.,0.02));
#5606=IFCDIRECTION((0.,0.,1.));
#5607=IFCDIRECTION((1.,0.,0.));
#5608=IFCAXIS2PLACEMENT3D(#5605,#5606,#5607);
#5609=IFCDIRECTION((0.,0.,1.));
#5610=IFCEXTRUDEDAREASOLID(#5604,#5608,#5609,0.06999999999999999);
#5611=IFCCARTESIANPOINTLIST2D(((2.1,0.075),(7.924999999999999,0.075),(7.924999999999999,0.087),(2.1,0.087)));
#5612=IFCINDEXEDPOLYCURVE(#5611,(IFCLINEINDEX((1,2,3,4,1))),$);
#5613=IFCARBITRARYCLOSEDPROFILEDEF(.AREA.,$,#5612);
#5614=IFCCARTESIANPOINT((0.,0.,0.02));
#5615=IFCDIRECTION((0.,0.,1.));
#5616=IFCDIRECTION((1.,0.,0.));
#5617=IFCAXIS2PLACEMENT3D(#5614,#5615,#5616);
#5618=IFCDIRECTION((0.,0.,1.));
#5619=IFCEXTRUDEDAREASOLID(#5613,#5617,#5618,0.06999999999999999);
#5620=IFCCARTESIANPOINTLIST2D(((0.075,11.913),(4.,11.913),(4.,11.925),(0.075,11.925)));
#5621=IFCINDEXEDPOLYCURVE(#5620,(IFCLINEINDEX((1,2,3,4,1))),$);
#5622=IFCARBITRARYCLOSEDPROFILEDEF(.AREA.,$,#5621);
#5623=IFCCARTESIANPOINT((0.,0.,0.02));
#5624=IFCDIRECTION((0.,0.,1.));
#5625=IFCDIRECTION((1.,0.,0.));
#5626=IFCAXIS2PLACEMENT3D(#5623,#5624,#5625);
#5627=IFCDIRECTION((0.,0.,1.));
#5628=IFCEXTRUDEDAREASOLID(#5622,#5626,#5627,0.06999999999999999);
#5629=IFCCARTESIANPOINTLIST2D(((4.9,11.913),(7.925,11.913),(7.925,11.925),(4.9,11.925)));
#5630=IFCINDEXEDPOLYCURVE(#5629,(IFCLINEINDEX((1,2,3,4,1))),$);
#5631=IFCARBITRARYCLOSEDPROFILEDEF(.AREA.,$,#5630);
#5632=IFCCARTESIANPOINT((0.,0.,0.02));
#5633=IFCDIRECTION((0.,0.,1.));
#5634=IFCDIRECTION((1.,0.,0.));
#5635=IFCAXIS2PLACEMENT3D(#5632,#5633,#5634);
#5636=IFCDIRECTION((0.,0.,1.));
#5637=IFCEXTRUDEDAREASOLID(#5631,#5635,#5636,0.06999999999999999);
#5638=IFCCARTESIANPOINTLIST2D(((0.075,0.075),(0.087,0.075),(0.087,11.925),(0.075,11.925)));
#5639=IFCINDEXEDPOLYCURVE(#5638,(IFCLINEINDEX((1,2,3,4,1))),$);
#5640=IFCARBITRARYCLOSEDPROFILEDEF(.AREA.,$,#5639);
#5641=IFCCARTESIANPOINT((0.,0.,0.02));
#5642=IFCDIRECTION((0.,0.,1.));
#5643=IFCDIRECTION((1.,0.,0.));
#5644=IFCAXIS2PLACEMENT3D(#5641,#5642,#5643);
#5645=IFCDIRECTION((0.,0.,1.));
#5646=IFCEXTRUDEDAREASOLID(#5640,#5644,#5645,0.06999999999999999);
#5647=IFCCARTESIANPOINTLIST2D(((7.913,0.075),(7.925,0.075),(7.925,11.925),(7.913,11.925)));
#5648=IFCINDEXEDPOLYCURVE(#5647,(IFCLINEINDEX((1,2,3,4,1))),$);
#5649=IFCARBITRARYCLOSEDPROFILEDEF(.AREA.,$,#5648);
#5650=IFCCARTESIANPOINT((0.,0.,0.02));
#5651=IFCDIRECTION((0.,0.,1.));
#5652=IFCDIRECTION((1.,0.,0.));
#5653=IFCAXIS2PLACEMENT3D(#5650,#5651,#5652);
#5654=IFCDIRECTION((0.,0.,1.));
#5655=IFCEXTRUDEDAREASOLID(#5649,#5653,#5654,0.06999999999999999);
#5656=IFCCARTESIANPOINTLIST2D(((0.075,6.913),(5.725,6.913),(5.725,6.925),(0.075,6.925)));
#5657=IFCINDEXEDPOLYCURVE(#5656,(IFCLINEINDEX((1,2,3,4,1))),$);
#5658=IFCARBITRARYCLOSEDPROFILEDEF(.AREA.,$,#5657);
#5659=IFCCARTESIANPOINT((0.,0.,0.02));
#5660=IFCDIRECTION((0.,0.,1.));
#5661=IFCDIRECTION((1.,0.,0.));
#5662=IFCAXIS2PLACEMENT3D(#5659,#5660,#5661);
#5663=IFCDIRECTION((0.,0.,1.));
#5664=IFCEXTRUDEDAREASOLID(#5658,#5662,#5663,0.06999999999999999);
#5665=IFCCARTESIANPOINTLIST2D(((0.075,7.075),(5.725,7.075),(5.725,7.087),(0.075,7.087)));
#5666=IFCINDEXEDPOLYCURVE(#5665,(IFCLINEINDEX((1,2,3,4,1))),$);
#5667=IFCARBITRARYCLOSEDPROFILEDEF(.AREA.,$,#5666);
#5668=IFCCARTESIANPOINT((0.,0.,0.02));
#5669=IFCDIRECTION((0.,0.,1.));
#5670=IFCDIRECTION((1.,0.,0.));
#5671=IFCAXIS2PLACEMENT3D(#5668,#5669,#5670);
#5672=IFCDIRECTION((0.,0.,1.));
#5673=IFCEXTRUDEDAREASOLID(#5667,#5671,#5672,0.06999999999999999);
#5674=IFCCARTESIANPOINTLIST2D(((6.613,7.075),(6.625,7.075),(6.625,11.925),(6.613,11.925)));
#5675=IFCINDEXEDPOLYCURVE(#5674,(IFCLINEINDEX((1,2,3,4,1))),$);
#5676=IFCARBITRARYCLOSEDPROFILEDEF(.AREA.,$,#5675);
#5677=IFCCARTESIANPOINT((0.,0.,0.02));
#5678=IFCDIRECTION((0.,0.,1.));
#5679=IFCDIRECTION((1.,0.,0.));
#5680=IFCAXIS2PLACEMENT3D(#5677,#5678,#5679);
#5681=IFCDIRECTION((0.,0.,1.));
#5682=IFCEXTRUDEDAREASOLID(#5676,#5680,#5681,0.06999999999999999);
#5683=IFCCARTESIANPOINTLIST2D(((6.775,7.075),(6.787,7.075),(6.787,11.925),(6.775,11.925)));
#5684=IFCINDEXEDPOLYCURVE(#5683,(IFCLINEINDEX((1,2,3,4,1))),$);
#5685=IFCARBITRARYCLOSEDPROFILEDEF(.AREA.,$,#5684);
#5686=IFCCARTESIANPOINT((0.,0.,0.02));
#5687=IFCDIRECTION((0.,0.,1.));
#5688=IFCDIRECTION((1.,0.,0.));
#5689=IFCAXIS2PLACEMENT3D(#5686,#5687,#5688);
#5690=IFCDIRECTION((0.,0.,1.));
#5691=IFCEXTRUDEDAREASOLID(#5685,#5689,#5690,0.06999999999999999);
#5692=IFCCOVERING('00052o001008000000003d',$,'Rodap\X2\00E9\X0\ (t\X2\00E9\X0\rreo)',$,$,#5715,#5699,$,.SKIRTINGBOARD.);
#5698=IFCSHAPEREPRESENTATION(#12,'Body','SweptSolid',(#5610,#5619,#5628,#5637,#5646,#5655,#5664,#5673,#5682,#5691));
#5699=IFCPRODUCTDEFINITIONSHAPE($,$,(#5698));
#5700=IFCSTYLEDITEM(#5610,(#82),'Rodap\X2\00E9\X0\ de porcelanato');
#5701=IFCSTYLEDITEM(#5619,(#82),'Rodap\X2\00E9\X0\ de porcelanato');
#5702=IFCSTYLEDITEM(#5628,(#82),'Rodap\X2\00E9\X0\ de porcelanato');
#5703=IFCSTYLEDITEM(#5637,(#82),'Rodap\X2\00E9\X0\ de porcelanato');
#5704=IFCSTYLEDITEM(#5646,(#82),'Rodap\X2\00E9\X0\ de porcelanato');
#5705=IFCSTYLEDITEM(#5655,(#82),'Rodap\X2\00E9\X0\ de porcelanato');
#5706=IFCSTYLEDITEM(#5664,(#82),'Rodap\X2\00E9\X0\ de porcelanato');
#5707=IFCSTYLEDITEM(#5673,(#82),'Rodap\X2\00E9\X0\ de porcelanato');
#5708=IFCSTYLEDITEM(#5682,(#82),'Rodap\X2\00E9\X0\ de porcelanato');
#5709=IFCSTYLEDITEM(#5691,(#82),'Rodap\X2\00E9\X0\ de porcelanato');
#5710=IFCRELASSOCIATESMATERIAL('00052o001008000000003e',$,$,$,(#5692,#5878),#81);
#5711=IFCCARTESIANPOINT((0.,0.,0.));
#5712=IFCDIRECTION((0.,0.,1.));
#5713=IFCDIRECTION((1.,0.,0.));
#5714=IFCAXIS2PLACEMENT3D(#5711,#5712,#5713);
#5715=IFCLOCALPLACEMENT(#35,#5714);
#5716=IFCCARTESIANPOINTLIST2D(((0.075,0.075),(7.925,0.075),(7.925,0.087),(0.075,0.087)));
#5717=IFCINDEXEDPOLYCURVE(#5716,(IFCLINEINDEX((1,2,3,4,1))),$);
#5718=IFCARBITRARYCLOSEDPROFILEDEF(.AREA.,$,#5717);
#5719=IFCCARTESIANPOINT((0.,0.,3.02));
#5720=IFCDIRECTION((0.,0.,1.));
#5721=IFCDIRECTION((1.,0.,0.));
#5722=IFCAXIS2PLACEMENT3D(#5719,#5720,#5721);
#5723=IFCDIRECTION((0.,0.,1.));
#5724=IFCEXTRUDEDAREASOLID(#5718,#5722,#5723,0.06999999999999984);
#5725=IFCCARTESIANPOINTLIST2D(((0.075,11.913),(7.925,11.913),(7.925,11.925),(0.075,11.925)));
#5726=IFCINDEXEDPOLYCURVE(#5725,(IFCLINEINDEX((1,2,3,4,1))),$);
#5727=IFCARBITRARYCLOSEDPROFILEDEF(.AREA.,$,#5726);
#5728=IFCCARTESIANPOINT((0.,0.,3.02));
#5729=IFCDIRECTION((0.,0.,1.));
#5730=IFCDIRECTION((1.,0.,0.));
#5731=IFCAXIS2PLACEMENT3D(#5728,#5729,#5730);
#5732=IFCDIRECTION((0.,0.,1.));
#5733=IFCEXTRUDEDAREASOLID(#5727,#5731,#5732,0.06999999999999984);
#5734=IFCCARTESIANPOINTLIST2D(((0.075,0.075),(0.087,0.075),(0.087,11.925),(0.075,11.925)));
#5735=IFCINDEXEDPOLYCURVE(#5734,(IFCLINEINDEX((1,2,3,4,1))),$);
#5736=IFCARBITRARYCLOSEDPROFILEDEF(.AREA.,$,#5735);
#5737=IFCCARTESIANPOINT((0.,0.,3.02));
#5738=IFCDIRECTION((0.,0.,1.));
#5739=IFCDIRECTION((1.,0.,0.));
#5740=IFCAXIS2PLACEMENT3D(#5737,#5738,#5739);
#5741=IFCDIRECTION((0.,0.,1.));
#5742=IFCEXTRUDEDAREASOLID(#5736,#5740,#5741,0.06999999999999984);
#5743=IFCCARTESIANPOINTLIST2D(((7.913,0.075),(7.925,0.075),(7.925,11.925),(7.913,11.925)));
#5744=IFCINDEXEDPOLYCURVE(#5743,(IFCLINEINDEX((1,2,3,4,1))),$);
#5745=IFCARBITRARYCLOSEDPROFILEDEF(.AREA.,$,#5744);
#5746=IFCCARTESIANPOINT((0.,0.,3.02));
#5747=IFCDIRECTION((0.,0.,1.));
#5748=IFCDIRECTION((1.,0.,0.));
#5749=IFCAXIS2PLACEMENT3D(#5746,#5747,#5748);
#5750=IFCDIRECTION((0.,0.,1.));
#5751=IFCEXTRUDEDAREASOLID(#5745,#5749,#5750,0.06999999999999984);
#5752=IFCCARTESIANPOINTLIST2D(((0.075,5.913),(1.5,5.913),(1.5,5.925),(0.075,5.925)));
#5753=IFCINDEXEDPOLYCURVE(#5752,(IFCLINEINDEX((1,2,3,4,1))),$);
#5754=IFCARBITRARYCLOSEDPROFILEDEF(.AREA.,$,#5753);
#5755=IFCCARTESIANPOINT((0.,0.,3.02));
#5756=IFCDIRECTION((0.,0.,1.));
#5757=IFCDIRECTION((1.,0.,0.));
#5758=IFCAXIS2PLACEMENT3D(#5755,#5756,#5757);
#5759=IFCDIRECTION((0.,0.,1.));
#5760=IFCEXTRUDEDAREASOLID(#5754,#5758,#5759,0.06999999999999984);
#5761=IFCCARTESIANPOINTLIST2D(((2.4,5.913),(4.8,5.913),(4.8,5.925),(2.4,5.925)));
#5762=IFCINDEXEDPOLYCURVE(#5761,(IFCLINEINDEX((1,2,3,4,1))),$);
#5763=IFCARBITRARYCLOSEDPROFILEDEF(.AREA.,$,#5762);
#5764=IFCCARTESIANPOINT((0.,0.,3.02));
#5765=IFCDIRECTION((0.,0.,1.));
#5766=IFCDIRECTION((1.,0.,0.));
#5767=IFCAXIS2PLACEMENT3D(#5764,#5765,#5766);
#5768=IFCDIRECTION((0.,0.,1.));
#5769=IFCEXTRUDEDAREASOLID(#5763,#5767,#5768,0.06999999999999984);
#5770=IFCCARTESIANPOINTLIST2D(((5.7,5.913),(7.925,5.913),(7.925,5.925),(5.7,5.925)));
#5771=IFCINDEXEDPOLYCURVE(#5770,(IFCLINEINDEX((1,2,3,4,1))),$);
#5772=IFCARBITRARYCLOSEDPROFILEDEF(.AREA.,$,#5771);
#5773=IFCCARTESIANPOINT((0.,0.,3.02));
#5774=IFCDIRECTION((0.,0.,1.));
#5775=IFCDIRECTION((1.,0.,0.));
#5776=IFCAXIS2PLACEMENT3D(#5773,#5774,#5775);
#5777=IFCDIRECTION((0.,0.,1.));
#5778=IFCEXTRUDEDAREASOLID(#5772,#5776,#5777,0.06999999999999984);
#5779=IFCCARTESIANPOINTLIST2D(((0.075,6.075),(1.5,6.075),(1.5,6.087),(0.075,6.087)));
#5780=IFCINDEXEDPOLYCURVE(#5779,(IFCLINEINDEX((1,2,3,4,1))),$);
#5781=IFCARBITRARYCLOSEDPROFILEDEF(.AREA.,$,#5780);
#5782=IFCCARTESIANPOINT((0.,0.,3.02));
#5783=IFCDIRECTION((0.,0.,1.));
#5784=IFCDIRECTION((1.,0.,0.));
#5785=IFCAXIS2PLACEMENT3D(#5782,#5783,#5784);
#5786=IFCDIRECTION((0.,0.,1.));
#5787=IFCEXTRUDEDAREASOLID(#5781,#5785,#5786,0.06999999999999984);
#5788=IFCCARTESIANPOINTLIST2D(((2.4,6.075),(4.8,6.075),(4.8,6.087),(2.4,6.087)));
#5789=IFCINDEXEDPOLYCURVE(#5788,(IFCLINEINDEX((1,2,3,4,1))),$);
#5790=IFCARBITRARYCLOSEDPROFILEDEF(.AREA.,$,#5789);
#5791=IFCCARTESIANPOINT((0.,0.,3.02));
#5792=IFCDIRECTION((0.,0.,1.));
#5793=IFCDIRECTION((1.,0.,0.));
#5794=IFCAXIS2PLACEMENT3D(#5791,#5792,#5793);
#5795=IFCDIRECTION((0.,0.,1.));
#5796=IFCEXTRUDEDAREASOLID(#5790,#5794,#5795,0.06999999999999984);
#5797=IFCCARTESIANPOINTLIST2D(((5.7,6.075),(7.925,6.075),(7.925,6.087),(5.7,6.087)));
#5798=IFCINDEXEDPOLYCURVE(#5797,(IFCLINEINDEX((1,2,3,4,1))),$);
#5799=IFCARBITRARYCLOSEDPROFILEDEF(.AREA.,$,#5798);
#5800=IFCCARTESIANPOINT((0.,0.,3.02));
#5801=IFCDIRECTION((0.,0.,1.));
#5802=IFCDIRECTION((1.,0.,0.));
#5803=IFCAXIS2PLACEMENT3D(#5800,#5801,#5802);
#5804=IFCDIRECTION((0.,0.,1.));
#5805=IFCEXTRUDEDAREASOLID(#5799,#5803,#5804,0.06999999999999984);
#5806=IFCCARTESIANPOINTLIST2D(((3.913,0.075),(3.925,0.075),(3.925,5.925),(3.913,5.925)));
#5807=IFCINDEXEDPOLYCURVE(#5806,(IFCLINEINDEX((1,2,3,4,1))),$);
#5808=IFCARBITRARYCLOSEDPROFILEDEF(.AREA.,$,#5807);
#5809=IFCCARTESIANPOINT((0.,0.,3.02));
#5810=IFCDIRECTION((0.,0.,1.));
#5811=IFCDIRECTION((1.,0.,0.));
#5812=IFCAXIS2PLACEMENT3D(#5809,#5810,#5811);
#5813=IFCDIRECTION((0.,0.,1.));
#5814=IFCEXTRUDEDAREASOLID(#5808,#5812,#5813,0.06999999999999984);
#5815=IFCCARTESIANPOINTLIST2D(((4.075,0.075),(4.087,0.075),(4.087,5.925),(4.075,5.925)));
#5816=IFCINDEXEDPOLYCURVE(#5815,(IFCLINEINDEX((1,2,3,4,1))),$);
#5817=IFCARBITRARYCLOSEDPROFILEDEF(.AREA.,$,#5816);
#5818=IFCCARTESIANPOINT((0.,0.,3.02));
#5819=IFCDIRECTION((0.,0.,1.));
#5820=IFCDIRECTION((1.,0.,0.));
#5821=IFCAXIS2PLACEMENT3D(#5818,#5819,#5820);
#5822=IFCDIRECTION((0.,0.,1.));
#5823=IFCEXTRUDEDAREASOLID(#5817,#5821,#5822,0.06999999999999984);
#5824=IFCCARTESIANPOINTLIST2D(((0.075,8.413),(2.925,8.413),(2.925,8.425),(0.075,8.425)));
#5825=IFCINDEXEDPOLYCURVE(#5824,(IFCLINEINDEX((1,2,3,4,1))),$);
#5826=IFCARBITRARYCLOSEDPROFILEDEF(.AREA.,$,#5825);
#5827=IFCCARTESIANPOINT((0.,0.,3.02));
#5828=IFCDIRECTION((0.,0.,1.));
#5829=IFCDIRECTION((1.,0.,0.));
#5830=IFCAXIS2PLACEMENT3D(#5827,#5828,#5829);
#5831=IFCDIRECTION((0.,0.,1.));
#5832=IFCEXTRUDEDAREASOLID(#5826,#5830,#5831,0.06999999999999984);
#5833=IFCCARTESIANPOINTLIST2D(((0.075,8.575),(2.925,8.575),(2.925,8.587),(0.075,8.587)));
#5834=IFCINDEXEDPOLYCURVE(#5833,(IFCLINEINDEX((1,2,3,4,1))),$);
#5835=IFCARBITRARYCLOSEDPROFILEDEF(.AREA.,$,#5834);
#5836=IFCCARTESIANPOINT((0.,0.,3.02));
#5837=IFCDIRECTION((0.,0.,1.));
#5838=IFCDIRECTION((1.,0.,0.));
#5839=IFCAXIS2PLACEMENT3D(#5836,#5837,#5838);
#5840=IFCDIRECTION((0.,0.,1.));
#5841=IFCEXTRUDEDAREASOLID(#5835,#5839,#5840,0.06999999999999984);
#5842=IFCCARTESIANPOINTLIST2D(((2.913,8.575),(2.925,8.575),(2.925,9.),(2.913,9.)));
#5843=IFCINDEXEDPOLYCURVE(#5842,(IFCLINEINDEX((1,2,3,4,1))),$);
#5844=IFCARBITRARYCLOSEDPROFILEDEF(.AREA.,$,#5843);
#5845=IFCCARTESIANPOINT((0.,0.,3.02));
#5846=IFCDIRECTION((0.,0.,1.));
#5847=IFCDIRECTION((1.,0.,0.));
#5848=IFCAXIS2PLACEMENT3D(#5845,#5846,#5847);
#5849=IFCDIRECTION((0.,0.,1.));
#5850=IFCEXTRUDEDAREASOLID(#5844,#5848,#5849,0.06999999999999984);
#5851=IFCCARTESIANPOINTLIST2D(((2.913,9.8),(2.925,9.8),(2.925,11.925),(2.913,11.925)));
#5852=IFCINDEXEDPOLYCURVE(#5851,(IFCLINEINDEX((1,2,3,4,1))),$);
#5853=IFCARBITRARYCLOSEDPROFILEDEF(.AREA.,$,#5852);
#5854=IFCCARTESIANPOINT((0.,0.,3.02));
#5855=IFCDIRECTION((0.,0.,1.));
#5856=IFCDIRECTION((1.,0.,0.));
#5857=IFCAXIS2PLACEMENT3D(#5854,#5855,#5856);
#5858=IFCDIRECTION((0.,0.,1.));
#5859=IFCEXTRUDEDAREASOLID(#5853,#5857,#5858,0.06999999999999984);
#5860=IFCCARTESIANPOINTLIST2D(((3.075,8.575),(3.087,8.575),(3.087,9.),(3.075,9.)));
#5861=IFCINDEXEDPOLYCURVE(#5860,(IFCLINEINDEX((1,2,3,4,1))),$);
#5862=IFCARBITRARYCLOSEDPROFILEDEF(.AREA.,$,#5861);
#5863=IFCCARTESIANPOINT((0.,0.,3.02));
#5864=IFCDIRECTION((0.,0.,1.));
#5865=IFCDIRECTION((1.,0.,0.));
#5866=IFCAXIS2PLACEMENT3D(#5863,#5864,#5865);
#5867=IFCDIRECTION((0.,0.,1.));
#5868=IFCEXTRUDEDAREASOLID(#5862,#5866,#5867,0.06999999999999984);
#5869=IFCCARTESIANPOINTLIST2D(((3.075,9.8),(3.087,9.8),(3.087,11.925),(3.075,11.925)));
#5870=IFCINDEXEDPOLYCURVE(#5869,(IFCLINEINDEX((1,2,3,4,1))),$);
#5871=IFCARBITRARYCLOSEDPROFILEDEF(.AREA.,$,#5870);
#5872=IFCCARTESIANPOINT((0.,0.,3.02));
#5873=IFCDIRECTION((0.,0.,1.));
#5874=IFCDIRECTION((1.,0.,0.));
#5875=IFCAXIS2PLACEMENT3D(#5872,#5873,#5874);
#5876=IFCDIRECTION((0.,0.,1.));
#5877=IFCEXTRUDEDAREASOLID(#5871,#5875,#5876,0.06999999999999984);
#5878=IFCCOVERING('00052o001008000000003f',$,'Rodap\X2\00E9\X0\ (pavimento superior)',$,$,#5908,#5885,$,.SKIRTINGBOARD.);
#5884=IFCSHAPEREPRESENTATION(#12,'Body','SweptSolid',(#5724,#5733,#5742,#5751,#5760,#5769,#5778,#5787,#5796,#5805,#5814,#5823,#5832,#5841,#5850,#5859,#5868,#5877));
#5885=IFCPRODUCTDEFINITIONSHAPE($,$,(#5884));
#5886=IFCSTYLEDITEM(#5724,(#82),'Rodap\X2\00E9\X0\ de porcelanato');
#5887=IFCSTYLEDITEM(#5733,(#82),'Rodap\X2\00E9\X0\ de porcelanato');
#5888=IFCSTYLEDITEM(#5742,(#82),'Rodap\X2\00E9\X0\ de porcelanato');
#5889=IFCSTYLEDITEM(#5751,(#82),'Rodap\X2\00E9\X0\ de porcelanato');
#5890=IFCSTYLEDITEM(#5760,(#82),'Rodap\X2\00E9\X0\ de porcelanato');
#5891=IFCSTYLEDITEM(#5769,(#82),'Rodap\X2\00E9\X0\ de porcelanato');
#5892=IFCSTYLEDITEM(#5778,(#82),'Rodap\X2\00E9\X0\ de porcelanato');
#5893=IFCSTYLEDITEM(#5787,(#82),'Rodap\X2\00E9\X0\ de porcelanato');
#5894=IFCSTYLEDITEM(#5796,(#82),'Rodap\X2\00E9\X0\ de porcelanato');
#5895=IFCSTYLEDITEM(#5805,(#82),'Rodap\X2\00E9\X0\ de porcelanato');
#5896=IFCSTYLEDITEM(#5814,(#82),'Rodap\X2\00E9\X0\ de porcelanato');
#5897=IFCSTYLEDITEM(#5823,(#82),'Rodap\X2\00E9\X0\ de porcelanato');
#5898=IFCSTYLEDITEM(#5832,(#82),'Rodap\X2\00E9\X0\ de porcelanato');
#5899=IFCSTYLEDITEM(#5841,(#82),'Rodap\X2\00E9\X0\ de porcelanato');
#5900=IFCSTYLEDITEM(#5850,(#82),'Rodap\X2\00E9\X0\ de porcelanato');
#5901=IFCSTYLEDITEM(#5859,(#82),'Rodap\X2\00E9\X0\ de porcelanato');
#5902=IFCSTYLEDITEM(#5868,(#82),'Rodap\X2\00E9\X0\ de porcelanato');
#5903=IFCSTYLEDITEM(#5877,(#82),'Rodap\X2\00E9\X0\ de porcelanato');
#5904=IFCCARTESIANPOINT((0.,0.,0.));
#5905=IFCDIRECTION((0.,0.,1.));
#5906=IFCDIRECTION((1.,0.,0.));
#5907=IFCAXIS2PLACEMENT3D(#5904,#5905,#5906);
#5908=IFCLOCALPLACEMENT(#40,#5907);
#5909=IFCCARTESIANPOINTLIST2D(((-0.075,-0.105),(0.92,-0.105),(0.92,-0.075),(-0.075,-0.075)));
#5910=IFCINDEXEDPOLYCURVE(#5909,(IFCLINEINDEX((1,2,3,4,1))),$);
#5911=IFCARBITRARYCLOSEDPROFILEDEF(.AREA.,$,#5910);
#5912=IFCCARTESIANPOINT((0.,0.,0.));
#5913=IFCDIRECTION((0.,0.,1.));
#5914=IFCDIRECTION((1.,0.,0.));
#5915=IFCAXIS2PLACEMENT3D(#5912,#5913,#5914);
#5916=IFCDIRECTION((0.,0.,1.));
#5917=IFCEXTRUDEDAREASOLID(#5911,#5915,#5916,2.8);
#5918=IFCCARTESIANPOINTLIST2D(((2.18,-0.105),(3.42,-0.105),(3.42,-0.075),(2.18,-0.075)));
#5919=IFCINDEXEDPOLYCURVE(#5918,(IFCLINEINDEX((1,2,3,4,1))),$);
#5920=IFCARBITRARYCLOSEDPROFILEDEF(.AREA.,$,#5919);
#5921=IFCCARTESIANPOINT((0.,0.,0.));
#5922=IFCDIRECTION((0.,0.,1.));
#5923=IFCDIRECTION((1.,0.,0.));
#5924=IFCAXIS2PLACEMENT3D(#5921,#5922,#5923);
#5925=IFCDIRECTION((0.,0.,1.));
#5926=IFCEXTRUDEDAREASOLID(#5920,#5924,#5925,2.8);
#5927=IFCCOVERING('00052o001008000000003g',$,'Revestimento: pedra em cacos (fachada frontal, t\X2\00E9\X0\rreo)',$,$,#5942,#5934,$,.CLADDING.);
#5933=IFCSHAPEREPRESENTATION(#12,'Body','SweptSolid',(#5917,#5926));
#5934=IFCPRODUCTDEFINITIONSHAPE($,$,(#5933));
#5935=IFCSTYLEDITEM(#5917,(#86),'Pedra em cacos');
#5936=IFCSTYLEDITEM(#5926,(#86),'Pedra em cacos');
#5937=IFCRELASSOCIATESMATERIAL('00052o001008000000003h',$,$,$,(#5927),#85);
#5938=IFCCARTESIANPOINT((0.,0.,0.));
#5939=IFCDIRECTION((0.,0.,1.));
#5940=IFCDIRECTION((1.,0.,0.));
#5941=IFCAXIS2PLACEMENT3D(#5938,#5939,#5940);
#5942=IFCLOCALPLACEMENT(#35,#5941);
#5943=IFCCARTESIANPOINTLIST2D(((3.15,-0.11),(3.195,-0.11),(3.195,-0.075),(3.15,-0.075)));
#5944=IFCINDEXEDPOLYCURVE(#5943,(IFCLINEINDEX((1,2,3,4,1))),$);
#5945=IFCARBITRARYCLOSEDPROFILEDEF(.AREA.,$,#5944);
#5946=IFCCARTESIANPOINT((0.,0.,3.12));
#5947=IFCDIRECTION((0.,0.,1.));
#5948=IFCDIRECTION((1.,0.,0.));
#5949=IFCAXIS2PLACEMENT3D(#5946,#5947,#5948);
#5950=IFCDIRECTION((0.,0.,1.));
#5951=IFCEXTRUDEDAREASOLID(#5945,#5949,#5950,2.5599999999999996);
#5952=IFCCARTESIANPOINTLIST2D(((3.2399999999999998,-0.11),(3.2849999999999997,-0.11),(3.2849999999999997,-0.075),(3.2399999999999998,-0.075)));
#5953=IFCINDEXEDPOLYCURVE(#5952,(IFCLINEINDEX((1,2,3,4,1))),$);
#5954=IFCARBITRARYCLOSEDPROFILEDEF(.AREA.,$,#5953);
#5955=IFCCARTESIANPOINT((0.,0.,3.12));
#5956=IFCDIRECTION((0.,0.,1.));
#5957=IFCDIRECTION((1.,0.,0.));
#5958=IFCAXIS2PLACEMENT3D(#5955,#5956,#5957);
#5959=IFCDIRECTION((0.,0.,1.));
#5960=IFCEXTRUDEDAREASOLID(#5954,#5958,#5959,2.5599999999999996);
#5961=IFCCARTESIANPOINTLIST2D(((3.33,-0.11),(3.375,-0.11),(3.375,-0.075),(3.33,-0.075)));
#5962=IFCINDEXEDPOLYCURVE(#5961,(IFCLINEINDEX((1,2,3,4,1))),$);
#5963=IFCARBITRARYCLOSEDPROFILEDEF(.AREA.,$,#5962);
#5964=IFCCARTESIANPOINT((0.,0.,3.12));
#5965=IFCDIRECTION((0.,0.,1.));
#5966=IFCDIRECTION((1.,0.,0.));
#5967=IFCAXIS2PLACEMENT3D(#5964,#5965,#5966);
#5968=IFCDIRECTION((0.,0.,1.));
#5969=IFCEXTRUDEDAREASOLID(#5963,#5967,#5968,2.5599999999999996);
#5970=IFCCARTESIANPOINTLIST2D(((3.42,-0.11),(3.465,-0.11),(3.465,-0.075),(3.42,-0.075)));
#5971=IFCINDEXEDPOLYCURVE(#5970,(IFCLINEINDEX((1,2,3,4,1))),$);
#5972=IFCARBITRARYCLOSEDPROFILEDEF(.AREA.,$,#5971);
#5973=IFCCARTESIANPOINT((0.,0.,3.12));
#5974=IFCDIRECTION((0.,0.,1.));
#5975=IFCDIRECTION((1.,0.,0.));
#5976=IFCAXIS2PLACEMENT3D(#5973,#5974,#5975);
#5977=IFCDIRECTION((0.,0.,1.));
#5978=IFCEXTRUDEDAREASOLID(#5972,#5976,#5977,2.5599999999999996);
#5979=IFCCARTESIANPOINTLIST2D(((3.51,-0.11),(3.5549999999999997,-0.11),(3.5549999999999997,-0.075),(3.51,-0.075)));
#5980=IFCINDEXEDPOLYCURVE(#5979,(IFCLINEINDEX((1,2,3,4,1))),$);
#5981=IFCARBITRARYCLOSEDPROFILEDEF(.AREA.,$,#5980);
#5982=IFCCARTESIANPOINT((0.,0.,3.12));
#5983=IFCDIRECTION((0.,0.,1.));
#5984=IFCDIRECTION((1.,0.,0.));
#5985=IFCAXIS2PLACEMENT3D(#5982,#5983,#5984);
#5986=IFCDIRECTION((0.,0.,1.));
#5987=IFCEXTRUDEDAREASOLID(#5981,#5985,#5986,2.5599999999999996);
#5988=IFCCARTESIANPOINTLIST2D(((3.5999999999999996,-0.11),(3.6449999999999996,-0.11),(3.6449999999999996,-0.075),(3.5999999999999996,-0.075)));
#5989=IFCINDEXEDPOLYCURVE(#5988,(IFCLINEINDEX((1,2,3,4,1))),$);
#5990=IFCARBITRARYCLOSEDPROFILEDEF(.AREA.,$,#5989);
#5991=IFCCARTESIANPOINT((0.,0.,3.12));
#5992=IFCDIRECTION((0.,0.,1.));
#5993=IFCDIRECTION((1.,0.,0.));
#5994=IFCAXIS2PLACEMENT3D(#5991,#5992,#5993);
#5995=IFCDIRECTION((0.,0.,1.));
#5996=IFCEXTRUDEDAREASOLID(#5990,#5994,#5995,2.5599999999999996);
#5997=IFCCARTESIANPOINTLIST2D(((3.69,-0.11),(3.735,-0.11),(3.735,-0.075),(3.69,-0.075)));
#5998=IFCINDEXEDPOLYCURVE(#5997,(IFCLINEINDEX((1,2,3,4,1))),$);
#5999=IFCARBITRARYCLOSEDPROFILEDEF(.AREA.,$,#5998);
#6000=IFCCARTESIANPOINT((0.,0.,3.12));
#6001=IFCDIRECTION((0.,0.,1.));
#6002=IFCDIRECTION((1.,0.,0.));
#6003=IFCAXIS2PLACEMENT3D(#6000,#6001,#6002);
#6004=IFCDIRECTION((0.,0.,1.));
#6005=IFCEXTRUDEDAREASOLID(#5999,#6003,#6004,2.5599999999999996);
#6006=IFCCARTESIANPOINTLIST2D(((3.78,-0.11),(3.8249999999999997,-0.11),(3.8249999999999997,-0.075),(3.78,-0.075)));
#6007=IFCINDEXEDPOLYCURVE(#6006,(IFCLINEINDEX((1,2,3,4,1))),$);
#6008=IFCARBITRARYCLOSEDPROFILEDEF(.AREA.,$,#6007);
#6009=IFCCARTESIANPOINT((0.,0.,3.12));
#6010=IFCDIRECTION((0.,0.,1.));
#6011=IFCDIRECTION((1.,0.,0.));
#6012=IFCAXIS2PLACEMENT3D(#6009,#6010,#6011);
#6013=IFCDIRECTION((0.,0.,1.));
#6014=IFCEXTRUDEDAREASOLID(#6008,#6012,#6013,2.5599999999999996);
#6015=IFCCARTESIANPOINTLIST2D(((3.87,-0.11),(3.915,-0.11),(3.915,-0.075),(3.87,-0.075)));
#6016=IFCINDEXEDPOLYCURVE(#6015,(IFCLINEINDEX((1,2,3,4,1))),$);
#6017=IFCARBITRARYCLOSEDPROFILEDEF(.AREA.,$,#6016);
#6018=IFCCARTESIANPOINT((0.,0.,3.12));
#6019=IFCDIRECTION((0.,0.,1.));
#6020=IFCDIRECTION((1.,0.,0.));
#6021=IFCAXIS2PLACEMENT3D(#6018,#6019,#6020);
#6022=IFCDIRECTION((0.,0.,1.));
#6023=IFCEXTRUDEDAREASOLID(#6017,#6021,#6022,2.5599999999999996);
#6024=IFCCARTESIANPOINTLIST2D(((3.96,-0.11),(4.005,-0.11),(4.005,-0.075),(3.96,-0.075)));
#6025=IFCINDEXEDPOLYCURVE(#6024,(IFCLINEINDEX((1,2,3,4,1))),$);
#6026=IFCARBITRARYCLOSEDPROFILEDEF(.AREA.,$,#6025);
#6027=IFCCARTESIANPOINT((0.,0.,3.12));
#6028=IFCDIRECTION((0.,0.,1.));
#6029=IFCDIRECTION((1.,0.,0.));
#6030=IFCAXIS2PLACEMENT3D(#6027,#6028,#6029);
#6031=IFCDIRECTION((0.,0.,1.));
#6032=IFCEXTRUDEDAREASOLID(#6026,#6030,#6031,2.5599999999999996);
#6033=IFCCARTESIANPOINTLIST2D(((4.05,-0.11),(4.095,-0.11),(4.095,-0.075),(4.05,-0.075)));
#6034=IFCINDEXEDPOLYCURVE(#6033,(IFCLINEINDEX((1,2,3,4,1))),$);
#6035=IFCARBITRARYCLOSEDPROFILEDEF(.AREA.,$,#6034);
#6036=IFCCARTESIANPOINT((0.,0.,3.12));
#6037=IFCDIRECTION((0.,0.,1.));
#6038=IFCDIRECTION((1.,0.,0.));
#6039=IFCAXIS2PLACEMENT3D(#6036,#6037,#6038);
#6040=IFCDIRECTION((0.,0.,1.));
#6041=IFCEXTRUDEDAREASOLID(#6035,#6039,#6040,2.5599999999999996);
#6042=IFCCARTESIANPOINTLIST2D(((4.14,-0.11),(4.185,-0.11),(4.185,-0.075),(4.14,-0.075)));
#6043=IFCINDEXEDPOLYCURVE(#6042,(IFCLINEINDEX((1,2,3,4,1))),$);
#6044=IFCARBITRARYCLOSEDPROFILEDEF(.AREA.,$,#6043);
#6045=IFCCARTESIANPOINT((0.,0.,3.12));
#6046=IFCDIRECTION((0.,0.,1.));
#6047=IFCDIRECTION((1.,0.,0.));
#6048=IFCAXIS2PLACEMENT3D(#6045,#6046,#6047);
#6049=IFCDIRECTION((0.,0.,1.));
#6050=IFCEXTRUDEDAREASOLID(#6044,#6048,#6049,2.5599999999999996);
#6051=IFCCARTESIANPOINTLIST2D(((4.23,-0.11),(4.275,-0.11),(4.275,-0.075),(4.23,-0.075)));
#6052=IFCINDEXEDPOLYCURVE(#6051,(IFCLINEINDEX((1,2,3,4,1))),$);
#6053=IFCARBITRARYCLOSEDPROFILEDEF(.AREA.,$,#6052);
#6054=IFCCARTESIANPOINT((0.,0.,3.12));
#6055=IFCDIRECTION((0.,0.,1.));
#6056=IFCDIRECTION((1.,0.,0.));
#6057=IFCAXIS2PLACEMENT3D(#6054,#6055,#6056);
#6058=IFCDIRECTION((0.,0.,1.));
#6059=IFCEXTRUDEDAREASOLID(#6053,#6057,#6058,2.5599999999999996);
#6060=IFCCARTESIANPOINTLIST2D(((4.32,-0.11),(4.365,-0.11),(4.365,-0.075),(4.32,-0.075)));
#6061=IFCINDEXEDPOLYCURVE(#6060,(IFCLINEINDEX((1,2,3,4,1))),$);
#6062=IFCARBITRARYCLOSEDPROFILEDEF(.AREA.,$,#6061);
#6063=IFCCARTESIANPOINT((0.,0.,3.12));
#6064=IFCDIRECTION((0.,0.,1.));
#6065=IFCDIRECTION((1.,0.,0.));
#6066=IFCAXIS2PLACEMENT3D(#6063,#6064,#6065);
#6067=IFCDIRECTION((0.,0.,1.));
#6068=IFCEXTRUDEDAREASOLID(#6062,#6066,#6067,2.5599999999999996);
#6069=IFCCARTESIANPOINTLIST2D(((4.41,-0.11),(4.455,-0.11),(4.455,-0.075),(4.41,-0.075)));
#6070=IFCINDEXEDPOLYCURVE(#6069,(IFCLINEINDEX((1,2,3,4,1))),$);
#6071=IFCARBITRARYCLOSEDPROFILEDEF(.AREA.,$,#6070);
#6072=IFCCARTESIANPOINT((0.,0.,3.12));
#6073=IFCDIRECTION((0.,0.,1.));
#6074=IFCDIRECTION((1.,0.,0.));
#6075=IFCAXIS2PLACEMENT3D(#6072,#6073,#6074);
#6076=IFCDIRECTION((0.,0.,1.));
#6077=IFCEXTRUDEDAREASOLID(#6071,#6075,#6076,2.5599999999999996);
#6078=IFCCARTESIANPOINTLIST2D(((4.5,-0.11),(4.545,-0.11),(4.545,-0.075),(4.5,-0.075)));
#6079=IFCINDEXEDPOLYCURVE(#6078,(IFCLINEINDEX((1,2,3,4,1))),$);
#6080=IFCARBITRARYCLOSEDPROFILEDEF(.AREA.,$,#6079);
#6081=IFCCARTESIANPOINT((0.,0.,3.12));
#6082=IFCDIRECTION((0.,0.,1.));
#6083=IFCDIRECTION((1.,0.,0.));
#6084=IFCAXIS2PLACEMENT3D(#6081,#6082,#6083);
#6085=IFCDIRECTION((0.,0.,1.));
#6086=IFCEXTRUDEDAREASOLID(#6080,#6084,#6085,2.5599999999999996);
#6087=IFCCARTESIANPOINTLIST2D(((4.59,-0.11),(4.635,-0.11),(4.635,-0.075),(4.59,-0.075)));
#6088=IFCINDEXEDPOLYCURVE(#6087,(IFCLINEINDEX((1,2,3,4,1))),$);
#6089=IFCARBITRARYCLOSEDPROFILEDEF(.AREA.,$,#6088);
#6090=IFCCARTESIANPOINT((0.,0.,3.12));
#6091=IFCDIRECTION((0.,0.,1.));
#6092=IFCDIRECTION((1.,0.,0.));
#6093=IFCAXIS2PLACEMENT3D(#6090,#6091,#6092);
#6094=IFCDIRECTION((0.,0.,1.));
#6095=IFCEXTRUDEDAREASOLID(#6089,#6093,#6094,2.5599999999999996);
#6096=IFCCARTESIANPOINTLIST2D(((4.68,-0.11),(4.725,-0.11),(4.725,-0.075),(4.68,-0.075)));
#6097=IFCINDEXEDPOLYCURVE(#6096,(IFCLINEINDEX((1,2,3,4,1))),$);
#6098=IFCARBITRARYCLOSEDPROFILEDEF(.AREA.,$,#6097);
#6099=IFCCARTESIANPOINT((0.,0.,3.12));
#6100=IFCDIRECTION((0.,0.,1.));
#6101=IFCDIRECTION((1.,0.,0.));
#6102=IFCAXIS2PLACEMENT3D(#6099,#6100,#6101);
#6103=IFCDIRECTION((0.,0.,1.));
#6104=IFCEXTRUDEDAREASOLID(#6098,#6102,#6103,2.5599999999999996);
#6105=IFCCARTESIANPOINTLIST2D(((4.77,-0.11),(4.8149999999999995,-0.11),(4.8149999999999995,-0.075),(4.77,-0.075)));
#6106=IFCINDEXEDPOLYCURVE(#6105,(IFCLINEINDEX((1,2,3,4,1))),$);
#6107=IFCARBITRARYCLOSEDPROFILEDEF(.AREA.,$,#6106);
#6108=IFCCARTESIANPOINT((0.,0.,3.12));
#6109=IFCDIRECTION((0.,0.,1.));
#6110=IFCDIRECTION((1.,0.,0.));
#6111=IFCAXIS2PLACEMENT3D(#6108,#6109,#6110);
#6112=IFCDIRECTION((0.,0.,1.));
#6113=IFCEXTRUDEDAREASOLID(#6107,#6111,#6112,2.5599999999999996);
#6114=IFCCOVERING('00052o001008000000003i',$,'Revestimento: ripado de freij\X2\00F3\X0\ (fachada frontal, superior)',$,$,#6146,#6121,$,.CLADDING.);
#6120=IFCSHAPEREPRESENTATION(#12,'Body','SweptSolid',(#5951,#5960,#5969,#5978,#5987,#5996,#6005,#6014,#6023,#6032,#6041,#6050,#6059,#6068,#6077,#6086,#6095,#6104,#6113));
#6121=IFCPRODUCTDEFINITIONSHAPE($,$,(#6120));
#6122=IFCSTYLEDITEM(#5951,(#90),'Ripado de madeira freij\X2\00F3\X0\');
#6123=IFCSTYLEDITEM(#5960,(#90),'Ripado de madeira freij\X2\00F3\X0\');
#6124=IFCSTYLEDITEM(#5969,(#90),'Ripado de madeira freij\X2\00F3\X0\');
#6125=IFCSTYLEDITEM(#5978,(#90),'Ripado de madeira freij\X2\00F3\X0\');
#6126=IFCSTYLEDITEM(#5987,(#90),'Ripado de madeira freij\X2\00F3\X0\');
#6127=IFCSTYLEDITEM(#5996,(#90),'Ripado de madeira freij\X2\00F3\X0\');
#6128=IFCSTYLEDITEM(#6005,(#90),'Ripado de madeira freij\X2\00F3\X0\');
#6129=IFCSTYLEDITEM(#6014,(#90),'Ripado de madeira freij\X2\00F3\X0\');
#6130=IFCSTYLEDITEM(#6023,(#90),'Ripado de madeira freij\X2\00F3\X0\');
#6131=IFCSTYLEDITEM(#6032,(#90),'Ripado de madeira freij\X2\00F3\X0\');
#6132=IFCSTYLEDITEM(#6041,(#90),'Ripado de madeira freij\X2\00F3\X0\');
#6133=IFCSTYLEDITEM(#6050,(#90),'Ripado de madeira freij\X2\00F3\X0\');
#6134=IFCSTYLEDITEM(#6059,(#90),'Ripado de madeira freij\X2\00F3\X0\');
#6135=IFCSTYLEDITEM(#6068,(#90),'Ripado de madeira freij\X2\00F3\X0\');
#6136=IFCSTYLEDITEM(#6077,(#90),'Ripado de madeira freij\X2\00F3\X0\');
#6137=IFCSTYLEDITEM(#6086,(#90),'Ripado de madeira freij\X2\00F3\X0\');
#6138=IFCSTYLEDITEM(#6095,(#90),'Ripado de madeira freij\X2\00F3\X0\');
#6139=IFCSTYLEDITEM(#6104,(#90),'Ripado de madeira freij\X2\00F3\X0\');
#6140=IFCSTYLEDITEM(#6113,(#90),'Ripado de madeira freij\X2\00F3\X0\');
#6141=IFCRELASSOCIATESMATERIAL('00052o001008000000003j',$,$,$,(#6114),#89);
#6142=IFCCARTESIANPOINT((0.,0.,0.));
#6143=IFCDIRECTION((0.,0.,1.));
#6144=IFCDIRECTION((1.,0.,0.));
#6145=IFCAXIS2PLACEMENT3D(#6142,#6143,#6144);
#6146=IFCLOCALPLACEMENT(#40,#6145);
ENDSEC;
END-ISO-10303-21;
