ISO-10303-21;
HEADER;
FILE_DESCRIPTION(('ViewDefinition [CoordinationView]'),'2;1');
FILE_NAME('','2026-10-07T00:00:00',('Construction 4D Studio'),(''),'IfcOpenShell 0.9.0alpha0-8c614fa','IfcOpenShell 0.9.0alpha0-8c614fa','');
FILE_SCHEMA(('IFC4'));
ENDSEC;
DATA;
#1=IFCPROJECT('000DIX0010080000000001',$,'Casa de demonstra\X2\00E700E3\X0\o 4D',$,$,$,$,(#11),#6);
#2=IFCSIUNIT(*,.LENGTHUNIT.,$,.METRE.);
#3=IFCSIUNIT(*,.AREAUNIT.,$,.SQUARE_METRE.);
#4=IFCSIUNIT(*,.VOLUMEUNIT.,$,.CUBIC_METRE.);
#5=IFCSIUNIT(*,.PLANEANGLEUNIT.,$,.RADIAN.);
#6=IFCUNITASSIGNMENT((#2,#3,#4,#5));
#7=IFCCARTESIANPOINT((0.,0.,0.));
#8=IFCDIRECTION((0.,0.,1.));
#9=IFCDIRECTION((1.,0.,0.));
#10=IFCAXIS2PLACEMENT3D(#7,#8,#9);
#11=IFCGEOMETRICREPRESENTATIONCONTEXT($,'Model',3,1.E-05,#10,$);
#12=IFCGEOMETRICREPRESENTATIONSUBCONTEXT('Body','Model',*,*,*,*,#11,$,.MODEL_VIEW.,$);
#13=IFCSITE('000DIX0010080000000002',$,'Lote 13,30 \X2\00D7\X0\ 30,00',$,$,#23,$,$,$,$,$,$,$,$);
#14=IFCBUILDING('000DIX0010080000000003',$,'Resid\X2\00EA\X0\ncia t\X2\00E9\X0\rrea',$,$,#28,$,$,$,$,$,$);
#15=IFCBUILDINGSTOREY('000DIX0010080000000004',$,'T\X2\00E9\X0\rreo',$,$,#33,$,$,$,$);
#16=IFCRELAGGREGATES('000DIX0010080000000005',$,$,$,#1,(#13));
#17=IFCRELAGGREGATES('000DIX0010080000000006',$,$,$,#13,(#14));
#18=IFCRELAGGREGATES('000DIX0010080000000007',$,$,$,#14,(#15));
#19=IFCCARTESIANPOINT((0.,0.,0.));
#20=IFCDIRECTION((0.,0.,1.));
#21=IFCDIRECTION((1.,0.,0.));
#22=IFCAXIS2PLACEMENT3D(#19,#20,#21);
#23=IFCLOCALPLACEMENT($,#22);
#24=IFCCARTESIANPOINT((0.,0.,0.));
#25=IFCDIRECTION((0.,0.,1.));
#26=IFCDIRECTION((1.,0.,0.));
#27=IFCAXIS2PLACEMENT3D(#24,#25,#26);
#28=IFCLOCALPLACEMENT(#23,#27);
#29=IFCCARTESIANPOINT((0.,0.,0.));
#30=IFCDIRECTION((0.,0.,1.));
#31=IFCDIRECTION((1.,0.,0.));
#32=IFCAXIS2PLACEMENT3D(#29,#30,#31);
#33=IFCLOCALPLACEMENT(#28,#32);
#34=IFCMATERIAL('Terreno natural',$,$);
#35=IFCSURFACESTYLE('Terreno natural',.BOTH.,(#36));
#36=IFCSURFACESTYLESHADING(#37,0.);
#37=IFCCOLOURRGB($,0.54,0.44,0.3);
#38=IFCMATERIAL('Concreto armado',$,$);
#39=IFCSURFACESTYLE('Concreto armado',.BOTH.,(#40));
#40=IFCSURFACESTYLESHADING(#41,0.);
#41=IFCCOLOURRGB($,0.62,0.62,0.6);
#42=IFCMATERIAL('Bloco cer\X2\00E2\X0\mico',$,$);
#43=IFCSURFACESTYLE('Bloco cer\X2\00E2\X0\mico',.BOTH.,(#44));
#44=IFCSURFACESTYLESHADING(#45,0.);
#45=IFCCOLOURRGB($,0.71,0.4,0.22);
#46=IFCMATERIAL('Telha met\X2\00E1\X0\lica termoac\X2\00FA\X0\stica',$,$);
#47=IFCSURFACESTYLE('Telha met\X2\00E1\X0\lica termoac\X2\00FA\X0\stica',.BOTH.,(#48));
#48=IFCSURFACESTYLESHADING(#49,0.);
#49=IFCCOLOURRGB($,0.42,0.48,0.55);
#50=IFCMATERIAL('Madeira',$,$);
#51=IFCSURFACESTYLE('Madeira',.BOTH.,(#52));
#52=IFCSURFACESTYLESHADING(#53,0.);
#53=IFCCOLOURRGB($,0.55,0.36,0.17);
#54=IFCMATERIAL('Vidro',$,$);
#55=IFCSURFACESTYLE('Vidro',.BOTH.,(#56));
#56=IFCSURFACESTYLESHADING(#57,0.55);
#57=IFCCOLOURRGB($,0.56,0.72,0.82);
#58=IFCMATERIAL('Porcelanato',$,$);
#59=IFCSURFACESTYLE('Porcelanato',.BOTH.,(#60));
#60=IFCSURFACESTYLESHADING(#61,0.);
#61=IFCCOLOURRGB($,0.85,0.82,0.76);
#62=IFCMATERIAL('Lou\X2\00E7\X0\a sanit\X2\00E1\X0\ria',$,$);
#63=IFCSURFACESTYLE('Lou\X2\00E7\X0\a sanit\X2\00E1\X0\ria',.BOTH.,(#64));
#64=IFCSURFACESTYLESHADING(#65,0.);
#65=IFCCOLOURRGB($,0.96,0.96,0.95);
#66=IFCMATERIAL('PVC',$,$);
#67=IFCSURFACESTYLE('PVC',.BOTH.,(#68));
#68=IFCSURFACESTYLESHADING(#69,0.);
#69=IFCCOLOURRGB($,0.23,0.49,0.85);
#70=IFCMATERIAL('Polietileno',$,$);
#71=IFCSURFACESTYLE('Polietileno',.BOTH.,(#72));
#72=IFCSURFACESTYLESHADING(#73,0.);
#73=IFCCOLOURRGB($,0.2,0.36,0.62);
#74=IFCMATERIAL('A\X2\00E7\X0\o pintado',$,$);
#75=IFCSURFACESTYLE('A\X2\00E7\X0\o pintado',.BOTH.,(#76));
#76=IFCSURFACESTYLESHADING(#77,0.);
#77=IFCCOLOURRGB($,0.3,0.3,0.32);
#78=IFCMATERIAL('Grama',$,$);
#79=IFCSURFACESTYLE('Grama',.BOTH.,(#80));
#80=IFCSURFACESTYLESHADING(#81,0.);
#81=IFCCOLOURRGB($,0.37,0.54,0.29);
#82=IFCMATERIAL('Copa de \X2\00E1\X0\rvore',$,$);
#83=IFCSURFACESTYLE('Copa de \X2\00E1\X0\rvore',.BOTH.,(#84));
#84=IFCSURFACESTYLESHADING(#85,0.);
#85=IFCCOLOURRGB($,0.31,0.48,0.23);
#86=IFCMATERIAL('Tronco',$,$);
#87=IFCSURFACESTYLE('Tronco',.BOTH.,(#88));
#88=IFCSURFACESTYLESHADING(#89,0.);
#89=IFCCOLOURRGB($,0.42,0.29,0.18);
#90=IFCMATERIAL('Tecido',$,$);
#91=IFCSURFACESTYLE('Tecido',.BOTH.,(#92));
#92=IFCSURFACESTYLESHADING(#93,0.);
#93=IFCCOLOURRGB($,0.36,0.42,0.5);
#94=IFCMATERIAL('Tecido claro',$,$);
#95=IFCSURFACESTYLE('Tecido claro',.BOTH.,(#96));
#96=IFCSURFACESTYLESHADING(#97,0.);
#97=IFCCOLOURRGB($,0.9,0.88,0.84);
#98=IFCMATERIAL('Madeira clara',$,$);
#99=IFCSURFACESTYLE('Madeira clara',.BOTH.,(#100));
#100=IFCSURFACESTYLESHADING(#101,0.);
#101=IFCCOLOURRGB($,0.74,0.58,0.4);
#102=IFCMATERIAL('Tela de TV',$,$);
#103=IFCSURFACESTYLE('Tela de TV',.BOTH.,(#104));
#104=IFCSURFACESTYLESHADING(#105,0.);
#105=IFCCOLOURRGB($,0.05,0.05,0.06);
#106=IFCMATERIAL('A\X2\00E7\X0\o inox',$,$);
#107=IFCSURFACESTYLE('A\X2\00E7\X0\o inox',.BOTH.,(#108));
#108=IFCSURFACESTYLESHADING(#109,0.);
#109=IFCCOLOURRGB($,0.76,0.77,0.78);
#110=IFCMATERIAL('Terracota',$,$);
#111=IFCSURFACESTYLE('Terracota',.BOTH.,(#112));
#112=IFCSURFACESTYLESHADING(#113,0.);
#113=IFCCOLOURRGB($,0.62,0.36,0.24);
#114=IFCMATERIAL('Folhagem',$,$);
#115=IFCSURFACESTYLE('Folhagem',.BOTH.,(#116));
#116=IFCSURFACESTYLESHADING(#117,0.);
#117=IFCCOLOURRGB($,0.25,0.45,0.2);
#118=IFCGEOGRAPHICELEMENT('000DIX0010080000000008',$,'Terreno',$,$,#172,#161,$,.TERRAIN.);
#124=IFCCARTESIANPOINTLIST2D(((0.,0.),(13.3,0.),(13.3,4.55),(0.,4.55)));
#125=IFCINDEXEDPOLYCURVE(#124,(IFCLINEINDEX((1,2,3,4,1))),$);
#126=IFCARBITRARYCLOSEDPROFILEDEF(.AREA.,$,#125);
#127=IFCCARTESIANPOINT((0.,0.,0.));
#128=IFCDIRECTION((0.,0.,1.));
#129=IFCDIRECTION((1.,0.,0.));
#130=IFCAXIS2PLACEMENT3D(#127,#128,#129);
#131=IFCDIRECTION((0.,0.,1.));
#132=IFCEXTRUDEDAREASOLID(#126,#130,#131,0.30000000000000004);
#133=IFCCARTESIANPOINTLIST2D(((0.,23.45),(13.3,23.45),(13.3,30.),(0.,30.)));
#134=IFCINDEXEDPOLYCURVE(#133,(IFCLINEINDEX((1,2,3,4,1))),$);
#135=IFCARBITRARYCLOSEDPROFILEDEF(.AREA.,$,#134);
#136=IFCCARTESIANPOINT((0.,0.,0.));
#137=IFCDIRECTION((0.,0.,1.));
#138=IFCDIRECTION((1.,0.,0.));
#139=IFCAXIS2PLACEMENT3D(#136,#137,#138);
#140=IFCDIRECTION((0.,0.,1.));
#141=IFCEXTRUDEDAREASOLID(#135,#139,#140,0.30000000000000004);
#142=IFCCARTESIANPOINTLIST2D(((0.,4.55),(1.2,4.55),(1.2,23.45),(0.,23.45)));
#143=IFCINDEXEDPOLYCURVE(#142,(IFCLINEINDEX((1,2,3,4,1))),$);
#144=IFCARBITRARYCLOSEDPROFILEDEF(.AREA.,$,#143);
#145=IFCCARTESIANPOINT((0.,0.,0.));
#146=IFCDIRECTION((0.,0.,1.));
#147=IFCDIRECTION((1.,0.,0.));
#148=IFCAXIS2PLACEMENT3D(#145,#146,#147);
#149=IFCDIRECTION((0.,0.,1.));
#150=IFCEXTRUDEDAREASOLID(#144,#148,#149,0.30000000000000004);
#151=IFCCARTESIANPOINTLIST2D(((12.1,4.55),(13.3,4.55),(13.3,23.45),(12.1,23.45)));
#152=IFCINDEXEDPOLYCURVE(#151,(IFCLINEINDEX((1,2,3,4,1))),$);
#153=IFCARBITRARYCLOSEDPROFILEDEF(.AREA.,$,#152);
#154=IFCCARTESIANPOINT((0.,0.,0.));
#155=IFCDIRECTION((0.,0.,1.));
#156=IFCDIRECTION((1.,0.,0.));
#157=IFCAXIS2PLACEMENT3D(#154,#155,#156);
#158=IFCDIRECTION((0.,0.,1.));
#159=IFCEXTRUDEDAREASOLID(#153,#157,#158,0.30000000000000004);
#160=IFCSHAPEREPRESENTATION(#12,'Body','SweptSolid',(#132,#141,#150,#159));
#161=IFCPRODUCTDEFINITIONSHAPE($,$,(#160));
#162=IFCSTYLEDITEM(#132,(#35),'Terreno natural');
#163=IFCSTYLEDITEM(#141,(#35),'Terreno natural');
#164=IFCSTYLEDITEM(#150,(#35),'Terreno natural');
#165=IFCSTYLEDITEM(#159,(#35),'Terreno natural');
#166=IFCRELASSOCIATESMATERIAL('000DIX0010080000000009',$,$,$,(#118),#34);
#167=IFCRELCONTAINEDINSPATIALSTRUCTURE('000DIX001008000000000A',$,$,$,(#4099,#4009,#118,#3985,#4032,#4066),#13);
#168=IFCCARTESIANPOINT((-1.65,-5.,-0.4));
#169=IFCDIRECTION((0.,0.,1.));
#170=IFCDIRECTION((1.,0.,0.));
#171=IFCAXIS2PLACEMENT3D(#168,#169,#170);
#172=IFCLOCALPLACEMENT(#23,#171);
#173=IFCWALL('000DIX001008000000000B',$,'Parede: Fachada frontal',$,$,#197,#189,$,.SOLIDWALL.);
#179=IFCCARTESIANPOINTLIST2D(((0.,0.),(10.149999999999999,0.),(10.149999999999999,0.15),(0.,0.15)));
#180=IFCINDEXEDPOLYCURVE(#179,(IFCLINEINDEX((1,2,3,4,1))),$);
#181=IFCARBITRARYCLOSEDPROFILEDEF(.AREA.,$,#180);
#182=IFCCARTESIANPOINT((0.,0.,0.));
#183=IFCDIRECTION((0.,0.,1.));
#184=IFCDIRECTION((1.,0.,0.));
#185=IFCAXIS2PLACEMENT3D(#182,#183,#184);
#186=IFCDIRECTION((0.,0.,1.));
#187=IFCEXTRUDEDAREASOLID(#181,#185,#186,3.4);
#188=IFCSHAPEREPRESENTATION(#12,'Body','SweptSolid',(#187));
#189=IFCPRODUCTDEFINITIONSHAPE($,$,(#188));
#190=IFCSTYLEDITEM(#187,(#43),'Bloco cer\X2\00E2\X0\mico');
#191=IFCRELASSOCIATESMATERIAL('000DIX001008000000000C',$,$,$,(#520,#497,#313,#221,#405,#198,#290,#382,#474,#173,#267,#359,#451,#244,#336,#428),#42);
#192=IFCRELCONTAINEDINSPATIALSTRUCTURE('000DIX001008000000000D',$,$,$,(#1971,#497,#4899,#3939,#2960,#3452,#1002,#2477,#520,#1994,#1506,#3962,#4922,#2983,#3476,#2500,#4457,#2017,#3006,#3500,#1050,#2523,#4955,#2040,#568,#1554,#3029,#3523,#2546,#4979,#2063,#3052,#3546,#2569,#1098,#2086,#4530,#617,#1602,#3075,#3569,#2592,#2109,#1626,#3098,#3592,#2615,#1146,#2132,#173,#666,#1649,#3121,#3616,#2638,#2155,#198,#1672,#3144,#4603,#3639,#2661,#4132,#1194,#2178,#221,#1695,#714,#3167,#3662,#2684,#2201,#1718,#3190,#244,#3685,#2707,#2224,#4186,#267,#1741,#3213,#762,#3708,#2730,#4676,#2247,#1266,#4210,#290,#1764,#3236,#3731,#2753,#4700,#2270,#313,#1787,#3259,#3754,#810,#2776,#4724,#2293,#1314,#336,#1810,#3282,#3777,#2799,#4273,#2316,#359,#1833,#3305,#3800,#858,#2822,#4767,#4296,#2339,#1362,#382,#1856,#3328,#3824,#2845,#2362,#4320,#4800,#405,#1879,#3351,#3847,#2868,#906,#2385,#4823,#1410,#428,#1902,#3870,#2891,#2408,#451,#1925,#3893,#2914,#954,#4384,#2431,#4866,#474,#1458,#1948,#3916,#2937,#3428,#2454),#15);
#193=IFCCARTESIANPOINT((-0.075,-0.075,0.));
#194=IFCDIRECTION((0.,0.,1.));
#195=IFCDIRECTION((1.,0.,0.));
#196=IFCAXIS2PLACEMENT3D(#193,#194,#195);
#197=IFCLOCALPLACEMENT(#33,#196);
#198=IFCWALL('000DIX001008000000000E',$,'Parede: Fachada dos fundos',$,$,#220,#214,$,.SOLIDWALL.);
#204=IFCCARTESIANPOINTLIST2D(((0.,0.),(10.149999999999999,0.),(10.149999999999999,0.14999999999999858),(0.,0.14999999999999858)));
#205=IFCINDEXEDPOLYCURVE(#204,(IFCLINEINDEX((1,2,3,4,1))),$);
#206=IFCARBITRARYCLOSEDPROFILEDEF(.AREA.,$,#205);
#207=IFCCARTESIANPOINT((0.,0.,0.));
#208=IFCDIRECTION((0.,0.,1.));
#209=IFCDIRECTION((1.,0.,0.));
#210=IFCAXIS2PLACEMENT3D(#207,#208,#209);
#211=IFCDIRECTION((0.,0.,1.));
#212=IFCEXTRUDEDAREASOLID(#206,#210,#211,3.4);
#213=IFCSHAPEREPRESENTATION(#12,'Body','SweptSolid',(#212));
#214=IFCPRODUCTDEFINITIONSHAPE($,$,(#213));
#215=IFCSTYLEDITEM(#212,(#43),'Bloco cer\X2\00E2\X0\mico');
#216=IFCCARTESIANPOINT((-0.075,17.925,0.));
#217=IFCDIRECTION((0.,0.,1.));
#218=IFCDIRECTION((1.,0.,0.));
#219=IFCAXIS2PLACEMENT3D(#216,#217,#218);
#220=IFCLOCALPLACEMENT(#33,#219);
#221=IFCWALL('000DIX001008000000000F',$,'Parede: Lateral oeste, su\X2\00ED\X0\tes',$,$,#243,#237,$,.SOLIDWALL.);
#227=IFCCARTESIANPOINTLIST2D(((0.,0.),(0.15,0.),(0.15,7.65),(0.,7.65)));
#228=IFCINDEXEDPOLYCURVE(#227,(IFCLINEINDEX((1,2,3,4,1))),$);
#229=IFCARBITRARYCLOSEDPROFILEDEF(.AREA.,$,#228);
#230=IFCCARTESIANPOINT((0.,0.,0.));
#231=IFCDIRECTION((0.,0.,1.));
#232=IFCDIRECTION((1.,0.,0.));
#233=IFCAXIS2PLACEMENT3D(#230,#231,#232);
#234=IFCDIRECTION((0.,0.,1.));
#235=IFCEXTRUDEDAREASOLID(#229,#233,#234,3.4);
#236=IFCSHAPEREPRESENTATION(#12,'Body','SweptSolid',(#235));
#237=IFCPRODUCTDEFINITIONSHAPE($,$,(#236));
#238=IFCSTYLEDITEM(#235,(#43),'Bloco cer\X2\00E2\X0\mico');
#239=IFCCARTESIANPOINT((-0.075,-0.075,0.));
#240=IFCDIRECTION((0.,0.,1.));
#241=IFCDIRECTION((1.,0.,0.));
#242=IFCAXIS2PLACEMENT3D(#239,#240,#241);
#243=IFCLOCALPLACEMENT(#33,#242);
#244=IFCWALL('000DIX001008000000000G',$,'Parede: Lateral oeste, sala',$,$,#266,#260,$,.SOLIDWALL.);
#250=IFCCARTESIANPOINTLIST2D(((0.,0.),(0.15,0.),(0.15,6.1499999999999995),(0.,6.1499999999999995)));
#251=IFCINDEXEDPOLYCURVE(#250,(IFCLINEINDEX((1,2,3,4,1))),$);
#252=IFCARBITRARYCLOSEDPROFILEDEF(.AREA.,$,#251);
#253=IFCCARTESIANPOINT((0.,0.,0.));
#254=IFCDIRECTION((0.,0.,1.));
#255=IFCDIRECTION((1.,0.,0.));
#256=IFCAXIS2PLACEMENT3D(#253,#254,#255);
#257=IFCDIRECTION((0.,0.,1.));
#258=IFCEXTRUDEDAREASOLID(#252,#256,#257,6.);
#259=IFCSHAPEREPRESENTATION(#12,'Body','SweptSolid',(#258));
#260=IFCPRODUCTDEFINITIONSHAPE($,$,(#259));
#261=IFCSTYLEDITEM(#258,(#43),'Bloco cer\X2\00E2\X0\mico');
#262=IFCCARTESIANPOINT((-0.075,7.425,0.));
#263=IFCDIRECTION((0.,0.,1.));
#264=IFCDIRECTION((1.,0.,0.));
#265=IFCAXIS2PLACEMENT3D(#262,#263,#264);
#266=IFCLOCALPLACEMENT(#33,#265);
#267=IFCWALL('000DIX001008000000000H',$,'Parede: Lateral oeste, cozinha',$,$,#289,#283,$,.SOLIDWALL.);
#273=IFCCARTESIANPOINTLIST2D(((0.,0.),(0.15,0.),(0.15,4.649999999999999),(0.,4.649999999999999)));
#274=IFCINDEXEDPOLYCURVE(#273,(IFCLINEINDEX((1,2,3,4,1))),$);
#275=IFCARBITRARYCLOSEDPROFILEDEF(.AREA.,$,#274);
#276=IFCCARTESIANPOINT((0.,0.,0.));
#277=IFCDIRECTION((0.,0.,1.));
#278=IFCDIRECTION((1.,0.,0.));
#279=IFCAXIS2PLACEMENT3D(#276,#277,#278);
#280=IFCDIRECTION((0.,0.,1.));
#281=IFCEXTRUDEDAREASOLID(#275,#279,#280,3.4);
#282=IFCSHAPEREPRESENTATION(#12,'Body','SweptSolid',(#281));
#283=IFCPRODUCTDEFINITIONSHAPE($,$,(#282));
#284=IFCSTYLEDITEM(#281,(#43),'Bloco cer\X2\00E2\X0\mico');
#285=IFCCARTESIANPOINT((-0.075,13.425,0.));
#286=IFCDIRECTION((0.,0.,1.));
#287=IFCDIRECTION((1.,0.,0.));
#288=IFCAXIS2PLACEMENT3D(#285,#286,#287);
#289=IFCLOCALPLACEMENT(#33,#288);
#290=IFCWALL('000DIX001008000000000I',$,'Parede: Lateral leste, su\X2\00ED\X0\tes',$,$,#312,#306,$,.SOLIDWALL.);
#296=IFCCARTESIANPOINTLIST2D(((0.,0.),(0.14999999999999858,0.),(0.14999999999999858,7.65),(0.,7.65)));
#297=IFCINDEXEDPOLYCURVE(#296,(IFCLINEINDEX((1,2,3,4,1))),$);
#298=IFCARBITRARYCLOSEDPROFILEDEF(.AREA.,$,#297);
#299=IFCCARTESIANPOINT((0.,0.,0.));
#300=IFCDIRECTION((0.,0.,1.));
#301=IFCDIRECTION((1.,0.,0.));
#302=IFCAXIS2PLACEMENT3D(#299,#300,#301);
#303=IFCDIRECTION((0.,0.,1.));
#304=IFCEXTRUDEDAREASOLID(#298,#302,#303,3.4);
#305=IFCSHAPEREPRESENTATION(#12,'Body','SweptSolid',(#304));
#306=IFCPRODUCTDEFINITIONSHAPE($,$,(#305));
#307=IFCSTYLEDITEM(#304,(#43),'Bloco cer\X2\00E2\X0\mico');
#308=IFCCARTESIANPOINT((9.925,-0.075,0.));
#309=IFCDIRECTION((0.,0.,1.));
#310=IFCDIRECTION((1.,0.,0.));
#311=IFCAXIS2PLACEMENT3D(#308,#309,#310);
#312=IFCLOCALPLACEMENT(#33,#311);
#313=IFCWALL('000DIX001008000000000J',$,'Parede: Lateral leste, sala',$,$,#335,#329,$,.SOLIDWALL.);
#319=IFCCARTESIANPOINTLIST2D(((0.,0.),(0.14999999999999858,0.),(0.14999999999999858,6.1499999999999995),(0.,6.1499999999999995)));
#320=IFCINDEXEDPOLYCURVE(#319,(IFCLINEINDEX((1,2,3,4,1))),$);
#321=IFCARBITRARYCLOSEDPROFILEDEF(.AREA.,$,#320);
#322=IFCCARTESIANPOINT((0.,0.,0.));
#323=IFCDIRECTION((0.,0.,1.));
#324=IFCDIRECTION((1.,0.,0.));
#325=IFCAXIS2PLACEMENT3D(#322,#323,#324);
#326=IFCDIRECTION((0.,0.,1.));
#327=IFCEXTRUDEDAREASOLID(#321,#325,#326,6.);
#328=IFCSHAPEREPRESENTATION(#12,'Body','SweptSolid',(#327));
#329=IFCPRODUCTDEFINITIONSHAPE($,$,(#328));
#330=IFCSTYLEDITEM(#327,(#43),'Bloco cer\X2\00E2\X0\mico');
#331=IFCCARTESIANPOINT((9.925,7.425,0.));
#332=IFCDIRECTION((0.,0.,1.));
#333=IFCDIRECTION((1.,0.,0.));
#334=IFCAXIS2PLACEMENT3D(#331,#332,#333);
#335=IFCLOCALPLACEMENT(#33,#334);
#336=IFCWALL('000DIX001008000000000K',$,'Parede: Lateral leste, servi\X2\00E7\X0\o',$,$,#358,#352,$,.SOLIDWALL.);
#342=IFCCARTESIANPOINTLIST2D(((0.,0.),(0.14999999999999858,0.),(0.14999999999999858,4.649999999999999),(0.,4.649999999999999)));
#343=IFCINDEXEDPOLYCURVE(#342,(IFCLINEINDEX((1,2,3,4,1))),$);
#344=IFCARBITRARYCLOSEDPROFILEDEF(.AREA.,$,#343);
#345=IFCCARTESIANPOINT((0.,0.,0.));
#346=IFCDIRECTION((0.,0.,1.));
#347=IFCDIRECTION((1.,0.,0.));
#348=IFCAXIS2PLACEMENT3D(#345,#346,#347);
#349=IFCDIRECTION((0.,0.,1.));
#350=IFCEXTRUDEDAREASOLID(#344,#348,#349,3.4);
#351=IFCSHAPEREPRESENTATION(#12,'Body','SweptSolid',(#350));
#352=IFCPRODUCTDEFINITIONSHAPE($,$,(#351));
#353=IFCSTYLEDITEM(#350,(#43),'Bloco cer\X2\00E2\X0\mico');
#354=IFCCARTESIANPOINT((9.925,13.425,0.));
#355=IFCDIRECTION((0.,0.,1.));
#356=IFCDIRECTION((1.,0.,0.));
#357=IFCAXIS2PLACEMENT3D(#354,#355,#356);
#358=IFCLOCALPLACEMENT(#33,#357);
#359=IFCWALL('000DIX001008000000000L',$,'Parede: Sala, frente',$,$,#381,#375,$,.SOLIDWALL.);
#365=IFCCARTESIANPOINTLIST2D(((0.,0.),(10.149999999999999,0.),(10.149999999999999,0.15000000000000036),(0.,0.15000000000000036)));
#366=IFCINDEXEDPOLYCURVE(#365,(IFCLINEINDEX((1,2,3,4,1))),$);
#367=IFCARBITRARYCLOSEDPROFILEDEF(.AREA.,$,#366);
#368=IFCCARTESIANPOINT((0.,0.,0.));
#369=IFCDIRECTION((0.,0.,1.));
#370=IFCDIRECTION((1.,0.,0.));
#371=IFCAXIS2PLACEMENT3D(#368,#369,#370);
#372=IFCDIRECTION((0.,0.,1.));
#373=IFCEXTRUDEDAREASOLID(#367,#371,#372,6.);
#374=IFCSHAPEREPRESENTATION(#12,'Body','SweptSolid',(#373));
#375=IFCPRODUCTDEFINITIONSHAPE($,$,(#374));
#376=IFCSTYLEDITEM(#373,(#43),'Bloco cer\X2\00E2\X0\mico');
#377=IFCCARTESIANPOINT((-0.075,7.425,0.));
#378=IFCDIRECTION((0.,0.,1.));
#379=IFCDIRECTION((1.,0.,0.));
#380=IFCAXIS2PLACEMENT3D(#377,#378,#379);
#381=IFCLOCALPLACEMENT(#33,#380);
#382=IFCWALL('000DIX001008000000000M',$,'Parede: Sala, fundo',$,$,#404,#398,$,.SOLIDWALL.);
#388=IFCCARTESIANPOINTLIST2D(((0.,0.),(10.149999999999999,0.),(10.149999999999999,0.14999999999999858),(0.,0.14999999999999858)));
#389=IFCINDEXEDPOLYCURVE(#388,(IFCLINEINDEX((1,2,3,4,1))),$);
#390=IFCARBITRARYCLOSEDPROFILEDEF(.AREA.,$,#389);
#391=IFCCARTESIANPOINT((0.,0.,0.));
#392=IFCDIRECTION((0.,0.,1.));
#393=IFCDIRECTION((1.,0.,0.));
#394=IFCAXIS2PLACEMENT3D(#391,#392,#393);
#395=IFCDIRECTION((0.,0.,1.));
#396=IFCEXTRUDEDAREASOLID(#390,#394,#395,6.);
#397=IFCSHAPEREPRESENTATION(#12,'Body','SweptSolid',(#396));
#398=IFCPRODUCTDEFINITIONSHAPE($,$,(#397));
#399=IFCSTYLEDITEM(#396,(#43),'Bloco cer\X2\00E2\X0\mico');
#400=IFCCARTESIANPOINT((-0.075,13.425,0.));
#401=IFCDIRECTION((0.,0.,1.));
#402=IFCDIRECTION((1.,0.,0.));
#403=IFCAXIS2PLACEMENT3D(#400,#401,#402);
#404=IFCLOCALPLACEMENT(#33,#403);
#405=IFCWALL('000DIX001008000000000N',$,'Parede: Vest\X2\00ED\X0\bulo, oeste',$,$,#427,#421,$,.SOLIDWALL.);
#411=IFCCARTESIANPOINTLIST2D(((0.,0.),(0.15000000000000036,0.),(0.15000000000000036,7.65),(0.,7.65)));
#412=IFCINDEXEDPOLYCURVE(#411,(IFCLINEINDEX((1,2,3,4,1))),$);
#413=IFCARBITRARYCLOSEDPROFILEDEF(.AREA.,$,#412);
#414=IFCCARTESIANPOINT((0.,0.,0.));
#415=IFCDIRECTION((0.,0.,1.));
#416=IFCDIRECTION((1.,0.,0.));
#417=IFCAXIS2PLACEMENT3D(#414,#415,#416);
#418=IFCDIRECTION((0.,0.,1.));
#419=IFCEXTRUDEDAREASOLID(#413,#417,#418,2.8);
#420=IFCSHAPEREPRESENTATION(#12,'Body','SweptSolid',(#419));
#421=IFCPRODUCTDEFINITIONSHAPE($,$,(#420));
#422=IFCSTYLEDITEM(#419,(#43),'Bloco cer\X2\00E2\X0\mico');
#423=IFCCARTESIANPOINT((3.925,-0.075,0.));
#424=IFCDIRECTION((0.,0.,1.));
#425=IFCDIRECTION((1.,0.,0.));
#426=IFCAXIS2PLACEMENT3D(#423,#424,#425);
#427=IFCLOCALPLACEMENT(#33,#426);
#428=IFCWALL('000DIX001008000000000O',$,'Parede: Vest\X2\00ED\X0\bulo, leste',$,$,#450,#444,$,.SOLIDWALL.);
#434=IFCCARTESIANPOINTLIST2D(((0.,0.),(0.15000000000000036,0.),(0.15000000000000036,7.65),(0.,7.65)));
#435=IFCINDEXEDPOLYCURVE(#434,(IFCLINEINDEX((1,2,3,4,1))),$);
#436=IFCARBITRARYCLOSEDPROFILEDEF(.AREA.,$,#435);
#437=IFCCARTESIANPOINT((0.,0.,0.));
#438=IFCDIRECTION((0.,0.,1.));
#439=IFCDIRECTION((1.,0.,0.));
#440=IFCAXIS2PLACEMENT3D(#437,#438,#439);
#441=IFCDIRECTION((0.,0.,1.));
#442=IFCEXTRUDEDAREASOLID(#436,#440,#441,2.8);
#443=IFCSHAPEREPRESENTATION(#12,'Body','SweptSolid',(#442));
#444=IFCPRODUCTDEFINITIONSHAPE($,$,(#443));
#445=IFCSTYLEDITEM(#442,(#43),'Bloco cer\X2\00E2\X0\mico');
#446=IFCCARTESIANPOINT((5.925,-0.075,0.));
#447=IFCDIRECTION((0.,0.,1.));
#448=IFCDIRECTION((1.,0.,0.));
#449=IFCAXIS2PLACEMENT3D(#446,#447,#448);
#450=IFCLOCALPLACEMENT(#33,#449);
#451=IFCWALL('000DIX001008000000000P',$,'Parede: Su\X2\00ED\X0\te oeste, banho',$,$,#473,#467,$,.SOLIDWALL.);
#457=IFCCARTESIANPOINTLIST2D(((0.,0.),(4.15,0.),(4.15,0.15000000000000036),(0.,0.15000000000000036)));
#458=IFCINDEXEDPOLYCURVE(#457,(IFCLINEINDEX((1,2,3,4,1))),$);
#459=IFCARBITRARYCLOSEDPROFILEDEF(.AREA.,$,#458);
#460=IFCCARTESIANPOINT((0.,0.,0.));
#461=IFCDIRECTION((0.,0.,1.));
#462=IFCDIRECTION((1.,0.,0.));
#463=IFCAXIS2PLACEMENT3D(#460,#461,#462);
#464=IFCDIRECTION((0.,0.,1.));
#465=IFCEXTRUDEDAREASOLID(#459,#463,#464,2.8);
#466=IFCSHAPEREPRESENTATION(#12,'Body','SweptSolid',(#465));
#467=IFCPRODUCTDEFINITIONSHAPE($,$,(#466));
#468=IFCSTYLEDITEM(#465,(#43),'Bloco cer\X2\00E2\X0\mico');
#469=IFCCARTESIANPOINT((-0.075,4.925,0.));
#470=IFCDIRECTION((0.,0.,1.));
#471=IFCDIRECTION((1.,0.,0.));
#472=IFCAXIS2PLACEMENT3D(#469,#470,#471);
#473=IFCLOCALPLACEMENT(#33,#472);
#474=IFCWALL('000DIX001008000000000Q',$,'Parede: Su\X2\00ED\X0\te leste, banho',$,$,#496,#490,$,.SOLIDWALL.);
#480=IFCCARTESIANPOINTLIST2D(((0.,0.),(4.1499999999999995,0.),(4.1499999999999995,0.15000000000000036),(0.,0.15000000000000036)));
#481=IFCINDEXEDPOLYCURVE(#480,(IFCLINEINDEX((1,2,3,4,1))),$);
#482=IFCARBITRARYCLOSEDPROFILEDEF(.AREA.,$,#481);
#483=IFCCARTESIANPOINT((0.,0.,0.));
#484=IFCDIRECTION((0.,0.,1.));
#485=IFCDIRECTION((1.,0.,0.));
#486=IFCAXIS2PLACEMENT3D(#483,#484,#485);
#487=IFCDIRECTION((0.,0.,1.));
#488=IFCEXTRUDEDAREASOLID(#482,#486,#487,2.8);
#489=IFCSHAPEREPRESENTATION(#12,'Body','SweptSolid',(#488));
#490=IFCPRODUCTDEFINITIONSHAPE($,$,(#489));
#491=IFCSTYLEDITEM(#488,(#43),'Bloco cer\X2\00E2\X0\mico');
#492=IFCCARTESIANPOINT((5.925,4.925,0.));
#493=IFCDIRECTION((0.,0.,1.));
#494=IFCDIRECTION((1.,0.,0.));
#495=IFCAXIS2PLACEMENT3D(#492,#493,#494);
#496=IFCLOCALPLACEMENT(#33,#495);
#497=IFCWALL('000DIX001008000000000R',$,'Parede: Cozinha, WC e servi\X2\00E7\X0\o',$,$,#519,#513,$,.SOLIDWALL.);
#503=IFCCARTESIANPOINTLIST2D(((0.,0.),(0.15000000000000036,0.),(0.15000000000000036,4.649999999999999),(0.,4.649999999999999)));
#504=IFCINDEXEDPOLYCURVE(#503,(IFCLINEINDEX((1,2,3,4,1))),$);
#505=IFCARBITRARYCLOSEDPROFILEDEF(.AREA.,$,#504);
#506=IFCCARTESIANPOINT((0.,0.,0.));
#507=IFCDIRECTION((0.,0.,1.));
#508=IFCDIRECTION((1.,0.,0.));
#509=IFCAXIS2PLACEMENT3D(#506,#507,#508);
#510=IFCDIRECTION((0.,0.,1.));
#511=IFCEXTRUDEDAREASOLID(#505,#509,#510,2.8);
#512=IFCSHAPEREPRESENTATION(#12,'Body','SweptSolid',(#511));
#513=IFCPRODUCTDEFINITIONSHAPE($,$,(#512));
#514=IFCSTYLEDITEM(#511,(#43),'Bloco cer\X2\00E2\X0\mico');
#515=IFCCARTESIANPOINT((5.925,13.425,0.));
#516=IFCDIRECTION((0.,0.,1.));
#517=IFCDIRECTION((1.,0.,0.));
#518=IFCAXIS2PLACEMENT3D(#515,#516,#517);
#519=IFCLOCALPLACEMENT(#33,#518);
#520=IFCWALL('000DIX001008000000000S',$,'Parede: WC, servi\X2\00E7\X0\o',$,$,#542,#536,$,.SOLIDWALL.);
#526=IFCCARTESIANPOINTLIST2D(((0.,0.),(4.1499999999999995,0.),(4.1499999999999995,0.14999999999999858),(0.,0.14999999999999858)));
#527=IFCINDEXEDPOLYCURVE(#526,(IFCLINEINDEX((1,2,3,4,1))),$);
#528=IFCARBITRARYCLOSEDPROFILEDEF(.AREA.,$,#527);
#529=IFCCARTESIANPOINT((0.,0.,0.));
#530=IFCDIRECTION((0.,0.,1.));
#531=IFCDIRECTION((1.,0.,0.));
#532=IFCAXIS2PLACEMENT3D(#529,#530,#531);
#533=IFCDIRECTION((0.,0.,1.));
#534=IFCEXTRUDEDAREASOLID(#528,#532,#533,2.8);
#535=IFCSHAPEREPRESENTATION(#12,'Body','SweptSolid',(#534));
#536=IFCPRODUCTDEFINITIONSHAPE($,$,(#535));
#537=IFCSTYLEDITEM(#534,(#43),'Bloco cer\X2\00E2\X0\mico');
#538=IFCCARTESIANPOINT((5.925,15.925,0.));
#539=IFCDIRECTION((0.,0.,1.));
#540=IFCDIRECTION((1.,0.,0.));
#541=IFCAXIS2PLACEMENT3D(#538,#539,#540);
#542=IFCLOCALPLACEMENT(#33,#541);
#543=IFCOPENINGELEMENT('000DIX001008000000000T',$,'V\X2\00E3\X0\o: Porta de entrada',$,$,#567,#559,$,.OPENING.);
#549=IFCCARTESIANPOINTLIST2D(((0.,0.),(1.2000000000000002,0.),(1.2000000000000002,0.25),(0.,0.25)));
#550=IFCINDEXEDPOLYCURVE(#549,(IFCLINEINDEX((1,2,3,4,1))),$);
#551=IFCARBITRARYCLOSEDPROFILEDEF(.AREA.,$,#550);
#552=IFCCARTESIANPOINT((0.,0.,0.));
#553=IFCDIRECTION((0.,0.,1.));
#554=IFCDIRECTION((1.,0.,0.));
#555=IFCAXIS2PLACEMENT3D(#552,#553,#554);
#556=IFCDIRECTION((0.,0.,1.));
#557=IFCEXTRUDEDAREASOLID(#551,#555,#556,2.1);
#558=IFCSHAPEREPRESENTATION(#12,'Body','SweptSolid',(#557));
#559=IFCPRODUCTDEFINITIONSHAPE($,$,(#558));
#560=IFCSTYLEDITEM(#557,(#39),'Concreto armado');
#561=IFCRELASSOCIATESMATERIAL('000DIX001008000000000U',$,$,$,(#738,#1971,#2707,#1482,#2960,#1242,#2224,#2477,#1741,#3213,#1994,#2730,#2983,#2247,#1026,#2500,#1764,#3236,#786,#543,#2017,#2753,#1530,#3006,#2270,#1290,#2454,#2523,#1787,#3259,#2040,#2776,#3029,#2293,#3190,#2546,#1074,#1810,#3282,#834,#2063,#2799,#593,#1578,#3052,#2316,#1338,#2569,#1833,#3305,#2086,#2822,#3075,#2339,#2592,#1856,#3328,#1122,#2109,#2845,#882,#642,#1626,#3098,#2362,#1386,#2615,#1879,#2132,#2868,#1649,#3121,#2385,#2638,#1902,#1170,#2155,#2891,#930,#1672,#690,#3144,#2408,#2661,#1434,#1925,#2178,#2914,#1695,#3167,#2431,#2684,#1948,#1218,#2201,#2937,#978,#1718),#38);
#562=IFCRELVOIDSELEMENT('000DIX001008000000000V',$,$,$,#173,#543);
#563=IFCCARTESIANPOINT((4.4750000000000005,-0.05,0.));
#564=IFCDIRECTION((0.,0.,1.));
#565=IFCDIRECTION((1.,0.,0.));
#566=IFCAXIS2PLACEMENT3D(#563,#564,#565);
#567=IFCLOCALPLACEMENT(#197,#566);
#568=IFCDOOR('000DIX001008000000000W',$,'Porta de entrada',$,$,#591,#584,$,2.1,1.2,.DOOR.,$,$);
#574=IFCCARTESIANPOINTLIST2D(((0.,0.),(1.2000000000000002,0.),(1.2000000000000002,0.04),(0.,0.04)));
#575=IFCINDEXEDPOLYCURVE(#574,(IFCLINEINDEX((1,2,3,4,1))),$);
#576=IFCARBITRARYCLOSEDPROFILEDEF(.AREA.,$,#575);
#577=IFCCARTESIANPOINT((0.,0.,0.));
#578=IFCDIRECTION((0.,0.,1.));
#579=IFCDIRECTION((1.,0.,0.));
#580=IFCAXIS2PLACEMENT3D(#577,#578,#579);
#581=IFCDIRECTION((0.,0.,1.));
#582=IFCEXTRUDEDAREASOLID(#576,#580,#581,2.1);
#583=IFCSHAPEREPRESENTATION(#12,'Body','SweptSolid',(#582));
#584=IFCPRODUCTDEFINITIONSHAPE($,$,(#583));
#585=IFCSTYLEDITEM(#582,(#51),'Madeira');
#586=IFCRELASSOCIATESMATERIAL('000DIX001008000000000X',$,$,$,(#4800,#714,#4210,#1362,#810,#4273,#4899,#568,#1002,#1314,#762,#1410,#858),#50);
#587=IFCCARTESIANPOINT((4.4,-0.02,0.));
#588=IFCDIRECTION((0.,0.,1.));
#589=IFCDIRECTION((1.,0.,0.));
#590=IFCAXIS2PLACEMENT3D(#587,#588,#589);
#591=IFCLOCALPLACEMENT(#33,#590);
#592=IFCRELFILLSELEMENT('000DIX001008000000000Y',$,$,$,#543,#568);
#593=IFCOPENINGELEMENT('000DIX001008000000000Z',$,'V\X2\00E3\X0\o: Janela-banco da su\X2\00ED\X0\te oeste',$,$,#616,#609,$,.OPENING.);
#599=IFCCARTESIANPOINTLIST2D(((0.,0.),(2.2,0.),(2.2,0.25),(0.,0.25)));
#600=IFCINDEXEDPOLYCURVE(#599,(IFCLINEINDEX((1,2,3,4,1))),$);
#601=IFCARBITRARYCLOSEDPROFILEDEF(.AREA.,$,#600);
#602=IFCCARTESIANPOINT((0.,0.,0.));
#603=IFCDIRECTION((0.,0.,1.));
#604=IFCDIRECTION((1.,0.,0.));
#605=IFCAXIS2PLACEMENT3D(#602,#603,#604);
#606=IFCDIRECTION((0.,0.,1.));
#607=IFCEXTRUDEDAREASOLID(#601,#605,#606,2.2);
#608=IFCSHAPEREPRESENTATION(#12,'Body','SweptSolid',(#607));
#609=IFCPRODUCTDEFINITIONSHAPE($,$,(#608));
#610=IFCSTYLEDITEM(#607,(#39),'Concreto armado');
#611=IFCRELVOIDSELEMENT('000DIX001008000000000a',$,$,$,#173,#593);
#612=IFCCARTESIANPOINT((0.975,-0.05,0.45));
#613=IFCDIRECTION((0.,0.,1.));
#614=IFCDIRECTION((1.,0.,0.));
#615=IFCAXIS2PLACEMENT3D(#612,#613,#614);
#616=IFCLOCALPLACEMENT(#197,#615);
#617=IFCWINDOW('000DIX001008000000000b',$,'Janela-banco da su\X2\00ED\X0\te oeste',$,$,#640,#633,$,2.2,2.2,.WINDOW.,$,$);
#623=IFCCARTESIANPOINTLIST2D(((0.,0.),(2.2,0.),(2.2,0.04),(0.,0.04)));
#624=IFCINDEXEDPOLYCURVE(#623,(IFCLINEINDEX((1,2,3,4,1))),$);
#625=IFCARBITRARYCLOSEDPROFILEDEF(.AREA.,$,#624);
#626=IFCCARTESIANPOINT((0.,0.,0.));
#627=IFCDIRECTION((0.,0.,1.));
#628=IFCDIRECTION((1.,0.,0.));
#629=IFCAXIS2PLACEMENT3D(#626,#627,#628);
#630=IFCDIRECTION((0.,0.,1.));
#631=IFCEXTRUDEDAREASOLID(#625,#629,#630,2.2);
#632=IFCSHAPEREPRESENTATION(#12,'Body','SweptSolid',(#631));
#633=IFCPRODUCTDEFINITIONSHAPE($,$,(#632));
#634=IFCSTYLEDITEM(#631,(#55),'Vidro');
#635=IFCRELASSOCIATESMATERIAL('000DIX001008000000000c',$,$,$,(#1506,#954,#617,#1602,#1050,#1266,#1146,#1458,#906,#1554,#666,#1098,#1194),#54);
#636=IFCCARTESIANPOINT((0.9,-0.02,0.45));
#637=IFCDIRECTION((0.,0.,1.));
#638=IFCDIRECTION((1.,0.,0.));
#639=IFCAXIS2PLACEMENT3D(#636,#637,#638);
#640=IFCLOCALPLACEMENT(#33,#639);
#641=IFCRELFILLSELEMENT('000DIX001008000000000d',$,$,$,#593,#617);
#642=IFCOPENINGELEMENT('000DIX001008000000000e',$,'V\X2\00E3\X0\o: Janela-banco da su\X2\00ED\X0\te leste',$,$,#665,#658,$,.OPENING.);
#648=IFCCARTESIANPOINTLIST2D(((0.,0.),(2.200000000000001,0.),(2.200000000000001,0.25),(0.,0.25)));
#649=IFCINDEXEDPOLYCURVE(#648,(IFCLINEINDEX((1,2,3,4,1))),$);
#650=IFCARBITRARYCLOSEDPROFILEDEF(.AREA.,$,#649);
#651=IFCCARTESIANPOINT((0.,0.,0.));
#652=IFCDIRECTION((0.,0.,1.));
#653=IFCDIRECTION((1.,0.,0.));
#654=IFCAXIS2PLACEMENT3D(#651,#652,#653);
#655=IFCDIRECTION((0.,0.,1.));
#656=IFCEXTRUDEDAREASOLID(#650,#654,#655,2.2);
#657=IFCSHAPEREPRESENTATION(#12,'Body','SweptSolid',(#656));
#658=IFCPRODUCTDEFINITIONSHAPE($,$,(#657));
#659=IFCSTYLEDITEM(#656,(#39),'Concreto armado');
#660=IFCRELVOIDSELEMENT('000DIX001008000000000f',$,$,$,#173,#642);
#661=IFCCARTESIANPOINT((6.9750000000000005,-0.05,0.45));
#662=IFCDIRECTION((0.,0.,1.));
#663=IFCDIRECTION((1.,0.,0.));
#664=IFCAXIS2PLACEMENT3D(#661,#662,#663);
#665=IFCLOCALPLACEMENT(#197,#664);
#666=IFCWINDOW('000DIX001008000000000g',$,'Janela-banco da su\X2\00ED\X0\te leste',$,$,#688,#682,$,2.2,2.2,.WINDOW.,$,$);
#672=IFCCARTESIANPOINTLIST2D(((0.,0.),(2.200000000000001,0.),(2.200000000000001,0.04),(0.,0.04)));
#673=IFCINDEXEDPOLYCURVE(#672,(IFCLINEINDEX((1,2,3,4,1))),$);
#674=IFCARBITRARYCLOSEDPROFILEDEF(.AREA.,$,#673);
#675=IFCCARTESIANPOINT((0.,0.,0.));
#676=IFCDIRECTION((0.,0.,1.));
#677=IFCDIRECTION((1.,0.,0.));
#678=IFCAXIS2PLACEMENT3D(#675,#676,#677);
#679=IFCDIRECTION((0.,0.,1.));
#680=IFCEXTRUDEDAREASOLID(#674,#678,#679,2.2);
#681=IFCSHAPEREPRESENTATION(#12,'Body','SweptSolid',(#680));
#682=IFCPRODUCTDEFINITIONSHAPE($,$,(#681));
#683=IFCSTYLEDITEM(#680,(#55),'Vidro');
#684=IFCCARTESIANPOINT((6.9,-0.02,0.45));
#685=IFCDIRECTION((0.,0.,1.));
#686=IFCDIRECTION((1.,0.,0.));
#687=IFCAXIS2PLACEMENT3D(#684,#685,#686);
#688=IFCLOCALPLACEMENT(#33,#687);
#689=IFCRELFILLSELEMENT('000DIX001008000000000h',$,$,$,#642,#666);
#690=IFCOPENINGELEMENT('000DIX001008000000000i',$,'V\X2\00E3\X0\o: Porta da su\X2\00ED\X0\te oeste',$,$,#713,#706,$,.OPENING.);
#696=IFCCARTESIANPOINTLIST2D(((0.,0.),(0.25,0.),(0.25,0.9000000000000004),(0.,0.9000000000000004)));
#697=IFCINDEXEDPOLYCURVE(#696,(IFCLINEINDEX((1,2,3,4,1))),$);
#698=IFCARBITRARYCLOSEDPROFILEDEF(.AREA.,$,#697);
#699=IFCCARTESIANPOINT((0.,0.,0.));
#700=IFCDIRECTION((0.,0.,1.));
#701=IFCDIRECTION((1.,0.,0.));
#702=IFCAXIS2PLACEMENT3D(#699,#700,#701);
#703=IFCDIRECTION((0.,0.,1.));
#704=IFCEXTRUDEDAREASOLID(#698,#702,#703,2.1);
#705=IFCSHAPEREPRESENTATION(#12,'Body','SweptSolid',(#704));
#706=IFCPRODUCTDEFINITIONSHAPE($,$,(#705));
#707=IFCSTYLEDITEM(#704,(#39),'Concreto armado');
#708=IFCRELVOIDSELEMENT('000DIX001008000000000j',$,$,$,#405,#690);
#709=IFCCARTESIANPOINT((-0.04999999999999982,3.875,0.));
#710=IFCDIRECTION((0.,0.,1.));
#711=IFCDIRECTION((1.,0.,0.));
#712=IFCAXIS2PLACEMENT3D(#709,#710,#711);
#713=IFCLOCALPLACEMENT(#427,#712);
#714=IFCDOOR('000DIX001008000000000k',$,'Porta da su\X2\00ED\X0\te oeste',$,$,#736,#730,$,2.1,0.9,.DOOR.,$,$);
#720=IFCCARTESIANPOINTLIST2D(((0.,0.),(0.03999999999999959,0.),(0.03999999999999959,0.9000000000000004),(0.,0.9000000000000004)));
#721=IFCINDEXEDPOLYCURVE(#720,(IFCLINEINDEX((1,2,3,4,1))),$);
#722=IFCARBITRARYCLOSEDPROFILEDEF(.AREA.,$,#721);
#723=IFCCARTESIANPOINT((0.,0.,0.));
#724=IFCDIRECTION((0.,0.,1.));
#725=IFCDIRECTION((1.,0.,0.));
#726=IFCAXIS2PLACEMENT3D(#723,#724,#725);
#727=IFCDIRECTION((0.,0.,1.));
#728=IFCEXTRUDEDAREASOLID(#722,#726,#727,2.1);
#729=IFCSHAPEREPRESENTATION(#12,'Body','SweptSolid',(#728));
#730=IFCPRODUCTDEFINITIONSHAPE($,$,(#729));
#731=IFCSTYLEDITEM(#728,(#51),'Madeira');
#732=IFCCARTESIANPOINT((3.98,3.8,0.));
#733=IFCDIRECTION((0.,0.,1.));
#734=IFCDIRECTION((1.,0.,0.));
#735=IFCAXIS2PLACEMENT3D(#732,#733,#734);
#736=IFCLOCALPLACEMENT(#33,#735);
#737=IFCRELFILLSELEMENT('000DIX001008000000000l',$,$,$,#690,#714);
#738=IFCOPENINGELEMENT('000DIX001008000000000m',$,'V\X2\00E3\X0\o: Porta da su\X2\00ED\X0\te leste',$,$,#761,#754,$,.OPENING.);
#744=IFCCARTESIANPOINTLIST2D(((0.,0.),(0.25,0.),(0.25,0.9000000000000004),(0.,0.9000000000000004)));
#745=IFCINDEXEDPOLYCURVE(#744,(IFCLINEINDEX((1,2,3,4,1))),$);
#746=IFCARBITRARYCLOSEDPROFILEDEF(.AREA.,$,#745);
#747=IFCCARTESIANPOINT((0.,0.,0.));
#748=IFCDIRECTION((0.,0.,1.));
#749=IFCDIRECTION((1.,0.,0.));
#750=IFCAXIS2PLACEMENT3D(#747,#748,#749);
#751=IFCDIRECTION((0.,0.,1.));
#752=IFCEXTRUDEDAREASOLID(#746,#750,#751,2.1);
#753=IFCSHAPEREPRESENTATION(#12,'Body','SweptSolid',(#752));
#754=IFCPRODUCTDEFINITIONSHAPE($,$,(#753));
#755=IFCSTYLEDITEM(#752,(#39),'Concreto armado');
#756=IFCRELVOIDSELEMENT('000DIX001008000000000n',$,$,$,#428,#738);
#757=IFCCARTESIANPOINT((-0.04999999999999982,3.875,0.));
#758=IFCDIRECTION((0.,0.,1.));
#759=IFCDIRECTION((1.,0.,0.));
#760=IFCAXIS2PLACEMENT3D(#757,#758,#759);
#761=IFCLOCALPLACEMENT(#450,#760);
#762=IFCDOOR('000DIX001008000000000o',$,'Porta da su\X2\00ED\X0\te leste',$,$,#784,#778,$,2.1,0.9,.DOOR.,$,$);
#768=IFCCARTESIANPOINTLIST2D(((0.,0.),(0.03999999999999915,0.),(0.03999999999999915,0.9000000000000004),(0.,0.9000000000000004)));
#769=IFCINDEXEDPOLYCURVE(#768,(IFCLINEINDEX((1,2,3,4,1))),$);
#770=IFCARBITRARYCLOSEDPROFILEDEF(.AREA.,$,#769);
#771=IFCCARTESIANPOINT((0.,0.,0.));
#772=IFCDIRECTION((0.,0.,1.));
#773=IFCDIRECTION((1.,0.,0.));
#774=IFCAXIS2PLACEMENT3D(#771,#772,#773);
#775=IFCDIRECTION((0.,0.,1.));
#776=IFCEXTRUDEDAREASOLID(#770,#774,#775,2.1);
#777=IFCSHAPEREPRESENTATION(#12,'Body','SweptSolid',(#776));
#778=IFCPRODUCTDEFINITIONSHAPE($,$,(#777));
#779=IFCSTYLEDITEM(#776,(#51),'Madeira');
#780=IFCCARTESIANPOINT((5.98,3.8,0.));
#781=IFCDIRECTION((0.,0.,1.));
#782=IFCDIRECTION((1.,0.,0.));
#783=IFCAXIS2PLACEMENT3D(#780,#781,#782);
#784=IFCLOCALPLACEMENT(#33,#783);
#785=IFCRELFILLSELEMENT('000DIX001008000000000p',$,$,$,#738,#762);
#786=IFCOPENINGELEMENT('000DIX001008000000000q',$,'V\X2\00E3\X0\o: Porta do banho oeste',$,$,#809,#802,$,.OPENING.);
#792=IFCCARTESIANPOINTLIST2D(((0.,0.),(0.8999999999999999,0.),(0.8999999999999999,0.25),(0.,0.25)));
#793=IFCINDEXEDPOLYCURVE(#792,(IFCLINEINDEX((1,2,3,4,1))),$);
#794=IFCARBITRARYCLOSEDPROFILEDEF(.AREA.,$,#793);
#795=IFCCARTESIANPOINT((0.,0.,0.));
#796=IFCDIRECTION((0.,0.,1.));
#797=IFCDIRECTION((1.,0.,0.));
#798=IFCAXIS2PLACEMENT3D(#795,#796,#797);
#799=IFCDIRECTION((0.,0.,1.));
#800=IFCEXTRUDEDAREASOLID(#794,#798,#799,2.1);
#801=IFCSHAPEREPRESENTATION(#12,'Body','SweptSolid',(#800));
#802=IFCPRODUCTDEFINITIONSHAPE($,$,(#801));
#803=IFCSTYLEDITEM(#800,(#39),'Concreto armado');
#804=IFCRELVOIDSELEMENT('000DIX001008000000000r',$,$,$,#451,#786);
#805=IFCCARTESIANPOINT((2.875,-0.04999999999999982,0.));
#806=IFCDIRECTION((0.,0.,1.));
#807=IFCDIRECTION((1.,0.,0.));
#808=IFCAXIS2PLACEMENT3D(#805,#806,#807);
#809=IFCLOCALPLACEMENT(#473,#808);
#810=IFCDOOR('000DIX001008000000000s',$,'Porta do banho oeste',$,$,#832,#826,$,2.1,0.9,.DOOR.,$,$);
#816=IFCCARTESIANPOINTLIST2D(((0.,0.),(0.8999999999999999,0.),(0.8999999999999999,0.03999999999999915),(0.,0.03999999999999915)));
#817=IFCINDEXEDPOLYCURVE(#816,(IFCLINEINDEX((1,2,3,4,1))),$);
#818=IFCARBITRARYCLOSEDPROFILEDEF(.AREA.,$,#817);
#819=IFCCARTESIANPOINT((0.,0.,0.));
#820=IFCDIRECTION((0.,0.,1.));
#821=IFCDIRECTION((1.,0.,0.));
#822=IFCAXIS2PLACEMENT3D(#819,#820,#821);
#823=IFCDIRECTION((0.,0.,1.));
#824=IFCEXTRUDEDAREASOLID(#818,#822,#823,2.1);
#825=IFCSHAPEREPRESENTATION(#12,'Body','SweptSolid',(#824));
#826=IFCPRODUCTDEFINITIONSHAPE($,$,(#825));
#827=IFCSTYLEDITEM(#824,(#51),'Madeira');
#828=IFCCARTESIANPOINT((2.8,4.98,0.));
#829=IFCDIRECTION((0.,0.,1.));
#830=IFCDIRECTION((1.,0.,0.));
#831=IFCAXIS2PLACEMENT3D(#828,#829,#830);
#832=IFCLOCALPLACEMENT(#33,#831);
#833=IFCRELFILLSELEMENT('000DIX001008000000000t',$,$,$,#786,#810);
#834=IFCOPENINGELEMENT('000DIX001008000000000u',$,'V\X2\00E3\X0\o: Porta do banho leste',$,$,#857,#850,$,.OPENING.);
#840=IFCCARTESIANPOINTLIST2D(((0.,0.),(0.9000000000000004,0.),(0.9000000000000004,0.25),(0.,0.25)));
#841=IFCINDEXEDPOLYCURVE(#840,(IFCLINEINDEX((1,2,3,4,1))),$);
#842=IFCARBITRARYCLOSEDPROFILEDEF(.AREA.,$,#841);
#843=IFCCARTESIANPOINT((0.,0.,0.));
#844=IFCDIRECTION((0.,0.,1.));
#845=IFCDIRECTION((1.,0.,0.));
#846=IFCAXIS2PLACEMENT3D(#843,#844,#845);
#847=IFCDIRECTION((0.,0.,1.));
#848=IFCEXTRUDEDAREASOLID(#842,#846,#847,2.1);
#849=IFCSHAPEREPRESENTATION(#12,'Body','SweptSolid',(#848));
#850=IFCPRODUCTDEFINITIONSHAPE($,$,(#849));
#851=IFCSTYLEDITEM(#848,(#39),'Concreto armado');
#852=IFCRELVOIDSELEMENT('000DIX001008000000000v',$,$,$,#474,#834);
#853=IFCCARTESIANPOINT((0.375,-0.04999999999999982,0.));
#854=IFCDIRECTION((0.,0.,1.));
#855=IFCDIRECTION((1.,0.,0.));
#856=IFCAXIS2PLACEMENT3D(#853,#854,#855);
#857=IFCLOCALPLACEMENT(#496,#856);
#858=IFCDOOR('000DIX001008000000000w',$,'Porta do banho leste',$,$,#880,#874,$,2.1,0.9,.DOOR.,$,$);
#864=IFCCARTESIANPOINTLIST2D(((0.,0.),(0.9000000000000004,0.),(0.9000000000000004,0.03999999999999915),(0.,0.03999999999999915)));
#865=IFCINDEXEDPOLYCURVE(#864,(IFCLINEINDEX((1,2,3,4,1))),$);
#866=IFCARBITRARYCLOSEDPROFILEDEF(.AREA.,$,#865);
#867=IFCCARTESIANPOINT((0.,0.,0.));
#868=IFCDIRECTION((0.,0.,1.));
#869=IFCDIRECTION((1.,0.,0.));
#870=IFCAXIS2PLACEMENT3D(#867,#868,#869);
#871=IFCDIRECTION((0.,0.,1.));
#872=IFCEXTRUDEDAREASOLID(#866,#870,#871,2.1);
#873=IFCSHAPEREPRESENTATION(#12,'Body','SweptSolid',(#872));
#874=IFCPRODUCTDEFINITIONSHAPE($,$,(#873));
#875=IFCSTYLEDITEM(#872,(#51),'Madeira');
#876=IFCCARTESIANPOINT((6.3,4.98,0.));
#877=IFCDIRECTION((0.,0.,1.));
#878=IFCDIRECTION((1.,0.,0.));
#879=IFCAXIS2PLACEMENT3D(#876,#877,#878);
#880=IFCLOCALPLACEMENT(#33,#879);
#881=IFCRELFILLSELEMENT('000DIX001008000000000x',$,$,$,#834,#858);
#882=IFCOPENINGELEMENT('000DIX001008000000000y',$,'V\X2\00E3\X0\o: Basculante do banho oeste',$,$,#905,#898,$,.OPENING.);
#888=IFCCARTESIANPOINTLIST2D(((0.,0.),(0.25,0.),(0.25,0.7999999999999998),(0.,0.7999999999999998)));
#889=IFCINDEXEDPOLYCURVE(#888,(IFCLINEINDEX((1,2,3,4,1))),$);
#890=IFCARBITRARYCLOSEDPROFILEDEF(.AREA.,$,#889);
#891=IFCCARTESIANPOINT((0.,0.,0.));
#892=IFCDIRECTION((0.,0.,1.));
#893=IFCDIRECTION((1.,0.,0.));
#894=IFCAXIS2PLACEMENT3D(#891,#892,#893);
#895=IFCDIRECTION((0.,0.,1.));
#896=IFCEXTRUDEDAREASOLID(#890,#894,#895,0.6000000000000001);
#897=IFCSHAPEREPRESENTATION(#12,'Body','SweptSolid',(#896));
#898=IFCPRODUCTDEFINITIONSHAPE($,$,(#897));
#899=IFCSTYLEDITEM(#896,(#39),'Concreto armado');
#900=IFCRELVOIDSELEMENT('000DIX001008000000000z',$,$,$,#221,#882);
#901=IFCCARTESIANPOINT((-0.05,5.875,1.6));
#902=IFCDIRECTION((0.,0.,1.));
#903=IFCDIRECTION((1.,0.,0.));
#904=IFCAXIS2PLACEMENT3D(#901,#902,#903);
#905=IFCLOCALPLACEMENT(#243,#904);
#906=IFCWINDOW('000DIX001008000000000_',$,'Basculante do banho oeste',$,$,#928,#922,$,0.6,0.8,.WINDOW.,$,$);
#912=IFCCARTESIANPOINTLIST2D(((0.,0.),(0.04,0.),(0.04,0.7999999999999998),(0.,0.7999999999999998)));
#913=IFCINDEXEDPOLYCURVE(#912,(IFCLINEINDEX((1,2,3,4,1))),$);
#914=IFCARBITRARYCLOSEDPROFILEDEF(.AREA.,$,#913);
#915=IFCCARTESIANPOINT((0.,0.,0.));
#916=IFCDIRECTION((0.,0.,1.));
#917=IFCDIRECTION((1.,0.,0.));
#918=IFCAXIS2PLACEMENT3D(#915,#916,#917);
#919=IFCDIRECTION((0.,0.,1.));
#920=IFCEXTRUDEDAREASOLID(#914,#918,#919,0.6000000000000001);
#921=IFCSHAPEREPRESENTATION(#12,'Body','SweptSolid',(#920));
#922=IFCPRODUCTDEFINITIONSHAPE($,$,(#921));
#923=IFCSTYLEDITEM(#920,(#55),'Vidro');
#924=IFCCARTESIANPOINT((-0.02,5.8,1.6));
#925=IFCDIRECTION((0.,0.,1.));
#926=IFCDIRECTION((1.,0.,0.));
#927=IFCAXIS2PLACEMENT3D(#924,#925,#926);
#928=IFCLOCALPLACEMENT(#33,#927);
#929=IFCRELFILLSELEMENT('000DIX001008000000000$',$,$,$,#882,#906);
#930=IFCOPENINGELEMENT('000DIX0010080000000010',$,'V\X2\00E3\X0\o: Basculante do banho leste',$,$,#953,#946,$,.OPENING.);
#936=IFCCARTESIANPOINTLIST2D(((0.,0.),(0.25,0.),(0.25,0.7999999999999998),(0.,0.7999999999999998)));
#937=IFCINDEXEDPOLYCURVE(#936,(IFCLINEINDEX((1,2,3,4,1))),$);
#938=IFCARBITRARYCLOSEDPROFILEDEF(.AREA.,$,#937);
#939=IFCCARTESIANPOINT((0.,0.,0.));
#940=IFCDIRECTION((0.,0.,1.));
#941=IFCDIRECTION((1.,0.,0.));
#942=IFCAXIS2PLACEMENT3D(#939,#940,#941);
#943=IFCDIRECTION((0.,0.,1.));
#944=IFCEXTRUDEDAREASOLID(#938,#942,#943,0.6000000000000001);
#945=IFCSHAPEREPRESENTATION(#12,'Body','SweptSolid',(#944));
#946=IFCPRODUCTDEFINITIONSHAPE($,$,(#945));
#947=IFCSTYLEDITEM(#944,(#39),'Concreto armado');
#948=IFCRELVOIDSELEMENT('000DIX0010080000000011',$,$,$,#290,#930);
#949=IFCCARTESIANPOINT((-0.05000000000000071,5.875,1.6));
#950=IFCDIRECTION((0.,0.,1.));
#951=IFCDIRECTION((1.,0.,0.));
#952=IFCAXIS2PLACEMENT3D(#949,#950,#951);
#953=IFCLOCALPLACEMENT(#312,#952);
#954=IFCWINDOW('000DIX0010080000000012',$,'Basculante do banho leste',$,$,#976,#970,$,0.6,0.8,.WINDOW.,$,$);
#960=IFCCARTESIANPOINTLIST2D(((0.,0.),(0.03999999999999915,0.),(0.03999999999999915,0.7999999999999998),(0.,0.7999999999999998)));
#961=IFCINDEXEDPOLYCURVE(#960,(IFCLINEINDEX((1,2,3,4,1))),$);
#962=IFCARBITRARYCLOSEDPROFILEDEF(.AREA.,$,#961);
#963=IFCCARTESIANPOINT((0.,0.,0.));
#964=IFCDIRECTION((0.,0.,1.));
#965=IFCDIRECTION((1.,0.,0.));
#966=IFCAXIS2PLACEMENT3D(#963,#964,#965);
#967=IFCDIRECTION((0.,0.,1.));
#968=IFCEXTRUDEDAREASOLID(#962,#966,#967,0.6000000000000001);
#969=IFCSHAPEREPRESENTATION(#12,'Body','SweptSolid',(#968));
#970=IFCPRODUCTDEFINITIONSHAPE($,$,(#969));
#971=IFCSTYLEDITEM(#968,(#55),'Vidro');
#972=IFCCARTESIANPOINT((9.98,5.8,1.6));
#973=IFCDIRECTION((0.,0.,1.));
#974=IFCDIRECTION((1.,0.,0.));
#975=IFCAXIS2PLACEMENT3D(#972,#973,#974);
#976=IFCLOCALPLACEMENT(#33,#975);
#977=IFCRELFILLSELEMENT('000DIX0010080000000013',$,$,$,#930,#954);
#978=IFCOPENINGELEMENT('000DIX0010080000000014',$,'V\X2\00E3\X0\o: Porta da sala',$,$,#1001,#994,$,.OPENING.);
#984=IFCCARTESIANPOINTLIST2D(((0.,0.),(1.,0.),(1.,0.25),(0.,0.25)));
#985=IFCINDEXEDPOLYCURVE(#984,(IFCLINEINDEX((1,2,3,4,1))),$);
#986=IFCARBITRARYCLOSEDPROFILEDEF(.AREA.,$,#985);
#987=IFCCARTESIANPOINT((0.,0.,0.));
#988=IFCDIRECTION((0.,0.,1.));
#989=IFCDIRECTION((1.,0.,0.));
#990=IFCAXIS2PLACEMENT3D(#987,#988,#989);
#991=IFCDIRECTION((0.,0.,1.));
#992=IFCEXTRUDEDAREASOLID(#986,#990,#991,2.1);
#993=IFCSHAPEREPRESENTATION(#12,'Body','SweptSolid',(#992));
#994=IFCPRODUCTDEFINITIONSHAPE($,$,(#993));
#995=IFCSTYLEDITEM(#992,(#39),'Concreto armado');
#996=IFCRELVOIDSELEMENT('000DIX0010080000000015',$,$,$,#359,#978);
#997=IFCCARTESIANPOINT((4.575,-0.04999999999999982,0.));
#998=IFCDIRECTION((0.,0.,1.));
#999=IFCDIRECTION((1.,0.,0.));
#1000=IFCAXIS2PLACEMENT3D(#997,#998,#999);
#1001=IFCLOCALPLACEMENT(#381,#1000);
#1002=IFCDOOR('000DIX0010080000000016',$,'Porta da sala',$,$,#1024,#1018,$,2.1,1.,.DOOR.,$,$);
#1008=IFCCARTESIANPOINTLIST2D(((0.,0.),(1.,0.),(1.,0.03999999999999915),(0.,0.03999999999999915)));
#1009=IFCINDEXEDPOLYCURVE(#1008,(IFCLINEINDEX((1,2,3,4,1))),$);
#1010=IFCARBITRARYCLOSEDPROFILEDEF(.AREA.,$,#1009);
#1011=IFCCARTESIANPOINT((0.,0.,0.));
#1012=IFCDIRECTION((0.,0.,1.));
#1013=IFCDIRECTION((1.,0.,0.));
#1014=IFCAXIS2PLACEMENT3D(#1011,#1012,#1013);
#1015=IFCDIRECTION((0.,0.,1.));
#1016=IFCEXTRUDEDAREASOLID(#1010,#1014,#1015,2.1);
#1017=IFCSHAPEREPRESENTATION(#12,'Body','SweptSolid',(#1016));
#1018=IFCPRODUCTDEFINITIONSHAPE($,$,(#1017));
#1019=IFCSTYLEDITEM(#1016,(#51),'Madeira');
#1020=IFCCARTESIANPOINT((4.5,7.48,0.));
#1021=IFCDIRECTION((0.,0.,1.));
#1022=IFCDIRECTION((1.,0.,0.));
#1023=IFCAXIS2PLACEMENT3D(#1020,#1021,#1022);
#1024=IFCLOCALPLACEMENT(#33,#1023);
#1025=IFCRELFILLSELEMENT('000DIX0010080000000017',$,$,$,#978,#1002);
#1026=IFCOPENINGELEMENT('000DIX0010080000000018',$,'V\X2\00E3\X0\o: Janela alta da sala, frente oeste',$,$,#1049,#1042,$,.OPENING.);
#1032=IFCCARTESIANPOINTLIST2D(((0.,0.),(2.,0.),(2.,0.25),(0.,0.25)));
#1033=IFCINDEXEDPOLYCURVE(#1032,(IFCLINEINDEX((1,2,3,4,1))),$);
#1034=IFCARBITRARYCLOSEDPROFILEDEF(.AREA.,$,#1033);
#1035=IFCCARTESIANPOINT((0.,0.,0.));
#1036=IFCDIRECTION((0.,0.,1.));
#1037=IFCDIRECTION((1.,0.,0.));
#1038=IFCAXIS2PLACEMENT3D(#1035,#1036,#1037);
#1039=IFCDIRECTION((0.,0.,1.));
#1040=IFCEXTRUDEDAREASOLID(#1034,#1038,#1039,1.1999999999999997);
#1041=IFCSHAPEREPRESENTATION(#12,'Body','SweptSolid',(#1040));
#1042=IFCPRODUCTDEFINITIONSHAPE($,$,(#1041));
#1043=IFCSTYLEDITEM(#1040,(#39),'Concreto armado');
#1044=IFCRELVOIDSELEMENT('000DIX0010080000000019',$,$,$,#359,#1026);
#1045=IFCCARTESIANPOINT((1.075,-0.04999999999999982,3.6));
#1046=IFCDIRECTION((0.,0.,1.));
#1047=IFCDIRECTION((1.,0.,0.));
#1048=IFCAXIS2PLACEMENT3D(#1045,#1046,#1047);
#1049=IFCLOCALPLACEMENT(#381,#1048);
#1050=IFCWINDOW('000DIX001008000000001A',$,'Janela alta da sala, frente oeste',$,$,#1072,#1066,$,1.2,2.,.WINDOW.,$,$);
#1056=IFCCARTESIANPOINTLIST2D(((0.,0.),(2.,0.),(2.,0.03999999999999915),(0.,0.03999999999999915)));
#1057=IFCINDEXEDPOLYCURVE(#1056,(IFCLINEINDEX((1,2,3,4,1))),$);
#1058=IFCARBITRARYCLOSEDPROFILEDEF(.AREA.,$,#1057);
#1059=IFCCARTESIANPOINT((0.,0.,0.));
#1060=IFCDIRECTION((0.,0.,1.));
#1061=IFCDIRECTION((1.,0.,0.));
#1062=IFCAXIS2PLACEMENT3D(#1059,#1060,#1061);
#1063=IFCDIRECTION((0.,0.,1.));
#1064=IFCEXTRUDEDAREASOLID(#1058,#1062,#1063,1.1999999999999997);
#1065=IFCSHAPEREPRESENTATION(#12,'Body','SweptSolid',(#1064));
#1066=IFCPRODUCTDEFINITIONSHAPE($,$,(#1065));
#1067=IFCSTYLEDITEM(#1064,(#55),'Vidro');
#1068=IFCCARTESIANPOINT((1.,7.48,3.6));
#1069=IFCDIRECTION((0.,0.,1.));
#1070=IFCDIRECTION((1.,0.,0.));
#1071=IFCAXIS2PLACEMENT3D(#1068,#1069,#1070);
#1072=IFCLOCALPLACEMENT(#33,#1071);
#1073=IFCRELFILLSELEMENT('000DIX001008000000001B',$,$,$,#1026,#1050);
#1074=IFCOPENINGELEMENT('000DIX001008000000001C',$,'V\X2\00E3\X0\o: Janela alta da sala, frente leste',$,$,#1097,#1090,$,.OPENING.);
#1080=IFCCARTESIANPOINTLIST2D(((0.,0.),(2.,0.),(2.,0.25),(0.,0.25)));
#1081=IFCINDEXEDPOLYCURVE(#1080,(IFCLINEINDEX((1,2,3,4,1))),$);
#1082=IFCARBITRARYCLOSEDPROFILEDEF(.AREA.,$,#1081);
#1083=IFCCARTESIANPOINT((0.,0.,0.));
#1084=IFCDIRECTION((0.,0.,1.));
#1085=IFCDIRECTION((1.,0.,0.));
#1086=IFCAXIS2PLACEMENT3D(#1083,#1084,#1085);
#1087=IFCDIRECTION((0.,0.,1.));
#1088=IFCEXTRUDEDAREASOLID(#1082,#1086,#1087,1.1999999999999997);
#1089=IFCSHAPEREPRESENTATION(#12,'Body','SweptSolid',(#1088));
#1090=IFCPRODUCTDEFINITIONSHAPE($,$,(#1089));
#1091=IFCSTYLEDITEM(#1088,(#39),'Concreto armado');
#1092=IFCRELVOIDSELEMENT('000DIX001008000000001D',$,$,$,#359,#1074);
#1093=IFCCARTESIANPOINT((7.075,-0.04999999999999982,3.6));
#1094=IFCDIRECTION((0.,0.,1.));
#1095=IFCDIRECTION((1.,0.,0.));
#1096=IFCAXIS2PLACEMENT3D(#1093,#1094,#1095);
#1097=IFCLOCALPLACEMENT(#381,#1096);
#1098=IFCWINDOW('000DIX001008000000001E',$,'Janela alta da sala, frente leste',$,$,#1120,#1114,$,1.2,2.,.WINDOW.,$,$);
#1104=IFCCARTESIANPOINTLIST2D(((0.,0.),(2.,0.),(2.,0.03999999999999915),(0.,0.03999999999999915)));
#1105=IFCINDEXEDPOLYCURVE(#1104,(IFCLINEINDEX((1,2,3,4,1))),$);
#1106=IFCARBITRARYCLOSEDPROFILEDEF(.AREA.,$,#1105);
#1107=IFCCARTESIANPOINT((0.,0.,0.));
#1108=IFCDIRECTION((0.,0.,1.));
#1109=IFCDIRECTION((1.,0.,0.));
#1110=IFCAXIS2PLACEMENT3D(#1107,#1108,#1109);
#1111=IFCDIRECTION((0.,0.,1.));
#1112=IFCEXTRUDEDAREASOLID(#1106,#1110,#1111,1.1999999999999997);
#1113=IFCSHAPEREPRESENTATION(#12,'Body','SweptSolid',(#1112));
#1114=IFCPRODUCTDEFINITIONSHAPE($,$,(#1113));
#1115=IFCSTYLEDITEM(#1112,(#55),'Vidro');
#1116=IFCCARTESIANPOINT((7.,7.48,3.6));
#1117=IFCDIRECTION((0.,0.,1.));
#1118=IFCDIRECTION((1.,0.,0.));
#1119=IFCAXIS2PLACEMENT3D(#1116,#1117,#1118);
#1120=IFCLOCALPLACEMENT(#33,#1119);
#1121=IFCRELFILLSELEMENT('000DIX001008000000001F',$,$,$,#1074,#1098);
#1122=IFCOPENINGELEMENT('000DIX001008000000001G',$,'V\X2\00E3\X0\o: Pano de vidro oeste da sala',$,$,#1145,#1138,$,.OPENING.);
#1128=IFCCARTESIANPOINTLIST2D(((0.,0.),(0.25,0.),(0.25,3.),(0.,3.)));
#1129=IFCINDEXEDPOLYCURVE(#1128,(IFCLINEINDEX((1,2,3,4,1))),$);
#1130=IFCARBITRARYCLOSEDPROFILEDEF(.AREA.,$,#1129);
#1131=IFCCARTESIANPOINT((0.,0.,0.));
#1132=IFCDIRECTION((0.,0.,1.));
#1133=IFCDIRECTION((1.,0.,0.));
#1134=IFCAXIS2PLACEMENT3D(#1131,#1132,#1133);
#1135=IFCDIRECTION((0.,0.,1.));
#1136=IFCEXTRUDEDAREASOLID(#1130,#1134,#1135,4.6);
#1137=IFCSHAPEREPRESENTATION(#12,'Body','SweptSolid',(#1136));
#1138=IFCPRODUCTDEFINITIONSHAPE($,$,(#1137));
#1139=IFCSTYLEDITEM(#1136,(#39),'Concreto armado');
#1140=IFCRELVOIDSELEMENT('000DIX001008000000001H',$,$,$,#244,#1122);
#1141=IFCCARTESIANPOINT((-0.05,1.5750000000000002,0.4));
#1142=IFCDIRECTION((0.,0.,1.));
#1143=IFCDIRECTION((1.,0.,0.));
#1144=IFCAXIS2PLACEMENT3D(#1141,#1142,#1143);
#1145=IFCLOCALPLACEMENT(#266,#1144);
#1146=IFCWINDOW('000DIX001008000000001I',$,'Pano de vidro oeste da sala',$,$,#1168,#1162,$,4.6,3.,.WINDOW.,$,$);
#1152=IFCCARTESIANPOINTLIST2D(((0.,0.),(0.04,0.),(0.04,3.),(0.,3.)));
#1153=IFCINDEXEDPOLYCURVE(#1152,(IFCLINEINDEX((1,2,3,4,1))),$);
#1154=IFCARBITRARYCLOSEDPROFILEDEF(.AREA.,$,#1153);
#1155=IFCCARTESIANPOINT((0.,0.,0.));
#1156=IFCDIRECTION((0.,0.,1.));
#1157=IFCDIRECTION((1.,0.,0.));
#1158=IFCAXIS2PLACEMENT3D(#1155,#1156,#1157);
#1159=IFCDIRECTION((0.,0.,1.));
#1160=IFCEXTRUDEDAREASOLID(#1154,#1158,#1159,4.6);
#1161=IFCSHAPEREPRESENTATION(#12,'Body','SweptSolid',(#1160));
#1162=IFCPRODUCTDEFINITIONSHAPE($,$,(#1161));
#1163=IFCSTYLEDITEM(#1160,(#55),'Vidro');
#1164=IFCCARTESIANPOINT((-0.02,9.,0.4));
#1165=IFCDIRECTION((0.,0.,1.));
#1166=IFCDIRECTION((1.,0.,0.));
#1167=IFCAXIS2PLACEMENT3D(#1164,#1165,#1166);
#1168=IFCLOCALPLACEMENT(#33,#1167);
#1169=IFCRELFILLSELEMENT('000DIX001008000000001J',$,$,$,#1122,#1146);
#1170=IFCOPENINGELEMENT('000DIX001008000000001K',$,'V\X2\00E3\X0\o: Pano de vidro leste da sala',$,$,#1193,#1186,$,.OPENING.);
#1176=IFCCARTESIANPOINTLIST2D(((0.,0.),(0.25,0.),(0.25,3.),(0.,3.)));
#1177=IFCINDEXEDPOLYCURVE(#1176,(IFCLINEINDEX((1,2,3,4,1))),$);
#1178=IFCARBITRARYCLOSEDPROFILEDEF(.AREA.,$,#1177);
#1179=IFCCARTESIANPOINT((0.,0.,0.));
#1180=IFCDIRECTION((0.,0.,1.));
#1181=IFCDIRECTION((1.,0.,0.));
#1182=IFCAXIS2PLACEMENT3D(#1179,#1180,#1181);
#1183=IFCDIRECTION((0.,0.,1.));
#1184=IFCEXTRUDEDAREASOLID(#1178,#1182,#1183,4.6);
#1185=IFCSHAPEREPRESENTATION(#12,'Body','SweptSolid',(#1184));
#1186=IFCPRODUCTDEFINITIONSHAPE($,$,(#1185));
#1187=IFCSTYLEDITEM(#1184,(#39),'Concreto armado');
#1188=IFCRELVOIDSELEMENT('000DIX001008000000001L',$,$,$,#313,#1170);
#1189=IFCCARTESIANPOINT((-0.05000000000000071,1.5750000000000002,0.4));
#1190=IFCDIRECTION((0.,0.,1.));
#1191=IFCDIRECTION((1.,0.,0.));
#1192=IFCAXIS2PLACEMENT3D(#1189,#1190,#1191);
#1193=IFCLOCALPLACEMENT(#335,#1192);
#1194=IFCWINDOW('000DIX001008000000001M',$,'Pano de vidro leste da sala',$,$,#1216,#1210,$,4.6,3.,.WINDOW.,$,$);
#1200=IFCCARTESIANPOINTLIST2D(((0.,0.),(0.03999999999999915,0.),(0.03999999999999915,3.),(0.,3.)));
#1201=IFCINDEXEDPOLYCURVE(#1200,(IFCLINEINDEX((1,2,3,4,1))),$);
#1202=IFCARBITRARYCLOSEDPROFILEDEF(.AREA.,$,#1201);
#1203=IFCCARTESIANPOINT((0.,0.,0.));
#1204=IFCDIRECTION((0.,0.,1.));
#1205=IFCDIRECTION((1.,0.,0.));
#1206=IFCAXIS2PLACEMENT3D(#1203,#1204,#1205);
#1207=IFCDIRECTION((0.,0.,1.));
#1208=IFCEXTRUDEDAREASOLID(#1202,#1206,#1207,4.6);
#1209=IFCSHAPEREPRESENTATION(#12,'Body','SweptSolid',(#1208));
#1210=IFCPRODUCTDEFINITIONSHAPE($,$,(#1209));
#1211=IFCSTYLEDITEM(#1208,(#55),'Vidro');
#1212=IFCCARTESIANPOINT((9.98,9.,0.4));
#1213=IFCDIRECTION((0.,0.,1.));
#1214=IFCDIRECTION((1.,0.,0.));
#1215=IFCAXIS2PLACEMENT3D(#1212,#1213,#1214);
#1216=IFCLOCALPLACEMENT(#33,#1215);
#1217=IFCRELFILLSELEMENT('000DIX001008000000001N',$,$,$,#1170,#1194);
#1218=IFCOPENINGELEMENT('000DIX001008000000001O',$,'V\X2\00E3\X0\o: Passagem para a cozinha',$,$,#1241,#1234,$,.OPENING.);
#1224=IFCCARTESIANPOINTLIST2D(((0.,0.),(2.,0.),(2.,0.25),(0.,0.25)));
#1225=IFCINDEXEDPOLYCURVE(#1224,(IFCLINEINDEX((1,2,3,4,1))),$);
#1226=IFCARBITRARYCLOSEDPROFILEDEF(.AREA.,$,#1225);
#1227=IFCCARTESIANPOINT((0.,0.,0.));
#1228=IFCDIRECTION((0.,0.,1.));
#1229=IFCDIRECTION((1.,0.,0.));
#1230=IFCAXIS2PLACEMENT3D(#1227,#1228,#1229);
#1231=IFCDIRECTION((0.,0.,1.));
#1232=IFCEXTRUDEDAREASOLID(#1226,#1230,#1231,2.1);
#1233=IFCSHAPEREPRESENTATION(#12,'Body','SweptSolid',(#1232));
#1234=IFCPRODUCTDEFINITIONSHAPE($,$,(#1233));
#1235=IFCSTYLEDITEM(#1232,(#39),'Concreto armado');
#1236=IFCRELVOIDSELEMENT('000DIX001008000000001P',$,$,$,#382,#1218);
#1237=IFCCARTESIANPOINT((1.575,-0.05000000000000071,0.));
#1238=IFCDIRECTION((0.,0.,1.));
#1239=IFCDIRECTION((1.,0.,0.));
#1240=IFCAXIS2PLACEMENT3D(#1237,#1238,#1239);
#1241=IFCLOCALPLACEMENT(#404,#1240);
#1242=IFCOPENINGELEMENT('000DIX001008000000001Q',$,'V\X2\00E3\X0\o: Janela alta da sala, fundo leste',$,$,#1265,#1258,$,.OPENING.);
#1248=IFCCARTESIANPOINTLIST2D(((0.,0.),(2.,0.),(2.,0.25),(0.,0.25)));
#1249=IFCINDEXEDPOLYCURVE(#1248,(IFCLINEINDEX((1,2,3,4,1))),$);
#1250=IFCARBITRARYCLOSEDPROFILEDEF(.AREA.,$,#1249);
#1251=IFCCARTESIANPOINT((0.,0.,0.));
#1252=IFCDIRECTION((0.,0.,1.));
#1253=IFCDIRECTION((1.,0.,0.));
#1254=IFCAXIS2PLACEMENT3D(#1251,#1252,#1253);
#1255=IFCDIRECTION((0.,0.,1.));
#1256=IFCEXTRUDEDAREASOLID(#1250,#1254,#1255,1.1999999999999997);
#1257=IFCSHAPEREPRESENTATION(#12,'Body','SweptSolid',(#1256));
#1258=IFCPRODUCTDEFINITIONSHAPE($,$,(#1257));
#1259=IFCSTYLEDITEM(#1256,(#39),'Concreto armado');
#1260=IFCRELVOIDSELEMENT('000DIX001008000000001R',$,$,$,#382,#1242);
#1261=IFCCARTESIANPOINT((7.075,-0.05000000000000071,3.6));
#1262=IFCDIRECTION((0.,0.,1.));
#1263=IFCDIRECTION((1.,0.,0.));
#1264=IFCAXIS2PLACEMENT3D(#1261,#1262,#1263);
#1265=IFCLOCALPLACEMENT(#404,#1264);
#1266=IFCWINDOW('000DIX001008000000001S',$,'Janela alta da sala, fundo leste',$,$,#1288,#1282,$,1.2,2.,.WINDOW.,$,$);
#1272=IFCCARTESIANPOINTLIST2D(((0.,0.),(2.,0.),(2.,0.03999999999999915),(0.,0.03999999999999915)));
#1273=IFCINDEXEDPOLYCURVE(#1272,(IFCLINEINDEX((1,2,3,4,1))),$);
#1274=IFCARBITRARYCLOSEDPROFILEDEF(.AREA.,$,#1273);
#1275=IFCCARTESIANPOINT((0.,0.,0.));
#1276=IFCDIRECTION((0.,0.,1.));
#1277=IFCDIRECTION((1.,0.,0.));
#1278=IFCAXIS2PLACEMENT3D(#1275,#1276,#1277);
#1279=IFCDIRECTION((0.,0.,1.));
#1280=IFCEXTRUDEDAREASOLID(#1274,#1278,#1279,1.1999999999999997);
#1281=IFCSHAPEREPRESENTATION(#12,'Body','SweptSolid',(#1280));
#1282=IFCPRODUCTDEFINITIONSHAPE($,$,(#1281));
#1283=IFCSTYLEDITEM(#1280,(#55),'Vidro');
#1284=IFCCARTESIANPOINT((7.,13.48,3.6));
#1285=IFCDIRECTION((0.,0.,1.));
#1286=IFCDIRECTION((1.,0.,0.));
#1287=IFCAXIS2PLACEMENT3D(#1284,#1285,#1286);
#1288=IFCLOCALPLACEMENT(#33,#1287);
#1289=IFCRELFILLSELEMENT('000DIX001008000000001T',$,$,$,#1242,#1266);
#1290=IFCOPENINGELEMENT('000DIX001008000000001U',$,'V\X2\00E3\X0\o: Porta do WC',$,$,#1313,#1306,$,.OPENING.);
#1296=IFCCARTESIANPOINTLIST2D(((0.,0.),(0.25,0.),(0.25,0.9000000000000004),(0.,0.9000000000000004)));
#1297=IFCINDEXEDPOLYCURVE(#1296,(IFCLINEINDEX((1,2,3,4,1))),$);
#1298=IFCARBITRARYCLOSEDPROFILEDEF(.AREA.,$,#1297);
#1299=IFCCARTESIANPOINT((0.,0.,0.));
#1300=IFCDIRECTION((0.,0.,1.));
#1301=IFCDIRECTION((1.,0.,0.));
#1302=IFCAXIS2PLACEMENT3D(#1299,#1300,#1301);
#1303=IFCDIRECTION((0.,0.,1.));
#1304=IFCEXTRUDEDAREASOLID(#1298,#1302,#1303,2.1);
#1305=IFCSHAPEREPRESENTATION(#12,'Body','SweptSolid',(#1304));
#1306=IFCPRODUCTDEFINITIONSHAPE($,$,(#1305));
#1307=IFCSTYLEDITEM(#1304,(#39),'Concreto armado');
#1308=IFCRELVOIDSELEMENT('000DIX001008000000001V',$,$,$,#497,#1290);
#1309=IFCCARTESIANPOINT((-0.04999999999999982,0.7749999999999986,0.));
#1310=IFCDIRECTION((0.,0.,1.));
#1311=IFCDIRECTION((1.,0.,0.));
#1312=IFCAXIS2PLACEMENT3D(#1309,#1310,#1311);
#1313=IFCLOCALPLACEMENT(#519,#1312);
#1314=IFCDOOR('000DIX001008000000001W',$,'Porta do WC',$,$,#1336,#1330,$,2.1,0.9,.DOOR.,$,$);
#1320=IFCCARTESIANPOINTLIST2D(((0.,0.),(0.03999999999999915,0.),(0.03999999999999915,0.9000000000000004),(0.,0.9000000000000004)));
#1321=IFCINDEXEDPOLYCURVE(#1320,(IFCLINEINDEX((1,2,3,4,1))),$);
#1322=IFCARBITRARYCLOSEDPROFILEDEF(.AREA.,$,#1321);
#1323=IFCCARTESIANPOINT((0.,0.,0.));
#1324=IFCDIRECTION((0.,0.,1.));
#1325=IFCDIRECTION((1.,0.,0.));
#1326=IFCAXIS2PLACEMENT3D(#1323,#1324,#1325);
#1327=IFCDIRECTION((0.,0.,1.));
#1328=IFCEXTRUDEDAREASOLID(#1322,#1326,#1327,2.1);
#1329=IFCSHAPEREPRESENTATION(#12,'Body','SweptSolid',(#1328));
#1330=IFCPRODUCTDEFINITIONSHAPE($,$,(#1329));
#1331=IFCSTYLEDITEM(#1328,(#51),'Madeira');
#1332=IFCCARTESIANPOINT((5.98,14.2,0.));
#1333=IFCDIRECTION((0.,0.,1.));
#1334=IFCDIRECTION((1.,0.,0.));
#1335=IFCAXIS2PLACEMENT3D(#1332,#1333,#1334);
#1336=IFCLOCALPLACEMENT(#33,#1335);
#1337=IFCRELFILLSELEMENT('000DIX001008000000001X',$,$,$,#1290,#1314);
#1338=IFCOPENINGELEMENT('000DIX001008000000001Y',$,'V\X2\00E3\X0\o: Porta do servi\X2\00E7\X0\o',$,$,#1361,#1354,$,.OPENING.);
#1344=IFCCARTESIANPOINTLIST2D(((0.,0.),(0.25,0.),(0.25,0.8999999999999986),(0.,0.8999999999999986)));
#1345=IFCINDEXEDPOLYCURVE(#1344,(IFCLINEINDEX((1,2,3,4,1))),$);
#1346=IFCARBITRARYCLOSEDPROFILEDEF(.AREA.,$,#1345);
#1347=IFCCARTESIANPOINT((0.,0.,0.));
#1348=IFCDIRECTION((0.,0.,1.));
#1349=IFCDIRECTION((1.,0.,0.));
#1350=IFCAXIS2PLACEMENT3D(#1347,#1348,#1349);
#1351=IFCDIRECTION((0.,0.,1.));
#1352=IFCEXTRUDEDAREASOLID(#1346,#1350,#1351,2.1);
#1353=IFCSHAPEREPRESENTATION(#12,'Body','SweptSolid',(#1352));
#1354=IFCPRODUCTDEFINITIONSHAPE($,$,(#1353));
#1355=IFCSTYLEDITEM(#1352,(#39),'Concreto armado');
#1356=IFCRELVOIDSELEMENT('000DIX001008000000001Z',$,$,$,#497,#1338);
#1357=IFCCARTESIANPOINT((-0.04999999999999982,3.0749999999999993,0.));
#1358=IFCDIRECTION((0.,0.,1.));
#1359=IFCDIRECTION((1.,0.,0.));
#1360=IFCAXIS2PLACEMENT3D(#1357,#1358,#1359);
#1361=IFCLOCALPLACEMENT(#519,#1360);
#1362=IFCDOOR('000DIX001008000000001a',$,'Porta do servi\X2\00E7\X0\o',$,$,#1384,#1378,$,2.1,0.9,.DOOR.,$,$);
#1368=IFCCARTESIANPOINTLIST2D(((0.,0.),(0.03999999999999915,0.),(0.03999999999999915,0.8999999999999986),(0.,0.8999999999999986)));
#1369=IFCINDEXEDPOLYCURVE(#1368,(IFCLINEINDEX((1,2,3,4,1))),$);
#1370=IFCARBITRARYCLOSEDPROFILEDEF(.AREA.,$,#1369);
#1371=IFCCARTESIANPOINT((0.,0.,0.));
#1372=IFCDIRECTION((0.,0.,1.));
#1373=IFCDIRECTION((1.,0.,0.));
#1374=IFCAXIS2PLACEMENT3D(#1371,#1372,#1373);
#1375=IFCDIRECTION((0.,0.,1.));
#1376=IFCEXTRUDEDAREASOLID(#1370,#1374,#1375,2.1);
#1377=IFCSHAPEREPRESENTATION(#12,'Body','SweptSolid',(#1376));
#1378=IFCPRODUCTDEFINITIONSHAPE($,$,(#1377));
#1379=IFCSTYLEDITEM(#1376,(#51),'Madeira');
#1380=IFCCARTESIANPOINT((5.98,16.5,0.));
#1381=IFCDIRECTION((0.,0.,1.));
#1382=IFCDIRECTION((1.,0.,0.));
#1383=IFCAXIS2PLACEMENT3D(#1380,#1381,#1382);
#1384=IFCLOCALPLACEMENT(#33,#1383);
#1385=IFCRELFILLSELEMENT('000DIX001008000000001b',$,$,$,#1338,#1362);
#1386=IFCOPENINGELEMENT('000DIX001008000000001c',$,'V\X2\00E3\X0\o: Porta dos fundos',$,$,#1409,#1402,$,.OPENING.);
#1392=IFCCARTESIANPOINTLIST2D(((0.,0.),(0.9000000000000004,0.),(0.9000000000000004,0.25),(0.,0.25)));
#1393=IFCINDEXEDPOLYCURVE(#1392,(IFCLINEINDEX((1,2,3,4,1))),$);
#1394=IFCARBITRARYCLOSEDPROFILEDEF(.AREA.,$,#1393);
#1395=IFCCARTESIANPOINT((0.,0.,0.));
#1396=IFCDIRECTION((0.,0.,1.));
#1397=IFCDIRECTION((1.,0.,0.));
#1398=IFCAXIS2PLACEMENT3D(#1395,#1396,#1397);
#1399=IFCDIRECTION((0.,0.,1.));
#1400=IFCEXTRUDEDAREASOLID(#1394,#1398,#1399,2.1);
#1401=IFCSHAPEREPRESENTATION(#12,'Body','SweptSolid',(#1400));
#1402=IFCPRODUCTDEFINITIONSHAPE($,$,(#1401));
#1403=IFCSTYLEDITEM(#1400,(#39),'Concreto armado');
#1404=IFCRELVOIDSELEMENT('000DIX001008000000001d',$,$,$,#198,#1386);
#1405=IFCCARTESIANPOINT((8.075,-0.05000000000000071,0.));
#1406=IFCDIRECTION((0.,0.,1.));
#1407=IFCDIRECTION((1.,0.,0.));
#1408=IFCAXIS2PLACEMENT3D(#1405,#1406,#1407);
#1409=IFCLOCALPLACEMENT(#220,#1408);
#1410=IFCDOOR('000DIX001008000000001e',$,'Porta dos fundos',$,$,#1432,#1426,$,2.1,0.9,.DOOR.,$,$);
#1416=IFCCARTESIANPOINTLIST2D(((0.,0.),(0.9000000000000004,0.),(0.9000000000000004,0.03999999999999915),(0.,0.03999999999999915)));
#1417=IFCINDEXEDPOLYCURVE(#1416,(IFCLINEINDEX((1,2,3,4,1))),$);
#1418=IFCARBITRARYCLOSEDPROFILEDEF(.AREA.,$,#1417);
#1419=IFCCARTESIANPOINT((0.,0.,0.));
#1420=IFCDIRECTION((0.,0.,1.));
#1421=IFCDIRECTION((1.,0.,0.));
#1422=IFCAXIS2PLACEMENT3D(#1419,#1420,#1421);
#1423=IFCDIRECTION((0.,0.,1.));
#1424=IFCEXTRUDEDAREASOLID(#1418,#1422,#1423,2.1);
#1425=IFCSHAPEREPRESENTATION(#12,'Body','SweptSolid',(#1424));
#1426=IFCPRODUCTDEFINITIONSHAPE($,$,(#1425));
#1427=IFCSTYLEDITEM(#1424,(#51),'Madeira');
#1428=IFCCARTESIANPOINT((8.,17.98,0.));
#1429=IFCDIRECTION((0.,0.,1.));
#1430=IFCDIRECTION((1.,0.,0.));
#1431=IFCAXIS2PLACEMENT3D(#1428,#1429,#1430);
#1432=IFCLOCALPLACEMENT(#33,#1431);
#1433=IFCRELFILLSELEMENT('000DIX001008000000001f',$,$,$,#1386,#1410);
#1434=IFCOPENINGELEMENT('000DIX001008000000001g',$,'V\X2\00E3\X0\o: Janela da cozinha',$,$,#1457,#1450,$,.OPENING.);
#1440=IFCCARTESIANPOINTLIST2D(((0.,0.),(3.,0.),(3.,0.25),(0.,0.25)));
#1441=IFCINDEXEDPOLYCURVE(#1440,(IFCLINEINDEX((1,2,3,4,1))),$);
#1442=IFCARBITRARYCLOSEDPROFILEDEF(.AREA.,$,#1441);
#1443=IFCCARTESIANPOINT((0.,0.,0.));
#1444=IFCDIRECTION((0.,0.,1.));
#1445=IFCDIRECTION((1.,0.,0.));
#1446=IFCAXIS2PLACEMENT3D(#1443,#1444,#1445);
#1447=IFCDIRECTION((0.,0.,1.));
#1448=IFCEXTRUDEDAREASOLID(#1442,#1446,#1447,1.);
#1449=IFCSHAPEREPRESENTATION(#12,'Body','SweptSolid',(#1448));
#1450=IFCPRODUCTDEFINITIONSHAPE($,$,(#1449));
#1451=IFCSTYLEDITEM(#1448,(#39),'Concreto armado');
#1452=IFCRELVOIDSELEMENT('000DIX001008000000001h',$,$,$,#198,#1434);
#1453=IFCCARTESIANPOINT((1.575,-0.05000000000000071,1.1));
#1454=IFCDIRECTION((0.,0.,1.));
#1455=IFCDIRECTION((1.,0.,0.));
#1456=IFCAXIS2PLACEMENT3D(#1453,#1454,#1455);
#1457=IFCLOCALPLACEMENT(#220,#1456);
#1458=IFCWINDOW('000DIX001008000000001i',$,'Janela da cozinha',$,$,#1480,#1474,$,1.,3.,.WINDOW.,$,$);
#1464=IFCCARTESIANPOINTLIST2D(((0.,0.),(3.,0.),(3.,0.03999999999999915),(0.,0.03999999999999915)));
#1465=IFCINDEXEDPOLYCURVE(#1464,(IFCLINEINDEX((1,2,3,4,1))),$);
#1466=IFCARBITRARYCLOSEDPROFILEDEF(.AREA.,$,#1465);
#1467=IFCCARTESIANPOINT((0.,0.,0.));
#1468=IFCDIRECTION((0.,0.,1.));
#1469=IFCDIRECTION((1.,0.,0.));
#1470=IFCAXIS2PLACEMENT3D(#1467,#1468,#1469);
#1471=IFCDIRECTION((0.,0.,1.));
#1472=IFCEXTRUDEDAREASOLID(#1466,#1470,#1471,1.);
#1473=IFCSHAPEREPRESENTATION(#12,'Body','SweptSolid',(#1472));
#1474=IFCPRODUCTDEFINITIONSHAPE($,$,(#1473));
#1475=IFCSTYLEDITEM(#1472,(#55),'Vidro');
#1476=IFCCARTESIANPOINT((1.5,17.98,1.1));
#1477=IFCDIRECTION((0.,0.,1.));
#1478=IFCDIRECTION((1.,0.,0.));
#1479=IFCAXIS2PLACEMENT3D(#1476,#1477,#1478);
#1480=IFCLOCALPLACEMENT(#33,#1479);
#1481=IFCRELFILLSELEMENT('000DIX001008000000001j',$,$,$,#1434,#1458);
#1482=IFCOPENINGELEMENT('000DIX001008000000001k',$,'V\X2\00E3\X0\o: Janela lateral da cozinha',$,$,#1505,#1498,$,.OPENING.);
#1488=IFCCARTESIANPOINTLIST2D(((0.,0.),(0.25,0.),(0.25,2.),(0.,2.)));
#1489=IFCINDEXEDPOLYCURVE(#1488,(IFCLINEINDEX((1,2,3,4,1))),$);
#1490=IFCARBITRARYCLOSEDPROFILEDEF(.AREA.,$,#1489);
#1491=IFCCARTESIANPOINT((0.,0.,0.));
#1492=IFCDIRECTION((0.,0.,1.));
#1493=IFCDIRECTION((1.,0.,0.));
#1494=IFCAXIS2PLACEMENT3D(#1491,#1492,#1493);
#1495=IFCDIRECTION((0.,0.,1.));
#1496=IFCEXTRUDEDAREASOLID(#1490,#1494,#1495,1.);
#1497=IFCSHAPEREPRESENTATION(#12,'Body','SweptSolid',(#1496));
#1498=IFCPRODUCTDEFINITIONSHAPE($,$,(#1497));
#1499=IFCSTYLEDITEM(#1496,(#39),'Concreto armado');
#1500=IFCRELVOIDSELEMENT('000DIX001008000000001l',$,$,$,#267,#1482);
#1501=IFCCARTESIANPOINT((-0.05,1.5749999999999993,1.1));
#1502=IFCDIRECTION((0.,0.,1.));
#1503=IFCDIRECTION((1.,0.,0.));
#1504=IFCAXIS2PLACEMENT3D(#1501,#1502,#1503);
#1505=IFCLOCALPLACEMENT(#289,#1504);
#1506=IFCWINDOW('000DIX001008000000001m',$,'Janela lateral da cozinha',$,$,#1528,#1522,$,1.,2.,.WINDOW.,$,$);
#1512=IFCCARTESIANPOINTLIST2D(((0.,0.),(0.04,0.),(0.04,2.),(0.,2.)));
#1513=IFCINDEXEDPOLYCURVE(#1512,(IFCLINEINDEX((1,2,3,4,1))),$);
#1514=IFCARBITRARYCLOSEDPROFILEDEF(.AREA.,$,#1513);
#1515=IFCCARTESIANPOINT((0.,0.,0.));
#1516=IFCDIRECTION((0.,0.,1.));
#1517=IFCDIRECTION((1.,0.,0.));
#1518=IFCAXIS2PLACEMENT3D(#1515,#1516,#1517);
#1519=IFCDIRECTION((0.,0.,1.));
#1520=IFCEXTRUDEDAREASOLID(#1514,#1518,#1519,1.);
#1521=IFCSHAPEREPRESENTATION(#12,'Body','SweptSolid',(#1520));
#1522=IFCPRODUCTDEFINITIONSHAPE($,$,(#1521));
#1523=IFCSTYLEDITEM(#1520,(#55),'Vidro');
#1524=IFCCARTESIANPOINT((-0.02,15.,1.1));
#1525=IFCDIRECTION((0.,0.,1.));
#1526=IFCDIRECTION((1.,0.,0.));
#1527=IFCAXIS2PLACEMENT3D(#1524,#1525,#1526);
#1528=IFCLOCALPLACEMENT(#33,#1527);
#1529=IFCRELFILLSELEMENT('000DIX001008000000001n',$,$,$,#1482,#1506);
#1530=IFCOPENINGELEMENT('000DIX001008000000001o',$,'V\X2\00E3\X0\o: Basculante do WC',$,$,#1553,#1546,$,.OPENING.);
#1536=IFCCARTESIANPOINTLIST2D(((0.,0.),(0.25,0.),(0.25,0.8000000000000007),(0.,0.8000000000000007)));
#1537=IFCINDEXEDPOLYCURVE(#1536,(IFCLINEINDEX((1,2,3,4,1))),$);
#1538=IFCARBITRARYCLOSEDPROFILEDEF(.AREA.,$,#1537);
#1539=IFCCARTESIANPOINT((0.,0.,0.));
#1540=IFCDIRECTION((0.,0.,1.));
#1541=IFCDIRECTION((1.,0.,0.));
#1542=IFCAXIS2PLACEMENT3D(#1539,#1540,#1541);
#1543=IFCDIRECTION((0.,0.,1.));
#1544=IFCEXTRUDEDAREASOLID(#1538,#1542,#1543,0.6000000000000001);
#1545=IFCSHAPEREPRESENTATION(#12,'Body','SweptSolid',(#1544));
#1546=IFCPRODUCTDEFINITIONSHAPE($,$,(#1545));
#1547=IFCSTYLEDITEM(#1544,(#39),'Concreto armado');
#1548=IFCRELVOIDSELEMENT('000DIX001008000000001p',$,$,$,#336,#1530);
#1549=IFCCARTESIANPOINT((-0.05000000000000071,1.0749999999999993,1.6));
#1550=IFCDIRECTION((0.,0.,1.));
#1551=IFCDIRECTION((1.,0.,0.));
#1552=IFCAXIS2PLACEMENT3D(#1549,#1550,#1551);
#1553=IFCLOCALPLACEMENT(#358,#1552);
#1554=IFCWINDOW('000DIX001008000000001q',$,'Basculante do WC',$,$,#1576,#1570,$,0.6,0.8,.WINDOW.,$,$);
#1560=IFCCARTESIANPOINTLIST2D(((0.,0.),(0.03999999999999915,0.),(0.03999999999999915,0.8000000000000007),(0.,0.8000000000000007)));
#1561=IFCINDEXEDPOLYCURVE(#1560,(IFCLINEINDEX((1,2,3,4,1))),$);
#1562=IFCARBITRARYCLOSEDPROFILEDEF(.AREA.,$,#1561);
#1563=IFCCARTESIANPOINT((0.,0.,0.));
#1564=IFCDIRECTION((0.,0.,1.));
#1565=IFCDIRECTION((1.,0.,0.));
#1566=IFCAXIS2PLACEMENT3D(#1563,#1564,#1565);
#1567=IFCDIRECTION((0.,0.,1.));
#1568=IFCEXTRUDEDAREASOLID(#1562,#1566,#1567,0.6000000000000001);
#1569=IFCSHAPEREPRESENTATION(#12,'Body','SweptSolid',(#1568));
#1570=IFCPRODUCTDEFINITIONSHAPE($,$,(#1569));
#1571=IFCSTYLEDITEM(#1568,(#55),'Vidro');
#1572=IFCCARTESIANPOINT((9.98,14.5,1.6));
#1573=IFCDIRECTION((0.,0.,1.));
#1574=IFCDIRECTION((1.,0.,0.));
#1575=IFCAXIS2PLACEMENT3D(#1572,#1573,#1574);
#1576=IFCLOCALPLACEMENT(#33,#1575);
#1577=IFCRELFILLSELEMENT('000DIX001008000000001r',$,$,$,#1530,#1554);
#1578=IFCOPENINGELEMENT('000DIX001008000000001s',$,'V\X2\00E3\X0\o: Janela do servi\X2\00E7\X0\o',$,$,#1601,#1594,$,.OPENING.);
#1584=IFCCARTESIANPOINTLIST2D(((0.,0.),(0.25,0.),(0.25,0.8000000000000007),(0.,0.8000000000000007)));
#1585=IFCINDEXEDPOLYCURVE(#1584,(IFCLINEINDEX((1,2,3,4,1))),$);
#1586=IFCARBITRARYCLOSEDPROFILEDEF(.AREA.,$,#1585);
#1587=IFCCARTESIANPOINT((0.,0.,0.));
#1588=IFCDIRECTION((0.,0.,1.));
#1589=IFCDIRECTION((1.,0.,0.));
#1590=IFCAXIS2PLACEMENT3D(#1587,#1588,#1589);
#1591=IFCDIRECTION((0.,0.,1.));
#1592=IFCEXTRUDEDAREASOLID(#1586,#1590,#1591,1.);
#1593=IFCSHAPEREPRESENTATION(#12,'Body','SweptSolid',(#1592));
#1594=IFCPRODUCTDEFINITIONSHAPE($,$,(#1593));
#1595=IFCSTYLEDITEM(#1592,(#39),'Concreto armado');
#1596=IFCRELVOIDSELEMENT('000DIX001008000000001t',$,$,$,#336,#1578);
#1597=IFCCARTESIANPOINT((-0.05000000000000071,3.1750000000000007,1.1));
#1598=IFCDIRECTION((0.,0.,1.));
#1599=IFCDIRECTION((1.,0.,0.));
#1600=IFCAXIS2PLACEMENT3D(#1597,#1598,#1599);
#1601=IFCLOCALPLACEMENT(#358,#1600);
#1602=IFCWINDOW('000DIX001008000000001u',$,'Janela do servi\X2\00E7\X0\o',$,$,#1624,#1618,$,1.,0.8,.WINDOW.,$,$);
#1608=IFCCARTESIANPOINTLIST2D(((0.,0.),(0.03999999999999915,0.),(0.03999999999999915,0.8000000000000007),(0.,0.8000000000000007)));
#1609=IFCINDEXEDPOLYCURVE(#1608,(IFCLINEINDEX((1,2,3,4,1))),$);
#1610=IFCARBITRARYCLOSEDPROFILEDEF(.AREA.,$,#1609);
#1611=IFCCARTESIANPOINT((0.,0.,0.));
#1612=IFCDIRECTION((0.,0.,1.));
#1613=IFCDIRECTION((1.,0.,0.));
#1614=IFCAXIS2PLACEMENT3D(#1611,#1612,#1613);
#1615=IFCDIRECTION((0.,0.,1.));
#1616=IFCEXTRUDEDAREASOLID(#1610,#1614,#1615,1.);
#1617=IFCSHAPEREPRESENTATION(#12,'Body','SweptSolid',(#1616));
#1618=IFCPRODUCTDEFINITIONSHAPE($,$,(#1617));
#1619=IFCSTYLEDITEM(#1616,(#55),'Vidro');
#1620=IFCCARTESIANPOINT((9.98,16.6,1.1));
#1621=IFCDIRECTION((0.,0.,1.));
#1622=IFCDIRECTION((1.,0.,0.));
#1623=IFCAXIS2PLACEMENT3D(#1620,#1621,#1622);
#1624=IFCLOCALPLACEMENT(#33,#1623);
#1625=IFCRELFILLSELEMENT('000DIX001008000000001v',$,$,$,#1578,#1602);
#1626=IFCFOOTING('000DIX001008000000001w',$,'Viga baldrame: Fachada frontal',$,$,#1648,#1642,$,.STRIP_FOOTING.);
#1632=IFCCARTESIANPOINTLIST2D(((0.,0.),(10.149999999999999,0.),(10.149999999999999,0.15),(0.,0.15)));
#1633=IFCINDEXEDPOLYCURVE(#1632,(IFCLINEINDEX((1,2,3,4,1))),$);
#1634=IFCARBITRARYCLOSEDPROFILEDEF(.AREA.,$,#1633);
#1635=IFCCARTESIANPOINT((0.,0.,0.));
#1636=IFCDIRECTION((0.,0.,1.));
#1637=IFCDIRECTION((1.,0.,0.));
#1638=IFCAXIS2PLACEMENT3D(#1635,#1636,#1637);
#1639=IFCDIRECTION((0.,0.,1.));
#1640=IFCEXTRUDEDAREASOLID(#1634,#1638,#1639,0.4);
#1641=IFCSHAPEREPRESENTATION(#12,'Body','SweptSolid',(#1640));
#1642=IFCPRODUCTDEFINITIONSHAPE($,$,(#1641));
#1643=IFCSTYLEDITEM(#1640,(#39),'Concreto armado');
#1644=IFCCARTESIANPOINT((-0.075,-0.075,-0.5));
#1645=IFCDIRECTION((0.,0.,1.));
#1646=IFCDIRECTION((1.,0.,0.));
#1647=IFCAXIS2PLACEMENT3D(#1644,#1645,#1646);
#1648=IFCLOCALPLACEMENT(#33,#1647);
#1649=IFCFOOTING('000DIX001008000000001x',$,'Viga baldrame: Fachada dos fundos',$,$,#1671,#1665,$,.STRIP_FOOTING.);
#1655=IFCCARTESIANPOINTLIST2D(((0.,0.),(10.149999999999999,0.),(10.149999999999999,0.14999999999999858),(0.,0.14999999999999858)));
#1656=IFCINDEXEDPOLYCURVE(#1655,(IFCLINEINDEX((1,2,3,4,1))),$);
#1657=IFCARBITRARYCLOSEDPROFILEDEF(.AREA.,$,#1656);
#1658=IFCCARTESIANPOINT((0.,0.,0.));
#1659=IFCDIRECTION((0.,0.,1.));
#1660=IFCDIRECTION((1.,0.,0.));
#1661=IFCAXIS2PLACEMENT3D(#1658,#1659,#1660);
#1662=IFCDIRECTION((0.,0.,1.));
#1663=IFCEXTRUDEDAREASOLID(#1657,#1661,#1662,0.4);
#1664=IFCSHAPEREPRESENTATION(#12,'Body','SweptSolid',(#1663));
#1665=IFCPRODUCTDEFINITIONSHAPE($,$,(#1664));
#1666=IFCSTYLEDITEM(#1663,(#39),'Concreto armado');
#1667=IFCCARTESIANPOINT((-0.075,17.925,-0.5));
#1668=IFCDIRECTION((0.,0.,1.));
#1669=IFCDIRECTION((1.,0.,0.));
#1670=IFCAXIS2PLACEMENT3D(#1667,#1668,#1669);
#1671=IFCLOCALPLACEMENT(#33,#1670);
#1672=IFCFOOTING('000DIX001008000000001y',$,'Viga baldrame: Lateral oeste, su\X2\00ED\X0\tes',$,$,#1694,#1688,$,.STRIP_FOOTING.);
#1678=IFCCARTESIANPOINTLIST2D(((0.,0.),(0.15,0.),(0.15,7.65),(0.,7.65)));
#1679=IFCINDEXEDPOLYCURVE(#1678,(IFCLINEINDEX((1,2,3,4,1))),$);
#1680=IFCARBITRARYCLOSEDPROFILEDEF(.AREA.,$,#1679);
#1681=IFCCARTESIANPOINT((0.,0.,0.));
#1682=IFCDIRECTION((0.,0.,1.));
#1683=IFCDIRECTION((1.,0.,0.));
#1684=IFCAXIS2PLACEMENT3D(#1681,#1682,#1683);
#1685=IFCDIRECTION((0.,0.,1.));
#1686=IFCEXTRUDEDAREASOLID(#1680,#1684,#1685,0.4);
#1687=IFCSHAPEREPRESENTATION(#12,'Body','SweptSolid',(#1686));
#1688=IFCPRODUCTDEFINITIONSHAPE($,$,(#1687));
#1689=IFCSTYLEDITEM(#1686,(#39),'Concreto armado');
#1690=IFCCARTESIANPOINT((-0.075,-0.075,-0.5));
#1691=IFCDIRECTION((0.,0.,1.));
#1692=IFCDIRECTION((1.,0.,0.));
#1693=IFCAXIS2PLACEMENT3D(#1690,#1691,#1692);
#1694=IFCLOCALPLACEMENT(#33,#1693);
#1695=IFCFOOTING('000DIX001008000000001z',$,'Viga baldrame: Lateral oeste, sala',$,$,#1717,#1711,$,.STRIP_FOOTING.);
#1701=IFCCARTESIANPOINTLIST2D(((0.,0.),(0.15,0.),(0.15,6.1499999999999995),(0.,6.1499999999999995)));
#1702=IFCINDEXEDPOLYCURVE(#1701,(IFCLINEINDEX((1,2,3,4,1))),$);
#1703=IFCARBITRARYCLOSEDPROFILEDEF(.AREA.,$,#1702);
#1704=IFCCARTESIANPOINT((0.,0.,0.));
#1705=IFCDIRECTION((0.,0.,1.));
#1706=IFCDIRECTION((1.,0.,0.));
#1707=IFCAXIS2PLACEMENT3D(#1704,#1705,#1706);
#1708=IFCDIRECTION((0.,0.,1.));
#1709=IFCEXTRUDEDAREASOLID(#1703,#1707,#1708,0.4);
#1710=IFCSHAPEREPRESENTATION(#12,'Body','SweptSolid',(#1709));
#1711=IFCPRODUCTDEFINITIONSHAPE($,$,(#1710));
#1712=IFCSTYLEDITEM(#1709,(#39),'Concreto armado');
#1713=IFCCARTESIANPOINT((-0.075,7.425,-0.5));
#1714=IFCDIRECTION((0.,0.,1.));
#1715=IFCDIRECTION((1.,0.,0.));
#1716=IFCAXIS2PLACEMENT3D(#1713,#1714,#1715);
#1717=IFCLOCALPLACEMENT(#33,#1716);
#1718=IFCFOOTING('000DIX001008000000001_',$,'Viga baldrame: Lateral oeste, cozinha',$,$,#1740,#1734,$,.STRIP_FOOTING.);
#1724=IFCCARTESIANPOINTLIST2D(((0.,0.),(0.15,0.),(0.15,4.649999999999999),(0.,4.649999999999999)));
#1725=IFCINDEXEDPOLYCURVE(#1724,(IFCLINEINDEX((1,2,3,4,1))),$);
#1726=IFCARBITRARYCLOSEDPROFILEDEF(.AREA.,$,#1725);
#1727=IFCCARTESIANPOINT((0.,0.,0.));
#1728=IFCDIRECTION((0.,0.,1.));
#1729=IFCDIRECTION((1.,0.,0.));
#1730=IFCAXIS2PLACEMENT3D(#1727,#1728,#1729);
#1731=IFCDIRECTION((0.,0.,1.));
#1732=IFCEXTRUDEDAREASOLID(#1726,#1730,#1731,0.4);
#1733=IFCSHAPEREPRESENTATION(#12,'Body','SweptSolid',(#1732));
#1734=IFCPRODUCTDEFINITIONSHAPE($,$,(#1733));
#1735=IFCSTYLEDITEM(#1732,(#39),'Concreto armado');
#1736=IFCCARTESIANPOINT((-0.075,13.425,-0.5));
#1737=IFCDIRECTION((0.,0.,1.));
#1738=IFCDIRECTION((1.,0.,0.));
#1739=IFCAXIS2PLACEMENT3D(#1736,#1737,#1738);
#1740=IFCLOCALPLACEMENT(#33,#1739);
#1741=IFCFOOTING('000DIX001008000000001$',$,'Viga baldrame: Lateral leste, su\X2\00ED\X0\tes',$,$,#1763,#1757,$,.STRIP_FOOTING.);
#1747=IFCCARTESIANPOINTLIST2D(((0.,0.),(0.14999999999999858,0.),(0.14999999999999858,7.65),(0.,7.65)));
#1748=IFCINDEXEDPOLYCURVE(#1747,(IFCLINEINDEX((1,2,3,4,1))),$);
#1749=IFCARBITRARYCLOSEDPROFILEDEF(.AREA.,$,#1748);
#1750=IFCCARTESIANPOINT((0.,0.,0.));
#1751=IFCDIRECTION((0.,0.,1.));
#1752=IFCDIRECTION((1.,0.,0.));
#1753=IFCAXIS2PLACEMENT3D(#1750,#1751,#1752);
#1754=IFCDIRECTION((0.,0.,1.));
#1755=IFCEXTRUDEDAREASOLID(#1749,#1753,#1754,0.4);
#1756=IFCSHAPEREPRESENTATION(#12,'Body','SweptSolid',(#1755));
#1757=IFCPRODUCTDEFINITIONSHAPE($,$,(#1756));
#1758=IFCSTYLEDITEM(#1755,(#39),'Concreto armado');
#1759=IFCCARTESIANPOINT((9.925,-0.075,-0.5));
#1760=IFCDIRECTION((0.,0.,1.));
#1761=IFCDIRECTION((1.,0.,0.));
#1762=IFCAXIS2PLACEMENT3D(#1759,#1760,#1761);
#1763=IFCLOCALPLACEMENT(#33,#1762);
#1764=IFCFOOTING('000DIX0010080000000020',$,'Viga baldrame: Lateral leste, sala',$,$,#1786,#1780,$,.STRIP_FOOTING.);
#1770=IFCCARTESIANPOINTLIST2D(((0.,0.),(0.14999999999999858,0.),(0.14999999999999858,6.1499999999999995),(0.,6.1499999999999995)));
#1771=IFCINDEXEDPOLYCURVE(#1770,(IFCLINEINDEX((1,2,3,4,1))),$);
#1772=IFCARBITRARYCLOSEDPROFILEDEF(.AREA.,$,#1771);
#1773=IFCCARTESIANPOINT((0.,0.,0.));
#1774=IFCDIRECTION((0.,0.,1.));
#1775=IFCDIRECTION((1.,0.,0.));
#1776=IFCAXIS2PLACEMENT3D(#1773,#1774,#1775);
#1777=IFCDIRECTION((0.,0.,1.));
#1778=IFCEXTRUDEDAREASOLID(#1772,#1776,#1777,0.4);
#1779=IFCSHAPEREPRESENTATION(#12,'Body','SweptSolid',(#1778));
#1780=IFCPRODUCTDEFINITIONSHAPE($,$,(#1779));
#1781=IFCSTYLEDITEM(#1778,(#39),'Concreto armado');
#1782=IFCCARTESIANPOINT((9.925,7.425,-0.5));
#1783=IFCDIRECTION((0.,0.,1.));
#1784=IFCDIRECTION((1.,0.,0.));
#1785=IFCAXIS2PLACEMENT3D(#1782,#1783,#1784);
#1786=IFCLOCALPLACEMENT(#33,#1785);
#1787=IFCFOOTING('000DIX0010080000000021',$,'Viga baldrame: Lateral leste, servi\X2\00E7\X0\o',$,$,#1809,#1803,$,.STRIP_FOOTING.);
#1793=IFCCARTESIANPOINTLIST2D(((0.,0.),(0.14999999999999858,0.),(0.14999999999999858,4.649999999999999),(0.,4.649999999999999)));
#1794=IFCINDEXEDPOLYCURVE(#1793,(IFCLINEINDEX((1,2,3,4,1))),$);
#1795=IFCARBITRARYCLOSEDPROFILEDEF(.AREA.,$,#1794);
#1796=IFCCARTESIANPOINT((0.,0.,0.));
#1797=IFCDIRECTION((0.,0.,1.));
#1798=IFCDIRECTION((1.,0.,0.));
#1799=IFCAXIS2PLACEMENT3D(#1796,#1797,#1798);
#1800=IFCDIRECTION((0.,0.,1.));
#1801=IFCEXTRUDEDAREASOLID(#1795,#1799,#1800,0.4);
#1802=IFCSHAPEREPRESENTATION(#12,'Body','SweptSolid',(#1801));
#1803=IFCPRODUCTDEFINITIONSHAPE($,$,(#1802));
#1804=IFCSTYLEDITEM(#1801,(#39),'Concreto armado');
#1805=IFCCARTESIANPOINT((9.925,13.425,-0.5));
#1806=IFCDIRECTION((0.,0.,1.));
#1807=IFCDIRECTION((1.,0.,0.));
#1808=IFCAXIS2PLACEMENT3D(#1805,#1806,#1807);
#1809=IFCLOCALPLACEMENT(#33,#1808);
#1810=IFCFOOTING('000DIX0010080000000022',$,'Viga baldrame: Sala, frente',$,$,#1832,#1826,$,.STRIP_FOOTING.);
#1816=IFCCARTESIANPOINTLIST2D(((0.,0.),(10.149999999999999,0.),(10.149999999999999,0.15000000000000036),(0.,0.15000000000000036)));
#1817=IFCINDEXEDPOLYCURVE(#1816,(IFCLINEINDEX((1,2,3,4,1))),$);
#1818=IFCARBITRARYCLOSEDPROFILEDEF(.AREA.,$,#1817);
#1819=IFCCARTESIANPOINT((0.,0.,0.));
#1820=IFCDIRECTION((0.,0.,1.));
#1821=IFCDIRECTION((1.,0.,0.));
#1822=IFCAXIS2PLACEMENT3D(#1819,#1820,#1821);
#1823=IFCDIRECTION((0.,0.,1.));
#1824=IFCEXTRUDEDAREASOLID(#1818,#1822,#1823,0.4);
#1825=IFCSHAPEREPRESENTATION(#12,'Body','SweptSolid',(#1824));
#1826=IFCPRODUCTDEFINITIONSHAPE($,$,(#1825));
#1827=IFCSTYLEDITEM(#1824,(#39),'Concreto armado');
#1828=IFCCARTESIANPOINT((-0.075,7.425,-0.5));
#1829=IFCDIRECTION((0.,0.,1.));
#1830=IFCDIRECTION((1.,0.,0.));
#1831=IFCAXIS2PLACEMENT3D(#1828,#1829,#1830);
#1832=IFCLOCALPLACEMENT(#33,#1831);
#1833=IFCFOOTING('000DIX0010080000000023',$,'Viga baldrame: Sala, fundo',$,$,#1855,#1849,$,.STRIP_FOOTING.);
#1839=IFCCARTESIANPOINTLIST2D(((0.,0.),(10.149999999999999,0.),(10.149999999999999,0.14999999999999858),(0.,0.14999999999999858)));
#1840=IFCINDEXEDPOLYCURVE(#1839,(IFCLINEINDEX((1,2,3,4,1))),$);
#1841=IFCARBITRARYCLOSEDPROFILEDEF(.AREA.,$,#1840);
#1842=IFCCARTESIANPOINT((0.,0.,0.));
#1843=IFCDIRECTION((0.,0.,1.));
#1844=IFCDIRECTION((1.,0.,0.));
#1845=IFCAXIS2PLACEMENT3D(#1842,#1843,#1844);
#1846=IFCDIRECTION((0.,0.,1.));
#1847=IFCEXTRUDEDAREASOLID(#1841,#1845,#1846,0.4);
#1848=IFCSHAPEREPRESENTATION(#12,'Body','SweptSolid',(#1847));
#1849=IFCPRODUCTDEFINITIONSHAPE($,$,(#1848));
#1850=IFCSTYLEDITEM(#1847,(#39),'Concreto armado');
#1851=IFCCARTESIANPOINT((-0.075,13.425,-0.5));
#1852=IFCDIRECTION((0.,0.,1.));
#1853=IFCDIRECTION((1.,0.,0.));
#1854=IFCAXIS2PLACEMENT3D(#1851,#1852,#1853);
#1855=IFCLOCALPLACEMENT(#33,#1854);
#1856=IFCFOOTING('000DIX0010080000000024',$,'Viga baldrame: Vest\X2\00ED\X0\bulo, oeste',$,$,#1878,#1872,$,.STRIP_FOOTING.);
#1862=IFCCARTESIANPOINTLIST2D(((0.,0.),(0.15000000000000036,0.),(0.15000000000000036,7.65),(0.,7.65)));
#1863=IFCINDEXEDPOLYCURVE(#1862,(IFCLINEINDEX((1,2,3,4,1))),$);
#1864=IFCARBITRARYCLOSEDPROFILEDEF(.AREA.,$,#1863);
#1865=IFCCARTESIANPOINT((0.,0.,0.));
#1866=IFCDIRECTION((0.,0.,1.));
#1867=IFCDIRECTION((1.,0.,0.));
#1868=IFCAXIS2PLACEMENT3D(#1865,#1866,#1867);
#1869=IFCDIRECTION((0.,0.,1.));
#1870=IFCEXTRUDEDAREASOLID(#1864,#1868,#1869,0.4);
#1871=IFCSHAPEREPRESENTATION(#12,'Body','SweptSolid',(#1870));
#1872=IFCPRODUCTDEFINITIONSHAPE($,$,(#1871));
#1873=IFCSTYLEDITEM(#1870,(#39),'Concreto armado');
#1874=IFCCARTESIANPOINT((3.925,-0.075,-0.5));
#1875=IFCDIRECTION((0.,0.,1.));
#1876=IFCDIRECTION((1.,0.,0.));
#1877=IFCAXIS2PLACEMENT3D(#1874,#1875,#1876);
#1878=IFCLOCALPLACEMENT(#33,#1877);
#1879=IFCFOOTING('000DIX0010080000000025',$,'Viga baldrame: Vest\X2\00ED\X0\bulo, leste',$,$,#1901,#1895,$,.STRIP_FOOTING.);
#1885=IFCCARTESIANPOINTLIST2D(((0.,0.),(0.15000000000000036,0.),(0.15000000000000036,7.65),(0.,7.65)));
#1886=IFCINDEXEDPOLYCURVE(#1885,(IFCLINEINDEX((1,2,3,4,1))),$);
#1887=IFCARBITRARYCLOSEDPROFILEDEF(.AREA.,$,#1886);
#1888=IFCCARTESIANPOINT((0.,0.,0.));
#1889=IFCDIRECTION((0.,0.,1.));
#1890=IFCDIRECTION((1.,0.,0.));
#1891=IFCAXIS2PLACEMENT3D(#1888,#1889,#1890);
#1892=IFCDIRECTION((0.,0.,1.));
#1893=IFCEXTRUDEDAREASOLID(#1887,#1891,#1892,0.4);
#1894=IFCSHAPEREPRESENTATION(#12,'Body','SweptSolid',(#1893));
#1895=IFCPRODUCTDEFINITIONSHAPE($,$,(#1894));
#1896=IFCSTYLEDITEM(#1893,(#39),'Concreto armado');
#1897=IFCCARTESIANPOINT((5.925,-0.075,-0.5));
#1898=IFCDIRECTION((0.,0.,1.));
#1899=IFCDIRECTION((1.,0.,0.));
#1900=IFCAXIS2PLACEMENT3D(#1897,#1898,#1899);
#1901=IFCLOCALPLACEMENT(#33,#1900);
#1902=IFCFOOTING('000DIX0010080000000026',$,'Viga baldrame: Su\X2\00ED\X0\te oeste, banho',$,$,#1924,#1918,$,.STRIP_FOOTING.);
#1908=IFCCARTESIANPOINTLIST2D(((0.,0.),(4.15,0.),(4.15,0.15000000000000036),(0.,0.15000000000000036)));
#1909=IFCINDEXEDPOLYCURVE(#1908,(IFCLINEINDEX((1,2,3,4,1))),$);
#1910=IFCARBITRARYCLOSEDPROFILEDEF(.AREA.,$,#1909);
#1911=IFCCARTESIANPOINT((0.,0.,0.));
#1912=IFCDIRECTION((0.,0.,1.));
#1913=IFCDIRECTION((1.,0.,0.));
#1914=IFCAXIS2PLACEMENT3D(#1911,#1912,#1913);
#1915=IFCDIRECTION((0.,0.,1.));
#1916=IFCEXTRUDEDAREASOLID(#1910,#1914,#1915,0.4);
#1917=IFCSHAPEREPRESENTATION(#12,'Body','SweptSolid',(#1916));
#1918=IFCPRODUCTDEFINITIONSHAPE($,$,(#1917));
#1919=IFCSTYLEDITEM(#1916,(#39),'Concreto armado');
#1920=IFCCARTESIANPOINT((-0.075,4.925,-0.5));
#1921=IFCDIRECTION((0.,0.,1.));
#1922=IFCDIRECTION((1.,0.,0.));
#1923=IFCAXIS2PLACEMENT3D(#1920,#1921,#1922);
#1924=IFCLOCALPLACEMENT(#33,#1923);
#1925=IFCFOOTING('000DIX0010080000000027',$,'Viga baldrame: Su\X2\00ED\X0\te leste, banho',$,$,#1947,#1941,$,.STRIP_FOOTING.);
#1931=IFCCARTESIANPOINTLIST2D(((0.,0.),(4.1499999999999995,0.),(4.1499999999999995,0.15000000000000036),(0.,0.15000000000000036)));
#1932=IFCINDEXEDPOLYCURVE(#1931,(IFCLINEINDEX((1,2,3,4,1))),$);
#1933=IFCARBITRARYCLOSEDPROFILEDEF(.AREA.,$,#1932);
#1934=IFCCARTESIANPOINT((0.,0.,0.));
#1935=IFCDIRECTION((0.,0.,1.));
#1936=IFCDIRECTION((1.,0.,0.));
#1937=IFCAXIS2PLACEMENT3D(#1934,#1935,#1936);
#1938=IFCDIRECTION((0.,0.,1.));
#1939=IFCEXTRUDEDAREASOLID(#1933,#1937,#1938,0.4);
#1940=IFCSHAPEREPRESENTATION(#12,'Body','SweptSolid',(#1939));
#1941=IFCPRODUCTDEFINITIONSHAPE($,$,(#1940));
#1942=IFCSTYLEDITEM(#1939,(#39),'Concreto armado');
#1943=IFCCARTESIANPOINT((5.925,4.925,-0.5));
#1944=IFCDIRECTION((0.,0.,1.));
#1945=IFCDIRECTION((1.,0.,0.));
#1946=IFCAXIS2PLACEMENT3D(#1943,#1944,#1945);
#1947=IFCLOCALPLACEMENT(#33,#1946);
#1948=IFCFOOTING('000DIX0010080000000028',$,'Viga baldrame: Cozinha, WC e servi\X2\00E7\X0\o',$,$,#1970,#1964,$,.STRIP_FOOTING.);
#1954=IFCCARTESIANPOINTLIST2D(((0.,0.),(0.15000000000000036,0.),(0.15000000000000036,4.649999999999999),(0.,4.649999999999999)));
#1955=IFCINDEXEDPOLYCURVE(#1954,(IFCLINEINDEX((1,2,3,4,1))),$);
#1956=IFCARBITRARYCLOSEDPROFILEDEF(.AREA.,$,#1955);
#1957=IFCCARTESIANPOINT((0.,0.,0.));
#1958=IFCDIRECTION((0.,0.,1.));
#1959=IFCDIRECTION((1.,0.,0.));
#1960=IFCAXIS2PLACEMENT3D(#1957,#1958,#1959);
#1961=IFCDIRECTION((0.,0.,1.));
#1962=IFCEXTRUDEDAREASOLID(#1956,#1960,#1961,0.4);
#1963=IFCSHAPEREPRESENTATION(#12,'Body','SweptSolid',(#1962));
#1964=IFCPRODUCTDEFINITIONSHAPE($,$,(#1963));
#1965=IFCSTYLEDITEM(#1962,(#39),'Concreto armado');
#1966=IFCCARTESIANPOINT((5.925,13.425,-0.5));
#1967=IFCDIRECTION((0.,0.,1.));
#1968=IFCDIRECTION((1.,0.,0.));
#1969=IFCAXIS2PLACEMENT3D(#1966,#1967,#1968);
#1970=IFCLOCALPLACEMENT(#33,#1969);
#1971=IFCFOOTING('000DIX0010080000000029',$,'Viga baldrame: WC, servi\X2\00E7\X0\o',$,$,#1993,#1987,$,.STRIP_FOOTING.);
#1977=IFCCARTESIANPOINTLIST2D(((0.,0.),(4.1499999999999995,0.),(4.1499999999999995,0.14999999999999858),(0.,0.14999999999999858)));
#1978=IFCINDEXEDPOLYCURVE(#1977,(IFCLINEINDEX((1,2,3,4,1))),$);
#1979=IFCARBITRARYCLOSEDPROFILEDEF(.AREA.,$,#1978);
#1980=IFCCARTESIANPOINT((0.,0.,0.));
#1981=IFCDIRECTION((0.,0.,1.));
#1982=IFCDIRECTION((1.,0.,0.));
#1983=IFCAXIS2PLACEMENT3D(#1980,#1981,#1982);
#1984=IFCDIRECTION((0.,0.,1.));
#1985=IFCEXTRUDEDAREASOLID(#1979,#1983,#1984,0.4);
#1986=IFCSHAPEREPRESENTATION(#12,'Body','SweptSolid',(#1985));
#1987=IFCPRODUCTDEFINITIONSHAPE($,$,(#1986));
#1988=IFCSTYLEDITEM(#1985,(#39),'Concreto armado');
#1989=IFCCARTESIANPOINT((5.925,15.925,-0.5));
#1990=IFCDIRECTION((0.,0.,1.));
#1991=IFCDIRECTION((1.,0.,0.));
#1992=IFCAXIS2PLACEMENT3D(#1989,#1990,#1991);
#1993=IFCLOCALPLACEMENT(#33,#1992);
#1994=IFCFOOTING('000DIX001008000000002A',$,'Sapata P(0;0)',$,$,#2016,#2010,$,.PAD_FOOTING.);
#2000=IFCCARTESIANPOINTLIST2D(((0.,0.),(0.8,0.),(0.8,0.8),(0.,0.8)));
#2001=IFCINDEXEDPOLYCURVE(#2000,(IFCLINEINDEX((1,2,3,4,1))),$);
#2002=IFCARBITRARYCLOSEDPROFILEDEF(.AREA.,$,#2001);
#2003=IFCCARTESIANPOINT((0.,0.,0.));
#2004=IFCDIRECTION((0.,0.,1.));
#2005=IFCDIRECTION((1.,0.,0.));
#2006=IFCAXIS2PLACEMENT3D(#2003,#2004,#2005);
#2007=IFCDIRECTION((0.,0.,1.));
#2008=IFCEXTRUDEDAREASOLID(#2002,#2006,#2007,0.6000000000000001);
#2009=IFCSHAPEREPRESENTATION(#12,'Body','SweptSolid',(#2008));
#2010=IFCPRODUCTDEFINITIONSHAPE($,$,(#2009));
#2011=IFCSTYLEDITEM(#2008,(#39),'Concreto armado');
#2012=IFCCARTESIANPOINT((-0.4,-0.4,-1.1));
#2013=IFCDIRECTION((0.,0.,1.));
#2014=IFCDIRECTION((1.,0.,0.));
#2015=IFCAXIS2PLACEMENT3D(#2012,#2013,#2014);
#2016=IFCLOCALPLACEMENT(#33,#2015);
#2017=IFCFOOTING('000DIX001008000000002B',$,'Sapata P(4;0)',$,$,#2039,#2033,$,.PAD_FOOTING.);
#2023=IFCCARTESIANPOINTLIST2D(((0.,0.),(0.8000000000000003,0.),(0.8000000000000003,0.8),(0.,0.8)));
#2024=IFCINDEXEDPOLYCURVE(#2023,(IFCLINEINDEX((1,2,3,4,1))),$);
#2025=IFCARBITRARYCLOSEDPROFILEDEF(.AREA.,$,#2024);
#2026=IFCCARTESIANPOINT((0.,0.,0.));
#2027=IFCDIRECTION((0.,0.,1.));
#2028=IFCDIRECTION((1.,0.,0.));
#2029=IFCAXIS2PLACEMENT3D(#2026,#2027,#2028);
#2030=IFCDIRECTION((0.,0.,1.));
#2031=IFCEXTRUDEDAREASOLID(#2025,#2029,#2030,0.6000000000000001);
#2032=IFCSHAPEREPRESENTATION(#12,'Body','SweptSolid',(#2031));
#2033=IFCPRODUCTDEFINITIONSHAPE($,$,(#2032));
#2034=IFCSTYLEDITEM(#2031,(#39),'Concreto armado');
#2035=IFCCARTESIANPOINT((3.6,-0.4,-1.1));
#2036=IFCDIRECTION((0.,0.,1.));
#2037=IFCDIRECTION((1.,0.,0.));
#2038=IFCAXIS2PLACEMENT3D(#2035,#2036,#2037);
#2039=IFCLOCALPLACEMENT(#33,#2038);
#2040=IFCFOOTING('000DIX001008000000002C',$,'Sapata P(6;0)',$,$,#2062,#2056,$,.PAD_FOOTING.);
#2046=IFCCARTESIANPOINTLIST2D(((0.,0.),(0.8000000000000007,0.),(0.8000000000000007,0.8),(0.,0.8)));
#2047=IFCINDEXEDPOLYCURVE(#2046,(IFCLINEINDEX((1,2,3,4,1))),$);
#2048=IFCARBITRARYCLOSEDPROFILEDEF(.AREA.,$,#2047);
#2049=IFCCARTESIANPOINT((0.,0.,0.));
#2050=IFCDIRECTION((0.,0.,1.));
#2051=IFCDIRECTION((1.,0.,0.));
#2052=IFCAXIS2PLACEMENT3D(#2049,#2050,#2051);
#2053=IFCDIRECTION((0.,0.,1.));
#2054=IFCEXTRUDEDAREASOLID(#2048,#2052,#2053,0.6000000000000001);
#2055=IFCSHAPEREPRESENTATION(#12,'Body','SweptSolid',(#2054));
#2056=IFCPRODUCTDEFINITIONSHAPE($,$,(#2055));
#2057=IFCSTYLEDITEM(#2054,(#39),'Concreto armado');
#2058=IFCCARTESIANPOINT((5.6,-0.4,-1.1));
#2059=IFCDIRECTION((0.,0.,1.));
#2060=IFCDIRECTION((1.,0.,0.));
#2061=IFCAXIS2PLACEMENT3D(#2058,#2059,#2060);
#2062=IFCLOCALPLACEMENT(#33,#2061);
#2063=IFCFOOTING('000DIX001008000000002D',$,'Sapata P(10;0)',$,$,#2085,#2079,$,.PAD_FOOTING.);
#2069=IFCCARTESIANPOINTLIST2D(((0.,0.),(0.8000000000000007,0.),(0.8000000000000007,0.8),(0.,0.8)));
#2070=IFCINDEXEDPOLYCURVE(#2069,(IFCLINEINDEX((1,2,3,4,1))),$);
#2071=IFCARBITRARYCLOSEDPROFILEDEF(.AREA.,$,#2070);
#2072=IFCCARTESIANPOINT((0.,0.,0.));
#2073=IFCDIRECTION((0.,0.,1.));
#2074=IFCDIRECTION((1.,0.,0.));
#2075=IFCAXIS2PLACEMENT3D(#2072,#2073,#2074);
#2076=IFCDIRECTION((0.,0.,1.));
#2077=IFCEXTRUDEDAREASOLID(#2071,#2075,#2076,0.6000000000000001);
#2078=IFCSHAPEREPRESENTATION(#12,'Body','SweptSolid',(#2077));
#2079=IFCPRODUCTDEFINITIONSHAPE($,$,(#2078));
#2080=IFCSTYLEDITEM(#2077,(#39),'Concreto armado');
#2081=IFCCARTESIANPOINT((9.6,-0.4,-1.1));
#2082=IFCDIRECTION((0.,0.,1.));
#2083=IFCDIRECTION((1.,0.,0.));
#2084=IFCAXIS2PLACEMENT3D(#2081,#2082,#2083);
#2085=IFCLOCALPLACEMENT(#33,#2084);
#2086=IFCFOOTING('000DIX001008000000002E',$,'Sapata P(0;5)',$,$,#2108,#2102,$,.PAD_FOOTING.);
#2092=IFCCARTESIANPOINTLIST2D(((0.,0.),(0.8,0.),(0.8,0.8000000000000007),(0.,0.8000000000000007)));
#2093=IFCINDEXEDPOLYCURVE(#2092,(IFCLINEINDEX((1,2,3,4,1))),$);
#2094=IFCARBITRARYCLOSEDPROFILEDEF(.AREA.,$,#2093);
#2095=IFCCARTESIANPOINT((0.,0.,0.));
#2096=IFCDIRECTION((0.,0.,1.));
#2097=IFCDIRECTION((1.,0.,0.));
#2098=IFCAXIS2PLACEMENT3D(#2095,#2096,#2097);
#2099=IFCDIRECTION((0.,0.,1.));
#2100=IFCEXTRUDEDAREASOLID(#2094,#2098,#2099,0.6000000000000001);
#2101=IFCSHAPEREPRESENTATION(#12,'Body','SweptSolid',(#2100));
#2102=IFCPRODUCTDEFINITIONSHAPE($,$,(#2101));
#2103=IFCSTYLEDITEM(#2100,(#39),'Concreto armado');
#2104=IFCCARTESIANPOINT((-0.4,4.6,-1.1));
#2105=IFCDIRECTION((0.,0.,1.));
#2106=IFCDIRECTION((1.,0.,0.));
#2107=IFCAXIS2PLACEMENT3D(#2104,#2105,#2106);
#2108=IFCLOCALPLACEMENT(#33,#2107);
#2109=IFCFOOTING('000DIX001008000000002F',$,'Sapata P(4;5)',$,$,#2131,#2125,$,.PAD_FOOTING.);
#2115=IFCCARTESIANPOINTLIST2D(((0.,0.),(0.8000000000000003,0.),(0.8000000000000003,0.8000000000000007),(0.,0.8000000000000007)));
#2116=IFCINDEXEDPOLYCURVE(#2115,(IFCLINEINDEX((1,2,3,4,1))),$);
#2117=IFCARBITRARYCLOSEDPROFILEDEF(.AREA.,$,#2116);
#2118=IFCCARTESIANPOINT((0.,0.,0.));
#2119=IFCDIRECTION((0.,0.,1.));
#2120=IFCDIRECTION((1.,0.,0.));
#2121=IFCAXIS2PLACEMENT3D(#2118,#2119,#2120);
#2122=IFCDIRECTION((0.,0.,1.));
#2123=IFCEXTRUDEDAREASOLID(#2117,#2121,#2122,0.6000000000000001);
#2124=IFCSHAPEREPRESENTATION(#12,'Body','SweptSolid',(#2123));
#2125=IFCPRODUCTDEFINITIONSHAPE($,$,(#2124));
#2126=IFCSTYLEDITEM(#2123,(#39),'Concreto armado');
#2127=IFCCARTESIANPOINT((3.6,4.6,-1.1));
#2128=IFCDIRECTION((0.,0.,1.));
#2129=IFCDIRECTION((1.,0.,0.));
#2130=IFCAXIS2PLACEMENT3D(#2127,#2128,#2129);
#2131=IFCLOCALPLACEMENT(#33,#2130);
#2132=IFCFOOTING('000DIX001008000000002G',$,'Sapata P(6;5)',$,$,#2154,#2148,$,.PAD_FOOTING.);
#2138=IFCCARTESIANPOINTLIST2D(((0.,0.),(0.8000000000000007,0.),(0.8000000000000007,0.8000000000000007),(0.,0.8000000000000007)));
#2139=IFCINDEXEDPOLYCURVE(#2138,(IFCLINEINDEX((1,2,3,4,1))),$);
#2140=IFCARBITRARYCLOSEDPROFILEDEF(.AREA.,$,#2139);
#2141=IFCCARTESIANPOINT((0.,0.,0.));
#2142=IFCDIRECTION((0.,0.,1.));
#2143=IFCDIRECTION((1.,0.,0.));
#2144=IFCAXIS2PLACEMENT3D(#2141,#2142,#2143);
#2145=IFCDIRECTION((0.,0.,1.));
#2146=IFCEXTRUDEDAREASOLID(#2140,#2144,#2145,0.6000000000000001);
#2147=IFCSHAPEREPRESENTATION(#12,'Body','SweptSolid',(#2146));
#2148=IFCPRODUCTDEFINITIONSHAPE($,$,(#2147));
#2149=IFCSTYLEDITEM(#2146,(#39),'Concreto armado');
#2150=IFCCARTESIANPOINT((5.6,4.6,-1.1));
#2151=IFCDIRECTION((0.,0.,1.));
#2152=IFCDIRECTION((1.,0.,0.));
#2153=IFCAXIS2PLACEMENT3D(#2150,#2151,#2152);
#2154=IFCLOCALPLACEMENT(#33,#2153);
#2155=IFCFOOTING('000DIX001008000000002H',$,'Sapata P(10;5)',$,$,#2177,#2171,$,.PAD_FOOTING.);
#2161=IFCCARTESIANPOINTLIST2D(((0.,0.),(0.8000000000000007,0.),(0.8000000000000007,0.8000000000000007),(0.,0.8000000000000007)));
#2162=IFCINDEXEDPOLYCURVE(#2161,(IFCLINEINDEX((1,2,3,4,1))),$);
#2163=IFCARBITRARYCLOSEDPROFILEDEF(.AREA.,$,#2162);
#2164=IFCCARTESIANPOINT((0.,0.,0.));
#2165=IFCDIRECTION((0.,0.,1.));
#2166=IFCDIRECTION((1.,0.,0.));
#2167=IFCAXIS2PLACEMENT3D(#2164,#2165,#2166);
#2168=IFCDIRECTION((0.,0.,1.));
#2169=IFCEXTRUDEDAREASOLID(#2163,#2167,#2168,0.6000000000000001);
#2170=IFCSHAPEREPRESENTATION(#12,'Body','SweptSolid',(#2169));
#2171=IFCPRODUCTDEFINITIONSHAPE($,$,(#2170));
#2172=IFCSTYLEDITEM(#2169,(#39),'Concreto armado');
#2173=IFCCARTESIANPOINT((9.6,4.6,-1.1));
#2174=IFCDIRECTION((0.,0.,1.));
#2175=IFCDIRECTION((1.,0.,0.));
#2176=IFCAXIS2PLACEMENT3D(#2173,#2174,#2175);
#2177=IFCLOCALPLACEMENT(#33,#2176);
#2178=IFCFOOTING('000DIX001008000000002I',$,'Sapata P(0;7.5)',$,$,#2200,#2194,$,.PAD_FOOTING.);
#2184=IFCCARTESIANPOINTLIST2D(((0.,0.),(0.8,0.),(0.8,0.8000000000000007),(0.,0.8000000000000007)));
#2185=IFCINDEXEDPOLYCURVE(#2184,(IFCLINEINDEX((1,2,3,4,1))),$);
#2186=IFCARBITRARYCLOSEDPROFILEDEF(.AREA.,$,#2185);
#2187=IFCCARTESIANPOINT((0.,0.,0.));
#2188=IFCDIRECTION((0.,0.,1.));
#2189=IFCDIRECTION((1.,0.,0.));
#2190=IFCAXIS2PLACEMENT3D(#2187,#2188,#2189);
#2191=IFCDIRECTION((0.,0.,1.));
#2192=IFCEXTRUDEDAREASOLID(#2186,#2190,#2191,0.6000000000000001);
#2193=IFCSHAPEREPRESENTATION(#12,'Body','SweptSolid',(#2192));
#2194=IFCPRODUCTDEFINITIONSHAPE($,$,(#2193));
#2195=IFCSTYLEDITEM(#2192,(#39),'Concreto armado');
#2196=IFCCARTESIANPOINT((-0.4,7.1,-1.1));
#2197=IFCDIRECTION((0.,0.,1.));
#2198=IFCDIRECTION((1.,0.,0.));
#2199=IFCAXIS2PLACEMENT3D(#2196,#2197,#2198);
#2200=IFCLOCALPLACEMENT(#33,#2199);
#2201=IFCFOOTING('000DIX001008000000002J',$,'Sapata P(4;7.5)',$,$,#2223,#2217,$,.PAD_FOOTING.);
#2207=IFCCARTESIANPOINTLIST2D(((0.,0.),(0.8000000000000003,0.),(0.8000000000000003,0.8000000000000007),(0.,0.8000000000000007)));
#2208=IFCINDEXEDPOLYCURVE(#2207,(IFCLINEINDEX((1,2,3,4,1))),$);
#2209=IFCARBITRARYCLOSEDPROFILEDEF(.AREA.,$,#2208);
#2210=IFCCARTESIANPOINT((0.,0.,0.));
#2211=IFCDIRECTION((0.,0.,1.));
#2212=IFCDIRECTION((1.,0.,0.));
#2213=IFCAXIS2PLACEMENT3D(#2210,#2211,#2212);
#2214=IFCDIRECTION((0.,0.,1.));
#2215=IFCEXTRUDEDAREASOLID(#2209,#2213,#2214,0.6000000000000001);
#2216=IFCSHAPEREPRESENTATION(#12,'Body','SweptSolid',(#2215));
#2217=IFCPRODUCTDEFINITIONSHAPE($,$,(#2216));
#2218=IFCSTYLEDITEM(#2215,(#39),'Concreto armado');
#2219=IFCCARTESIANPOINT((3.6,7.1,-1.1));
#2220=IFCDIRECTION((0.,0.,1.));
#2221=IFCDIRECTION((1.,0.,0.));
#2222=IFCAXIS2PLACEMENT3D(#2219,#2220,#2221);
#2223=IFCLOCALPLACEMENT(#33,#2222);
#2224=IFCFOOTING('000DIX001008000000002K',$,'Sapata P(6;7.5)',$,$,#2246,#2240,$,.PAD_FOOTING.);
#2230=IFCCARTESIANPOINTLIST2D(((0.,0.),(0.8000000000000007,0.),(0.8000000000000007,0.8000000000000007),(0.,0.8000000000000007)));
#2231=IFCINDEXEDPOLYCURVE(#2230,(IFCLINEINDEX((1,2,3,4,1))),$);
#2232=IFCARBITRARYCLOSEDPROFILEDEF(.AREA.,$,#2231);
#2233=IFCCARTESIANPOINT((0.,0.,0.));
#2234=IFCDIRECTION((0.,0.,1.));
#2235=IFCDIRECTION((1.,0.,0.));
#2236=IFCAXIS2PLACEMENT3D(#2233,#2234,#2235);
#2237=IFCDIRECTION((0.,0.,1.));
#2238=IFCEXTRUDEDAREASOLID(#2232,#2236,#2237,0.6000000000000001);
#2239=IFCSHAPEREPRESENTATION(#12,'Body','SweptSolid',(#2238));
#2240=IFCPRODUCTDEFINITIONSHAPE($,$,(#2239));
#2241=IFCSTYLEDITEM(#2238,(#39),'Concreto armado');
#2242=IFCCARTESIANPOINT((5.6,7.1,-1.1));
#2243=IFCDIRECTION((0.,0.,1.));
#2244=IFCDIRECTION((1.,0.,0.));
#2245=IFCAXIS2PLACEMENT3D(#2242,#2243,#2244);
#2246=IFCLOCALPLACEMENT(#33,#2245);
#2247=IFCFOOTING('000DIX001008000000002L',$,'Sapata P(10;7.5)',$,$,#2269,#2263,$,.PAD_FOOTING.);
#2253=IFCCARTESIANPOINTLIST2D(((0.,0.),(0.8000000000000007,0.),(0.8000000000000007,0.8000000000000007),(0.,0.8000000000000007)));
#2254=IFCINDEXEDPOLYCURVE(#2253,(IFCLINEINDEX((1,2,3,4,1))),$);
#2255=IFCARBITRARYCLOSEDPROFILEDEF(.AREA.,$,#2254);
#2256=IFCCARTESIANPOINT((0.,0.,0.));
#2257=IFCDIRECTION((0.,0.,1.));
#2258=IFCDIRECTION((1.,0.,0.));
#2259=IFCAXIS2PLACEMENT3D(#2256,#2257,#2258);
#2260=IFCDIRECTION((0.,0.,1.));
#2261=IFCEXTRUDEDAREASOLID(#2255,#2259,#2260,0.6000000000000001);
#2262=IFCSHAPEREPRESENTATION(#12,'Body','SweptSolid',(#2261));
#2263=IFCPRODUCTDEFINITIONSHAPE($,$,(#2262));
#2264=IFCSTYLEDITEM(#2261,(#39),'Concreto armado');
#2265=IFCCARTESIANPOINT((9.6,7.1,-1.1));
#2266=IFCDIRECTION((0.,0.,1.));
#2267=IFCDIRECTION((1.,0.,0.));
#2268=IFCAXIS2PLACEMENT3D(#2265,#2266,#2267);
#2269=IFCLOCALPLACEMENT(#33,#2268);
#2270=IFCFOOTING('000DIX001008000000002M',$,'Sapata P(0;13.5)',$,$,#2292,#2286,$,.PAD_FOOTING.);
#2276=IFCCARTESIANPOINTLIST2D(((0.,0.),(0.8,0.),(0.8,0.8000000000000007),(0.,0.8000000000000007)));
#2277=IFCINDEXEDPOLYCURVE(#2276,(IFCLINEINDEX((1,2,3,4,1))),$);
#2278=IFCARBITRARYCLOSEDPROFILEDEF(.AREA.,$,#2277);
#2279=IFCCARTESIANPOINT((0.,0.,0.));
#2280=IFCDIRECTION((0.,0.,1.));
#2281=IFCDIRECTION((1.,0.,0.));
#2282=IFCAXIS2PLACEMENT3D(#2279,#2280,#2281);
#2283=IFCDIRECTION((0.,0.,1.));
#2284=IFCEXTRUDEDAREASOLID(#2278,#2282,#2283,0.6000000000000001);
#2285=IFCSHAPEREPRESENTATION(#12,'Body','SweptSolid',(#2284));
#2286=IFCPRODUCTDEFINITIONSHAPE($,$,(#2285));
#2287=IFCSTYLEDITEM(#2284,(#39),'Concreto armado');
#2288=IFCCARTESIANPOINT((-0.4,13.1,-1.1));
#2289=IFCDIRECTION((0.,0.,1.));
#2290=IFCDIRECTION((1.,0.,0.));
#2291=IFCAXIS2PLACEMENT3D(#2288,#2289,#2290);
#2292=IFCLOCALPLACEMENT(#33,#2291);
#2293=IFCFOOTING('000DIX001008000000002N',$,'Sapata P(4;13.5)',$,$,#2315,#2309,$,.PAD_FOOTING.);
#2299=IFCCARTESIANPOINTLIST2D(((0.,0.),(0.8000000000000003,0.),(0.8000000000000003,0.8000000000000007),(0.,0.8000000000000007)));
#2300=IFCINDEXEDPOLYCURVE(#2299,(IFCLINEINDEX((1,2,3,4,1))),$);
#2301=IFCARBITRARYCLOSEDPROFILEDEF(.AREA.,$,#2300);
#2302=IFCCARTESIANPOINT((0.,0.,0.));
#2303=IFCDIRECTION((0.,0.,1.));
#2304=IFCDIRECTION((1.,0.,0.));
#2305=IFCAXIS2PLACEMENT3D(#2302,#2303,#2304);
#2306=IFCDIRECTION((0.,0.,1.));
#2307=IFCEXTRUDEDAREASOLID(#2301,#2305,#2306,0.6000000000000001);
#2308=IFCSHAPEREPRESENTATION(#12,'Body','SweptSolid',(#2307));
#2309=IFCPRODUCTDEFINITIONSHAPE($,$,(#2308));
#2310=IFCSTYLEDITEM(#2307,(#39),'Concreto armado');
#2311=IFCCARTESIANPOINT((3.6,13.1,-1.1));
#2312=IFCDIRECTION((0.,0.,1.));
#2313=IFCDIRECTION((1.,0.,0.));
#2314=IFCAXIS2PLACEMENT3D(#2311,#2312,#2313);
#2315=IFCLOCALPLACEMENT(#33,#2314);
#2316=IFCFOOTING('000DIX001008000000002O',$,'Sapata P(6;13.5)',$,$,#2338,#2332,$,.PAD_FOOTING.);
#2322=IFCCARTESIANPOINTLIST2D(((0.,0.),(0.8000000000000007,0.),(0.8000000000000007,0.8000000000000007),(0.,0.8000000000000007)));
#2323=IFCINDEXEDPOLYCURVE(#2322,(IFCLINEINDEX((1,2,3,4,1))),$);
#2324=IFCARBITRARYCLOSEDPROFILEDEF(.AREA.,$,#2323);
#2325=IFCCARTESIANPOINT((0.,0.,0.));
#2326=IFCDIRECTION((0.,0.,1.));
#2327=IFCDIRECTION((1.,0.,0.));
#2328=IFCAXIS2PLACEMENT3D(#2325,#2326,#2327);
#2329=IFCDIRECTION((0.,0.,1.));
#2330=IFCEXTRUDEDAREASOLID(#2324,#2328,#2329,0.6000000000000001);
#2331=IFCSHAPEREPRESENTATION(#12,'Body','SweptSolid',(#2330));
#2332=IFCPRODUCTDEFINITIONSHAPE($,$,(#2331));
#2333=IFCSTYLEDITEM(#2330,(#39),'Concreto armado');
#2334=IFCCARTESIANPOINT((5.6,13.1,-1.1));
#2335=IFCDIRECTION((0.,0.,1.));
#2336=IFCDIRECTION((1.,0.,0.));
#2337=IFCAXIS2PLACEMENT3D(#2334,#2335,#2336);
#2338=IFCLOCALPLACEMENT(#33,#2337);
#2339=IFCFOOTING('000DIX001008000000002P',$,'Sapata P(10;13.5)',$,$,#2361,#2355,$,.PAD_FOOTING.);
#2345=IFCCARTESIANPOINTLIST2D(((0.,0.),(0.8000000000000007,0.),(0.8000000000000007,0.8000000000000007),(0.,0.8000000000000007)));
#2346=IFCINDEXEDPOLYCURVE(#2345,(IFCLINEINDEX((1,2,3,4,1))),$);
#2347=IFCARBITRARYCLOSEDPROFILEDEF(.AREA.,$,#2346);
#2348=IFCCARTESIANPOINT((0.,0.,0.));
#2349=IFCDIRECTION((0.,0.,1.));
#2350=IFCDIRECTION((1.,0.,0.));
#2351=IFCAXIS2PLACEMENT3D(#2348,#2349,#2350);
#2352=IFCDIRECTION((0.,0.,1.));
#2353=IFCEXTRUDEDAREASOLID(#2347,#2351,#2352,0.6000000000000001);
#2354=IFCSHAPEREPRESENTATION(#12,'Body','SweptSolid',(#2353));
#2355=IFCPRODUCTDEFINITIONSHAPE($,$,(#2354));
#2356=IFCSTYLEDITEM(#2353,(#39),'Concreto armado');
#2357=IFCCARTESIANPOINT((9.6,13.1,-1.1));
#2358=IFCDIRECTION((0.,0.,1.));
#2359=IFCDIRECTION((1.,0.,0.));
#2360=IFCAXIS2PLACEMENT3D(#2357,#2358,#2359);
#2361=IFCLOCALPLACEMENT(#33,#2360);
#2362=IFCFOOTING('000DIX001008000000002Q',$,'Sapata P(0;18)',$,$,#2384,#2378,$,.PAD_FOOTING.);
#2368=IFCCARTESIANPOINTLIST2D(((0.,0.),(0.8,0.),(0.8,0.7999999999999972),(0.,0.7999999999999972)));
#2369=IFCINDEXEDPOLYCURVE(#2368,(IFCLINEINDEX((1,2,3,4,1))),$);
#2370=IFCARBITRARYCLOSEDPROFILEDEF(.AREA.,$,#2369);
#2371=IFCCARTESIANPOINT((0.,0.,0.));
#2372=IFCDIRECTION((0.,0.,1.));
#2373=IFCDIRECTION((1.,0.,0.));
#2374=IFCAXIS2PLACEMENT3D(#2371,#2372,#2373);
#2375=IFCDIRECTION((0.,0.,1.));
#2376=IFCEXTRUDEDAREASOLID(#2370,#2374,#2375,0.6000000000000001);
#2377=IFCSHAPEREPRESENTATION(#12,'Body','SweptSolid',(#2376));
#2378=IFCPRODUCTDEFINITIONSHAPE($,$,(#2377));
#2379=IFCSTYLEDITEM(#2376,(#39),'Concreto armado');
#2380=IFCCARTESIANPOINT((-0.4,17.6,-1.1));
#2381=IFCDIRECTION((0.,0.,1.));
#2382=IFCDIRECTION((1.,0.,0.));
#2383=IFCAXIS2PLACEMENT3D(#2380,#2381,#2382);
#2384=IFCLOCALPLACEMENT(#33,#2383);
#2385=IFCFOOTING('000DIX001008000000002R',$,'Sapata P(6;18)',$,$,#2407,#2401,$,.PAD_FOOTING.);
#2391=IFCCARTESIANPOINTLIST2D(((0.,0.),(0.8000000000000007,0.),(0.8000000000000007,0.7999999999999972),(0.,0.7999999999999972)));
#2392=IFCINDEXEDPOLYCURVE(#2391,(IFCLINEINDEX((1,2,3,4,1))),$);
#2393=IFCARBITRARYCLOSEDPROFILEDEF(.AREA.,$,#2392);
#2394=IFCCARTESIANPOINT((0.,0.,0.));
#2395=IFCDIRECTION((0.,0.,1.));
#2396=IFCDIRECTION((1.,0.,0.));
#2397=IFCAXIS2PLACEMENT3D(#2394,#2395,#2396);
#2398=IFCDIRECTION((0.,0.,1.));
#2399=IFCEXTRUDEDAREASOLID(#2393,#2397,#2398,0.6000000000000001);
#2400=IFCSHAPEREPRESENTATION(#12,'Body','SweptSolid',(#2399));
#2401=IFCPRODUCTDEFINITIONSHAPE($,$,(#2400));
#2402=IFCSTYLEDITEM(#2399,(#39),'Concreto armado');
#2403=IFCCARTESIANPOINT((5.6,17.6,-1.1));
#2404=IFCDIRECTION((0.,0.,1.));
#2405=IFCDIRECTION((1.,0.,0.));
#2406=IFCAXIS2PLACEMENT3D(#2403,#2404,#2405);
#2407=IFCLOCALPLACEMENT(#33,#2406);
#2408=IFCFOOTING('000DIX001008000000002S',$,'Sapata P(10;18)',$,$,#2430,#2424,$,.PAD_FOOTING.);
#2414=IFCCARTESIANPOINTLIST2D(((0.,0.),(0.8000000000000007,0.),(0.8000000000000007,0.7999999999999972),(0.,0.7999999999999972)));
#2415=IFCINDEXEDPOLYCURVE(#2414,(IFCLINEINDEX((1,2,3,4,1))),$);
#2416=IFCARBITRARYCLOSEDPROFILEDEF(.AREA.,$,#2415);
#2417=IFCCARTESIANPOINT((0.,0.,0.));
#2418=IFCDIRECTION((0.,0.,1.));
#2419=IFCDIRECTION((1.,0.,0.));
#2420=IFCAXIS2PLACEMENT3D(#2417,#2418,#2419);
#2421=IFCDIRECTION((0.,0.,1.));
#2422=IFCEXTRUDEDAREASOLID(#2416,#2420,#2421,0.6000000000000001);
#2423=IFCSHAPEREPRESENTATION(#12,'Body','SweptSolid',(#2422));
#2424=IFCPRODUCTDEFINITIONSHAPE($,$,(#2423));
#2425=IFCSTYLEDITEM(#2422,(#39),'Concreto armado');
#2426=IFCCARTESIANPOINT((9.6,17.6,-1.1));
#2427=IFCDIRECTION((0.,0.,1.));
#2428=IFCDIRECTION((1.,0.,0.));
#2429=IFCAXIS2PLACEMENT3D(#2426,#2427,#2428);
#2430=IFCLOCALPLACEMENT(#33,#2429);
#2431=IFCSLAB('000DIX001008000000002T',$,'Contrapiso',$,$,#2453,#2447,$,.BASESLAB.);
#2437=IFCCARTESIANPOINTLIST2D(((0.,0.),(10.149999999999999,0.),(10.149999999999999,18.15),(0.,18.15)));
#2438=IFCINDEXEDPOLYCURVE(#2437,(IFCLINEINDEX((1,2,3,4,1))),$);
#2439=IFCARBITRARYCLOSEDPROFILEDEF(.AREA.,$,#2438);
#2440=IFCCARTESIANPOINT((0.,0.,0.));
#2441=IFCDIRECTION((0.,0.,1.));
#2442=IFCDIRECTION((1.,0.,0.));
#2443=IFCAXIS2PLACEMENT3D(#2440,#2441,#2442);
#2444=IFCDIRECTION((0.,0.,1.));
#2445=IFCEXTRUDEDAREASOLID(#2439,#2443,#2444,0.1);
#2446=IFCSHAPEREPRESENTATION(#12,'Body','SweptSolid',(#2445));
#2447=IFCPRODUCTDEFINITIONSHAPE($,$,(#2446));
#2448=IFCSTYLEDITEM(#2445,(#39),'Concreto armado');
#2449=IFCCARTESIANPOINT((-0.075,-0.075,-0.1));
#2450=IFCDIRECTION((0.,0.,1.));
#2451=IFCDIRECTION((1.,0.,0.));
#2452=IFCAXIS2PLACEMENT3D(#2449,#2450,#2451);
#2453=IFCLOCALPLACEMENT(#33,#2452);
#2454=IFCCOLUMN('000DIX001008000000002U',$,'Pilar P(0;0)',$,$,#2476,#2470,$,.COLUMN.);
#2460=IFCCARTESIANPOINTLIST2D(((0.,0.),(0.2,0.),(0.2,0.2),(0.,0.2)));
#2461=IFCINDEXEDPOLYCURVE(#2460,(IFCLINEINDEX((1,2,3,4,1))),$);
#2462=IFCARBITRARYCLOSEDPROFILEDEF(.AREA.,$,#2461);
#2463=IFCCARTESIANPOINT((0.,0.,0.));
#2464=IFCDIRECTION((0.,0.,1.));
#2465=IFCDIRECTION((1.,0.,0.));
#2466=IFCAXIS2PLACEMENT3D(#2463,#2464,#2465);
#2467=IFCDIRECTION((0.,0.,1.));
#2468=IFCEXTRUDEDAREASOLID(#2462,#2466,#2467,2.8);
#2469=IFCSHAPEREPRESENTATION(#12,'Body','SweptSolid',(#2468));
#2470=IFCPRODUCTDEFINITIONSHAPE($,$,(#2469));
#2471=IFCSTYLEDITEM(#2468,(#39),'Concreto armado');
#2472=IFCCARTESIANPOINT((-0.1,-0.1,0.));
#2473=IFCDIRECTION((0.,0.,1.));
#2474=IFCDIRECTION((1.,0.,0.));
#2475=IFCAXIS2PLACEMENT3D(#2472,#2473,#2474);
#2476=IFCLOCALPLACEMENT(#33,#2475);
#2477=IFCCOLUMN('000DIX001008000000002V',$,'Pilar P(4;0)',$,$,#2499,#2493,$,.COLUMN.);
#2483=IFCCARTESIANPOINTLIST2D(((0.,0.),(0.19999999999999973,0.),(0.19999999999999973,0.2),(0.,0.2)));
#2484=IFCINDEXEDPOLYCURVE(#2483,(IFCLINEINDEX((1,2,3,4,1))),$);
#2485=IFCARBITRARYCLOSEDPROFILEDEF(.AREA.,$,#2484);
#2486=IFCCARTESIANPOINT((0.,0.,0.));
#2487=IFCDIRECTION((0.,0.,1.));
#2488=IFCDIRECTION((1.,0.,0.));
#2489=IFCAXIS2PLACEMENT3D(#2486,#2487,#2488);
#2490=IFCDIRECTION((0.,0.,1.));
#2491=IFCEXTRUDEDAREASOLID(#2485,#2489,#2490,2.8);
#2492=IFCSHAPEREPRESENTATION(#12,'Body','SweptSolid',(#2491));
#2493=IFCPRODUCTDEFINITIONSHAPE($,$,(#2492));
#2494=IFCSTYLEDITEM(#2491,(#39),'Concreto armado');
#2495=IFCCARTESIANPOINT((3.9,-0.1,0.));
#2496=IFCDIRECTION((0.,0.,1.));
#2497=IFCDIRECTION((1.,0.,0.));
#2498=IFCAXIS2PLACEMENT3D(#2495,#2496,#2497);
#2499=IFCLOCALPLACEMENT(#33,#2498);
#2500=IFCCOLUMN('000DIX001008000000002W',$,'Pilar P(6;0)',$,$,#2522,#2516,$,.COLUMN.);
#2506=IFCCARTESIANPOINTLIST2D(((0.,0.),(0.1999999999999993,0.),(0.1999999999999993,0.2),(0.,0.2)));
#2507=IFCINDEXEDPOLYCURVE(#2506,(IFCLINEINDEX((1,2,3,4,1))),$);
#2508=IFCARBITRARYCLOSEDPROFILEDEF(.AREA.,$,#2507);
#2509=IFCCARTESIANPOINT((0.,0.,0.));
#2510=IFCDIRECTION((0.,0.,1.));
#2511=IFCDIRECTION((1.,0.,0.));
#2512=IFCAXIS2PLACEMENT3D(#2509,#2510,#2511);
#2513=IFCDIRECTION((0.,0.,1.));
#2514=IFCEXTRUDEDAREASOLID(#2508,#2512,#2513,2.8);
#2515=IFCSHAPEREPRESENTATION(#12,'Body','SweptSolid',(#2514));
#2516=IFCPRODUCTDEFINITIONSHAPE($,$,(#2515));
#2517=IFCSTYLEDITEM(#2514,(#39),'Concreto armado');
#2518=IFCCARTESIANPOINT((5.9,-0.1,0.));
#2519=IFCDIRECTION((0.,0.,1.));
#2520=IFCDIRECTION((1.,0.,0.));
#2521=IFCAXIS2PLACEMENT3D(#2518,#2519,#2520);
#2522=IFCLOCALPLACEMENT(#33,#2521);
#2523=IFCCOLUMN('000DIX001008000000002X',$,'Pilar P(10;0)',$,$,#2545,#2539,$,.COLUMN.);
#2529=IFCCARTESIANPOINTLIST2D(((0.,0.),(0.1999999999999993,0.),(0.1999999999999993,0.2),(0.,0.2)));
#2530=IFCINDEXEDPOLYCURVE(#2529,(IFCLINEINDEX((1,2,3,4,1))),$);
#2531=IFCARBITRARYCLOSEDPROFILEDEF(.AREA.,$,#2530);
#2532=IFCCARTESIANPOINT((0.,0.,0.));
#2533=IFCDIRECTION((0.,0.,1.));
#2534=IFCDIRECTION((1.,0.,0.));
#2535=IFCAXIS2PLACEMENT3D(#2532,#2533,#2534);
#2536=IFCDIRECTION((0.,0.,1.));
#2537=IFCEXTRUDEDAREASOLID(#2531,#2535,#2536,2.8);
#2538=IFCSHAPEREPRESENTATION(#12,'Body','SweptSolid',(#2537));
#2539=IFCPRODUCTDEFINITIONSHAPE($,$,(#2538));
#2540=IFCSTYLEDITEM(#2537,(#39),'Concreto armado');
#2541=IFCCARTESIANPOINT((9.9,-0.1,0.));
#2542=IFCDIRECTION((0.,0.,1.));
#2543=IFCDIRECTION((1.,0.,0.));
#2544=IFCAXIS2PLACEMENT3D(#2541,#2542,#2543);
#2545=IFCLOCALPLACEMENT(#33,#2544);
#2546=IFCCOLUMN('000DIX001008000000002Y',$,'Pilar P(0;5)',$,$,#2568,#2562,$,.COLUMN.);
#2552=IFCCARTESIANPOINTLIST2D(((0.,0.),(0.2,0.),(0.2,0.1999999999999993),(0.,0.1999999999999993)));
#2553=IFCINDEXEDPOLYCURVE(#2552,(IFCLINEINDEX((1,2,3,4,1))),$);
#2554=IFCARBITRARYCLOSEDPROFILEDEF(.AREA.,$,#2553);
#2555=IFCCARTESIANPOINT((0.,0.,0.));
#2556=IFCDIRECTION((0.,0.,1.));
#2557=IFCDIRECTION((1.,0.,0.));
#2558=IFCAXIS2PLACEMENT3D(#2555,#2556,#2557);
#2559=IFCDIRECTION((0.,0.,1.));
#2560=IFCEXTRUDEDAREASOLID(#2554,#2558,#2559,2.8);
#2561=IFCSHAPEREPRESENTATION(#12,'Body','SweptSolid',(#2560));
#2562=IFCPRODUCTDEFINITIONSHAPE($,$,(#2561));
#2563=IFCSTYLEDITEM(#2560,(#39),'Concreto armado');
#2564=IFCCARTESIANPOINT((-0.1,4.9,0.));
#2565=IFCDIRECTION((0.,0.,1.));
#2566=IFCDIRECTION((1.,0.,0.));
#2567=IFCAXIS2PLACEMENT3D(#2564,#2565,#2566);
#2568=IFCLOCALPLACEMENT(#33,#2567);
#2569=IFCCOLUMN('000DIX001008000000002Z',$,'Pilar P(4;5)',$,$,#2591,#2585,$,.COLUMN.);
#2575=IFCCARTESIANPOINTLIST2D(((0.,0.),(0.19999999999999973,0.),(0.19999999999999973,0.1999999999999993),(0.,0.1999999999999993)));
#2576=IFCINDEXEDPOLYCURVE(#2575,(IFCLINEINDEX((1,2,3,4,1))),$);
#2577=IFCARBITRARYCLOSEDPROFILEDEF(.AREA.,$,#2576);
#2578=IFCCARTESIANPOINT((0.,0.,0.));
#2579=IFCDIRECTION((0.,0.,1.));
#2580=IFCDIRECTION((1.,0.,0.));
#2581=IFCAXIS2PLACEMENT3D(#2578,#2579,#2580);
#2582=IFCDIRECTION((0.,0.,1.));
#2583=IFCEXTRUDEDAREASOLID(#2577,#2581,#2582,2.8);
#2584=IFCSHAPEREPRESENTATION(#12,'Body','SweptSolid',(#2583));
#2585=IFCPRODUCTDEFINITIONSHAPE($,$,(#2584));
#2586=IFCSTYLEDITEM(#2583,(#39),'Concreto armado');
#2587=IFCCARTESIANPOINT((3.9,4.9,0.));
#2588=IFCDIRECTION((0.,0.,1.));
#2589=IFCDIRECTION((1.,0.,0.));
#2590=IFCAXIS2PLACEMENT3D(#2587,#2588,#2589);
#2591=IFCLOCALPLACEMENT(#33,#2590);
#2592=IFCCOLUMN('000DIX001008000000002a',$,'Pilar P(6;5)',$,$,#2614,#2608,$,.COLUMN.);
#2598=IFCCARTESIANPOINTLIST2D(((0.,0.),(0.1999999999999993,0.),(0.1999999999999993,0.1999999999999993),(0.,0.1999999999999993)));
#2599=IFCINDEXEDPOLYCURVE(#2598,(IFCLINEINDEX((1,2,3,4,1))),$);
#2600=IFCARBITRARYCLOSEDPROFILEDEF(.AREA.,$,#2599);
#2601=IFCCARTESIANPOINT((0.,0.,0.));
#2602=IFCDIRECTION((0.,0.,1.));
#2603=IFCDIRECTION((1.,0.,0.));
#2604=IFCAXIS2PLACEMENT3D(#2601,#2602,#2603);
#2605=IFCDIRECTION((0.,0.,1.));
#2606=IFCEXTRUDEDAREASOLID(#2600,#2604,#2605,2.8);
#2607=IFCSHAPEREPRESENTATION(#12,'Body','SweptSolid',(#2606));
#2608=IFCPRODUCTDEFINITIONSHAPE($,$,(#2607));
#2609=IFCSTYLEDITEM(#2606,(#39),'Concreto armado');
#2610=IFCCARTESIANPOINT((5.9,4.9,0.));
#2611=IFCDIRECTION((0.,0.,1.));
#2612=IFCDIRECTION((1.,0.,0.));
#2613=IFCAXIS2PLACEMENT3D(#2610,#2611,#2612);
#2614=IFCLOCALPLACEMENT(#33,#2613);
#2615=IFCCOLUMN('000DIX001008000000002b',$,'Pilar P(10;5)',$,$,#2637,#2631,$,.COLUMN.);
#2621=IFCCARTESIANPOINTLIST2D(((0.,0.),(0.1999999999999993,0.),(0.1999999999999993,0.1999999999999993),(0.,0.1999999999999993)));
#2622=IFCINDEXEDPOLYCURVE(#2621,(IFCLINEINDEX((1,2,3,4,1))),$);
#2623=IFCARBITRARYCLOSEDPROFILEDEF(.AREA.,$,#2622);
#2624=IFCCARTESIANPOINT((0.,0.,0.));
#2625=IFCDIRECTION((0.,0.,1.));
#2626=IFCDIRECTION((1.,0.,0.));
#2627=IFCAXIS2PLACEMENT3D(#2624,#2625,#2626);
#2628=IFCDIRECTION((0.,0.,1.));
#2629=IFCEXTRUDEDAREASOLID(#2623,#2627,#2628,2.8);
#2630=IFCSHAPEREPRESENTATION(#12,'Body','SweptSolid',(#2629));
#2631=IFCPRODUCTDEFINITIONSHAPE($,$,(#2630));
#2632=IFCSTYLEDITEM(#2629,(#39),'Concreto armado');
#2633=IFCCARTESIANPOINT((9.9,4.9,0.));
#2634=IFCDIRECTION((0.,0.,1.));
#2635=IFCDIRECTION((1.,0.,0.));
#2636=IFCAXIS2PLACEMENT3D(#2633,#2634,#2635);
#2637=IFCLOCALPLACEMENT(#33,#2636);
#2638=IFCCOLUMN('000DIX001008000000002c',$,'Pilar P(0;7.5)',$,$,#2660,#2654,$,.COLUMN.);
#2644=IFCCARTESIANPOINTLIST2D(((0.,0.),(0.2,0.),(0.2,0.1999999999999993),(0.,0.1999999999999993)));
#2645=IFCINDEXEDPOLYCURVE(#2644,(IFCLINEINDEX((1,2,3,4,1))),$);
#2646=IFCARBITRARYCLOSEDPROFILEDEF(.AREA.,$,#2645);
#2647=IFCCARTESIANPOINT((0.,0.,0.));
#2648=IFCDIRECTION((0.,0.,1.));
#2649=IFCDIRECTION((1.,0.,0.));
#2650=IFCAXIS2PLACEMENT3D(#2647,#2648,#2649);
#2651=IFCDIRECTION((0.,0.,1.));
#2652=IFCEXTRUDEDAREASOLID(#2646,#2650,#2651,5.6);
#2653=IFCSHAPEREPRESENTATION(#12,'Body','SweptSolid',(#2652));
#2654=IFCPRODUCTDEFINITIONSHAPE($,$,(#2653));
#2655=IFCSTYLEDITEM(#2652,(#39),'Concreto armado');
#2656=IFCCARTESIANPOINT((-0.1,7.4,0.));
#2657=IFCDIRECTION((0.,0.,1.));
#2658=IFCDIRECTION((1.,0.,0.));
#2659=IFCAXIS2PLACEMENT3D(#2656,#2657,#2658);
#2660=IFCLOCALPLACEMENT(#33,#2659);
#2661=IFCCOLUMN('000DIX001008000000002d',$,'Pilar P(4;7.5)',$,$,#2683,#2677,$,.COLUMN.);
#2667=IFCCARTESIANPOINTLIST2D(((0.,0.),(0.19999999999999973,0.),(0.19999999999999973,0.1999999999999993),(0.,0.1999999999999993)));
#2668=IFCINDEXEDPOLYCURVE(#2667,(IFCLINEINDEX((1,2,3,4,1))),$);
#2669=IFCARBITRARYCLOSEDPROFILEDEF(.AREA.,$,#2668);
#2670=IFCCARTESIANPOINT((0.,0.,0.));
#2671=IFCDIRECTION((0.,0.,1.));
#2672=IFCDIRECTION((1.,0.,0.));
#2673=IFCAXIS2PLACEMENT3D(#2670,#2671,#2672);
#2674=IFCDIRECTION((0.,0.,1.));
#2675=IFCEXTRUDEDAREASOLID(#2669,#2673,#2674,5.6);
#2676=IFCSHAPEREPRESENTATION(#12,'Body','SweptSolid',(#2675));
#2677=IFCPRODUCTDEFINITIONSHAPE($,$,(#2676));
#2678=IFCSTYLEDITEM(#2675,(#39),'Concreto armado');
#2679=IFCCARTESIANPOINT((3.9,7.4,0.));
#2680=IFCDIRECTION((0.,0.,1.));
#2681=IFCDIRECTION((1.,0.,0.));
#2682=IFCAXIS2PLACEMENT3D(#2679,#2680,#2681);
#2683=IFCLOCALPLACEMENT(#33,#2682);
#2684=IFCCOLUMN('000DIX001008000000002e',$,'Pilar P(6;7.5)',$,$,#2706,#2700,$,.COLUMN.);
#2690=IFCCARTESIANPOINTLIST2D(((0.,0.),(0.1999999999999993,0.),(0.1999999999999993,0.1999999999999993),(0.,0.1999999999999993)));
#2691=IFCINDEXEDPOLYCURVE(#2690,(IFCLINEINDEX((1,2,3,4,1))),$);
#2692=IFCARBITRARYCLOSEDPROFILEDEF(.AREA.,$,#2691);
#2693=IFCCARTESIANPOINT((0.,0.,0.));
#2694=IFCDIRECTION((0.,0.,1.));
#2695=IFCDIRECTION((1.,0.,0.));
#2696=IFCAXIS2PLACEMENT3D(#2693,#2694,#2695);
#2697=IFCDIRECTION((0.,0.,1.));
#2698=IFCEXTRUDEDAREASOLID(#2692,#2696,#2697,5.6);
#2699=IFCSHAPEREPRESENTATION(#12,'Body','SweptSolid',(#2698));
#2700=IFCPRODUCTDEFINITIONSHAPE($,$,(#2699));
#2701=IFCSTYLEDITEM(#2698,(#39),'Concreto armado');
#2702=IFCCARTESIANPOINT((5.9,7.4,0.));
#2703=IFCDIRECTION((0.,0.,1.));
#2704=IFCDIRECTION((1.,0.,0.));
#2705=IFCAXIS2PLACEMENT3D(#2702,#2703,#2704);
#2706=IFCLOCALPLACEMENT(#33,#2705);
#2707=IFCCOLUMN('000DIX001008000000002f',$,'Pilar P(10;7.5)',$,$,#2729,#2723,$,.COLUMN.);
#2713=IFCCARTESIANPOINTLIST2D(((0.,0.),(0.1999999999999993,0.),(0.1999999999999993,0.1999999999999993),(0.,0.1999999999999993)));
#2714=IFCINDEXEDPOLYCURVE(#2713,(IFCLINEINDEX((1,2,3,4,1))),$);
#2715=IFCARBITRARYCLOSEDPROFILEDEF(.AREA.,$,#2714);
#2716=IFCCARTESIANPOINT((0.,0.,0.));
#2717=IFCDIRECTION((0.,0.,1.));
#2718=IFCDIRECTION((1.,0.,0.));
#2719=IFCAXIS2PLACEMENT3D(#2716,#2717,#2718);
#2720=IFCDIRECTION((0.,0.,1.));
#2721=IFCEXTRUDEDAREASOLID(#2715,#2719,#2720,5.6);
#2722=IFCSHAPEREPRESENTATION(#12,'Body','SweptSolid',(#2721));
#2723=IFCPRODUCTDEFINITIONSHAPE($,$,(#2722));
#2724=IFCSTYLEDITEM(#2721,(#39),'Concreto armado');
#2725=IFCCARTESIANPOINT((9.9,7.4,0.));
#2726=IFCDIRECTION((0.,0.,1.));
#2727=IFCDIRECTION((1.,0.,0.));
#2728=IFCAXIS2PLACEMENT3D(#2725,#2726,#2727);
#2729=IFCLOCALPLACEMENT(#33,#2728);
#2730=IFCCOLUMN('000DIX001008000000002g',$,'Pilar P(0;13.5)',$,$,#2752,#2746,$,.COLUMN.);
#2736=IFCCARTESIANPOINTLIST2D(((0.,0.),(0.2,0.),(0.2,0.1999999999999993),(0.,0.1999999999999993)));
#2737=IFCINDEXEDPOLYCURVE(#2736,(IFCLINEINDEX((1,2,3,4,1))),$);
#2738=IFCARBITRARYCLOSEDPROFILEDEF(.AREA.,$,#2737);
#2739=IFCCARTESIANPOINT((0.,0.,0.));
#2740=IFCDIRECTION((0.,0.,1.));
#2741=IFCDIRECTION((1.,0.,0.));
#2742=IFCAXIS2PLACEMENT3D(#2739,#2740,#2741);
#2743=IFCDIRECTION((0.,0.,1.));
#2744=IFCEXTRUDEDAREASOLID(#2738,#2742,#2743,5.6);
#2745=IFCSHAPEREPRESENTATION(#12,'Body','SweptSolid',(#2744));
#2746=IFCPRODUCTDEFINITIONSHAPE($,$,(#2745));
#2747=IFCSTYLEDITEM(#2744,(#39),'Concreto armado');
#2748=IFCCARTESIANPOINT((-0.1,13.4,0.));
#2749=IFCDIRECTION((0.,0.,1.));
#2750=IFCDIRECTION((1.,0.,0.));
#2751=IFCAXIS2PLACEMENT3D(#2748,#2749,#2750);
#2752=IFCLOCALPLACEMENT(#33,#2751);
#2753=IFCCOLUMN('000DIX001008000000002h',$,'Pilar P(4;13.5)',$,$,#2775,#2769,$,.COLUMN.);
#2759=IFCCARTESIANPOINTLIST2D(((0.,0.),(0.19999999999999973,0.),(0.19999999999999973,0.1999999999999993),(0.,0.1999999999999993)));
#2760=IFCINDEXEDPOLYCURVE(#2759,(IFCLINEINDEX((1,2,3,4,1))),$);
#2761=IFCARBITRARYCLOSEDPROFILEDEF(.AREA.,$,#2760);
#2762=IFCCARTESIANPOINT((0.,0.,0.));
#2763=IFCDIRECTION((0.,0.,1.));
#2764=IFCDIRECTION((1.,0.,0.));
#2765=IFCAXIS2PLACEMENT3D(#2762,#2763,#2764);
#2766=IFCDIRECTION((0.,0.,1.));
#2767=IFCEXTRUDEDAREASOLID(#2761,#2765,#2766,5.6);
#2768=IFCSHAPEREPRESENTATION(#12,'Body','SweptSolid',(#2767));
#2769=IFCPRODUCTDEFINITIONSHAPE($,$,(#2768));
#2770=IFCSTYLEDITEM(#2767,(#39),'Concreto armado');
#2771=IFCCARTESIANPOINT((3.9,13.4,0.));
#2772=IFCDIRECTION((0.,0.,1.));
#2773=IFCDIRECTION((1.,0.,0.));
#2774=IFCAXIS2PLACEMENT3D(#2771,#2772,#2773);
#2775=IFCLOCALPLACEMENT(#33,#2774);
#2776=IFCCOLUMN('000DIX001008000000002i',$,'Pilar P(6;13.5)',$,$,#2798,#2792,$,.COLUMN.);
#2782=IFCCARTESIANPOINTLIST2D(((0.,0.),(0.1999999999999993,0.),(0.1999999999999993,0.1999999999999993),(0.,0.1999999999999993)));
#2783=IFCINDEXEDPOLYCURVE(#2782,(IFCLINEINDEX((1,2,3,4,1))),$);
#2784=IFCARBITRARYCLOSEDPROFILEDEF(.AREA.,$,#2783);
#2785=IFCCARTESIANPOINT((0.,0.,0.));
#2786=IFCDIRECTION((0.,0.,1.));
#2787=IFCDIRECTION((1.,0.,0.));
#2788=IFCAXIS2PLACEMENT3D(#2785,#2786,#2787);
#2789=IFCDIRECTION((0.,0.,1.));
#2790=IFCEXTRUDEDAREASOLID(#2784,#2788,#2789,5.6);
#2791=IFCSHAPEREPRESENTATION(#12,'Body','SweptSolid',(#2790));
#2792=IFCPRODUCTDEFINITIONSHAPE($,$,(#2791));
#2793=IFCSTYLEDITEM(#2790,(#39),'Concreto armado');
#2794=IFCCARTESIANPOINT((5.9,13.4,0.));
#2795=IFCDIRECTION((0.,0.,1.));
#2796=IFCDIRECTION((1.,0.,0.));
#2797=IFCAXIS2PLACEMENT3D(#2794,#2795,#2796);
#2798=IFCLOCALPLACEMENT(#33,#2797);
#2799=IFCCOLUMN('000DIX001008000000002j',$,'Pilar P(10;13.5)',$,$,#2821,#2815,$,.COLUMN.);
#2805=IFCCARTESIANPOINTLIST2D(((0.,0.),(0.1999999999999993,0.),(0.1999999999999993,0.1999999999999993),(0.,0.1999999999999993)));
#2806=IFCINDEXEDPOLYCURVE(#2805,(IFCLINEINDEX((1,2,3,4,1))),$);
#2807=IFCARBITRARYCLOSEDPROFILEDEF(.AREA.,$,#2806);
#2808=IFCCARTESIANPOINT((0.,0.,0.));
#2809=IFCDIRECTION((0.,0.,1.));
#2810=IFCDIRECTION((1.,0.,0.));
#2811=IFCAXIS2PLACEMENT3D(#2808,#2809,#2810);
#2812=IFCDIRECTION((0.,0.,1.));
#2813=IFCEXTRUDEDAREASOLID(#2807,#2811,#2812,5.6);
#2814=IFCSHAPEREPRESENTATION(#12,'Body','SweptSolid',(#2813));
#2815=IFCPRODUCTDEFINITIONSHAPE($,$,(#2814));
#2816=IFCSTYLEDITEM(#2813,(#39),'Concreto armado');
#2817=IFCCARTESIANPOINT((9.9,13.4,0.));
#2818=IFCDIRECTION((0.,0.,1.));
#2819=IFCDIRECTION((1.,0.,0.));
#2820=IFCAXIS2PLACEMENT3D(#2817,#2818,#2819);
#2821=IFCLOCALPLACEMENT(#33,#2820);
#2822=IFCCOLUMN('000DIX001008000000002k',$,'Pilar P(0;18)',$,$,#2844,#2838,$,.COLUMN.);
#2828=IFCCARTESIANPOINTLIST2D(((0.,0.),(0.2,0.),(0.2,0.20000000000000284),(0.,0.20000000000000284)));
#2829=IFCINDEXEDPOLYCURVE(#2828,(IFCLINEINDEX((1,2,3,4,1))),$);
#2830=IFCARBITRARYCLOSEDPROFILEDEF(.AREA.,$,#2829);
#2831=IFCCARTESIANPOINT((0.,0.,0.));
#2832=IFCDIRECTION((0.,0.,1.));
#2833=IFCDIRECTION((1.,0.,0.));
#2834=IFCAXIS2PLACEMENT3D(#2831,#2832,#2833);
#2835=IFCDIRECTION((0.,0.,1.));
#2836=IFCEXTRUDEDAREASOLID(#2830,#2834,#2835,2.8);
#2837=IFCSHAPEREPRESENTATION(#12,'Body','SweptSolid',(#2836));
#2838=IFCPRODUCTDEFINITIONSHAPE($,$,(#2837));
#2839=IFCSTYLEDITEM(#2836,(#39),'Concreto armado');
#2840=IFCCARTESIANPOINT((-0.1,17.9,0.));
#2841=IFCDIRECTION((0.,0.,1.));
#2842=IFCDIRECTION((1.,0.,0.));
#2843=IFCAXIS2PLACEMENT3D(#2840,#2841,#2842);
#2844=IFCLOCALPLACEMENT(#33,#2843);
#2845=IFCCOLUMN('000DIX001008000000002l',$,'Pilar P(6;18)',$,$,#2867,#2861,$,.COLUMN.);
#2851=IFCCARTESIANPOINTLIST2D(((0.,0.),(0.1999999999999993,0.),(0.1999999999999993,0.20000000000000284),(0.,0.20000000000000284)));
#2852=IFCINDEXEDPOLYCURVE(#2851,(IFCLINEINDEX((1,2,3,4,1))),$);
#2853=IFCARBITRARYCLOSEDPROFILEDEF(.AREA.,$,#2852);
#2854=IFCCARTESIANPOINT((0.,0.,0.));
#2855=IFCDIRECTION((0.,0.,1.));
#2856=IFCDIRECTION((1.,0.,0.));
#2857=IFCAXIS2PLACEMENT3D(#2854,#2855,#2856);
#2858=IFCDIRECTION((0.,0.,1.));
#2859=IFCEXTRUDEDAREASOLID(#2853,#2857,#2858,2.8);
#2860=IFCSHAPEREPRESENTATION(#12,'Body','SweptSolid',(#2859));
#2861=IFCPRODUCTDEFINITIONSHAPE($,$,(#2860));
#2862=IFCSTYLEDITEM(#2859,(#39),'Concreto armado');
#2863=IFCCARTESIANPOINT((5.9,17.9,0.));
#2864=IFCDIRECTION((0.,0.,1.));
#2865=IFCDIRECTION((1.,0.,0.));
#2866=IFCAXIS2PLACEMENT3D(#2863,#2864,#2865);
#2867=IFCLOCALPLACEMENT(#33,#2866);
#2868=IFCCOLUMN('000DIX001008000000002m',$,'Pilar P(10;18)',$,$,#2890,#2884,$,.COLUMN.);
#2874=IFCCARTESIANPOINTLIST2D(((0.,0.),(0.1999999999999993,0.),(0.1999999999999993,0.20000000000000284),(0.,0.20000000000000284)));
#2875=IFCINDEXEDPOLYCURVE(#2874,(IFCLINEINDEX((1,2,3,4,1))),$);
#2876=IFCARBITRARYCLOSEDPROFILEDEF(.AREA.,$,#2875);
#2877=IFCCARTESIANPOINT((0.,0.,0.));
#2878=IFCDIRECTION((0.,0.,1.));
#2879=IFCDIRECTION((1.,0.,0.));
#2880=IFCAXIS2PLACEMENT3D(#2877,#2878,#2879);
#2881=IFCDIRECTION((0.,0.,1.));
#2882=IFCEXTRUDEDAREASOLID(#2876,#2880,#2881,2.8);
#2883=IFCSHAPEREPRESENTATION(#12,'Body','SweptSolid',(#2882));
#2884=IFCPRODUCTDEFINITIONSHAPE($,$,(#2883));
#2885=IFCSTYLEDITEM(#2882,(#39),'Concreto armado');
#2886=IFCCARTESIANPOINT((9.9,17.9,0.));
#2887=IFCDIRECTION((0.,0.,1.));
#2888=IFCDIRECTION((1.,0.,0.));
#2889=IFCAXIS2PLACEMENT3D(#2886,#2887,#2888);
#2890=IFCLOCALPLACEMENT(#33,#2889);
#2891=IFCBEAM('000DIX001008000000002n',$,'Viga: Fachada frontal',$,$,#2913,#2907,$,.BEAM.);
#2897=IFCCARTESIANPOINTLIST2D(((0.,0.),(10.149999999999999,0.),(10.149999999999999,0.15),(0.,0.15)));
#2898=IFCINDEXEDPOLYCURVE(#2897,(IFCLINEINDEX((1,2,3,4,1))),$);
#2899=IFCARBITRARYCLOSEDPROFILEDEF(.AREA.,$,#2898);
#2900=IFCCARTESIANPOINT((0.,0.,0.));
#2901=IFCDIRECTION((0.,0.,1.));
#2902=IFCDIRECTION((1.,0.,0.));
#2903=IFCAXIS2PLACEMENT3D(#2900,#2901,#2902);
#2904=IFCDIRECTION((0.,0.,1.));
#2905=IFCEXTRUDEDAREASOLID(#2899,#2903,#2904,0.3500000000000001);
#2906=IFCSHAPEREPRESENTATION(#12,'Body','SweptSolid',(#2905));
#2907=IFCPRODUCTDEFINITIONSHAPE($,$,(#2906));
#2908=IFCSTYLEDITEM(#2905,(#39),'Concreto armado');
#2909=IFCCARTESIANPOINT((-0.075,-0.075,2.4499999999999997));
#2910=IFCDIRECTION((0.,0.,1.));
#2911=IFCDIRECTION((1.,0.,0.));
#2912=IFCAXIS2PLACEMENT3D(#2909,#2910,#2911);
#2913=IFCLOCALPLACEMENT(#33,#2912);
#2914=IFCBEAM('000DIX001008000000002o',$,'Viga: Fachada dos fundos',$,$,#2936,#2930,$,.BEAM.);
#2920=IFCCARTESIANPOINTLIST2D(((0.,0.),(10.149999999999999,0.),(10.149999999999999,0.14999999999999858),(0.,0.14999999999999858)));
#2921=IFCINDEXEDPOLYCURVE(#2920,(IFCLINEINDEX((1,2,3,4,1))),$);
#2922=IFCARBITRARYCLOSEDPROFILEDEF(.AREA.,$,#2921);
#2923=IFCCARTESIANPOINT((0.,0.,0.));
#2924=IFCDIRECTION((0.,0.,1.));
#2925=IFCDIRECTION((1.,0.,0.));
#2926=IFCAXIS2PLACEMENT3D(#2923,#2924,#2925);
#2927=IFCDIRECTION((0.,0.,1.));
#2928=IFCEXTRUDEDAREASOLID(#2922,#2926,#2927,0.3500000000000001);
#2929=IFCSHAPEREPRESENTATION(#12,'Body','SweptSolid',(#2928));
#2930=IFCPRODUCTDEFINITIONSHAPE($,$,(#2929));
#2931=IFCSTYLEDITEM(#2928,(#39),'Concreto armado');
#2932=IFCCARTESIANPOINT((-0.075,17.925,2.4499999999999997));
#2933=IFCDIRECTION((0.,0.,1.));
#2934=IFCDIRECTION((1.,0.,0.));
#2935=IFCAXIS2PLACEMENT3D(#2932,#2933,#2934);
#2936=IFCLOCALPLACEMENT(#33,#2935);
#2937=IFCBEAM('000DIX001008000000002p',$,'Viga: Lateral oeste, su\X2\00ED\X0\tes',$,$,#2959,#2953,$,.BEAM.);
#2943=IFCCARTESIANPOINTLIST2D(((0.,0.),(0.15,0.),(0.15,7.65),(0.,7.65)));
#2944=IFCINDEXEDPOLYCURVE(#2943,(IFCLINEINDEX((1,2,3,4,1))),$);
#2945=IFCARBITRARYCLOSEDPROFILEDEF(.AREA.,$,#2944);
#2946=IFCCARTESIANPOINT((0.,0.,0.));
#2947=IFCDIRECTION((0.,0.,1.));
#2948=IFCDIRECTION((1.,0.,0.));
#2949=IFCAXIS2PLACEMENT3D(#2946,#2947,#2948);
#2950=IFCDIRECTION((0.,0.,1.));
#2951=IFCEXTRUDEDAREASOLID(#2945,#2949,#2950,0.3500000000000001);
#2952=IFCSHAPEREPRESENTATION(#12,'Body','SweptSolid',(#2951));
#2953=IFCPRODUCTDEFINITIONSHAPE($,$,(#2952));
#2954=IFCSTYLEDITEM(#2951,(#39),'Concreto armado');
#2955=IFCCARTESIANPOINT((-0.075,-0.075,2.4499999999999997));
#2956=IFCDIRECTION((0.,0.,1.));
#2957=IFCDIRECTION((1.,0.,0.));
#2958=IFCAXIS2PLACEMENT3D(#2955,#2956,#2957);
#2959=IFCLOCALPLACEMENT(#33,#2958);
#2960=IFCBEAM('000DIX001008000000002q',$,'Viga: Lateral oeste, sala',$,$,#2982,#2976,$,.BEAM.);
#2966=IFCCARTESIANPOINTLIST2D(((0.,0.),(0.15,0.),(0.15,6.1499999999999995),(0.,6.1499999999999995)));
#2967=IFCINDEXEDPOLYCURVE(#2966,(IFCLINEINDEX((1,2,3,4,1))),$);
#2968=IFCARBITRARYCLOSEDPROFILEDEF(.AREA.,$,#2967);
#2969=IFCCARTESIANPOINT((0.,0.,0.));
#2970=IFCDIRECTION((0.,0.,1.));
#2971=IFCDIRECTION((1.,0.,0.));
#2972=IFCAXIS2PLACEMENT3D(#2969,#2970,#2971);
#2973=IFCDIRECTION((0.,0.,1.));
#2974=IFCEXTRUDEDAREASOLID(#2968,#2972,#2973,0.34999999999999964);
#2975=IFCSHAPEREPRESENTATION(#12,'Body','SweptSolid',(#2974));
#2976=IFCPRODUCTDEFINITIONSHAPE($,$,(#2975));
#2977=IFCSTYLEDITEM(#2974,(#39),'Concreto armado');
#2978=IFCCARTESIANPOINT((-0.075,7.425,5.25));
#2979=IFCDIRECTION((0.,0.,1.));
#2980=IFCDIRECTION((1.,0.,0.));
#2981=IFCAXIS2PLACEMENT3D(#2978,#2979,#2980);
#2982=IFCLOCALPLACEMENT(#33,#2981);
#2983=IFCBEAM('000DIX001008000000002r',$,'Viga: Lateral oeste, cozinha',$,$,#3005,#2999,$,.BEAM.);
#2989=IFCCARTESIANPOINTLIST2D(((0.,0.),(0.15,0.),(0.15,4.649999999999999),(0.,4.649999999999999)));
#2990=IFCINDEXEDPOLYCURVE(#2989,(IFCLINEINDEX((1,2,3,4,1))),$);
#2991=IFCARBITRARYCLOSEDPROFILEDEF(.AREA.,$,#2990);
#2992=IFCCARTESIANPOINT((0.,0.,0.));
#2993=IFCDIRECTION((0.,0.,1.));
#2994=IFCDIRECTION((1.,0.,0.));
#2995=IFCAXIS2PLACEMENT3D(#2992,#2993,#2994);
#2996=IFCDIRECTION((0.,0.,1.));
#2997=IFCEXTRUDEDAREASOLID(#2991,#2995,#2996,0.3500000000000001);
#2998=IFCSHAPEREPRESENTATION(#12,'Body','SweptSolid',(#2997));
#2999=IFCPRODUCTDEFINITIONSHAPE($,$,(#2998));
#3000=IFCSTYLEDITEM(#2997,(#39),'Concreto armado');
#3001=IFCCARTESIANPOINT((-0.075,13.425,2.4499999999999997));
#3002=IFCDIRECTION((0.,0.,1.));
#3003=IFCDIRECTION((1.,0.,0.));
#3004=IFCAXIS2PLACEMENT3D(#3001,#3002,#3003);
#3005=IFCLOCALPLACEMENT(#33,#3004);
#3006=IFCBEAM('000DIX001008000000002s',$,'Viga: Lateral leste, su\X2\00ED\X0\tes',$,$,#3028,#3022,$,.BEAM.);
#3012=IFCCARTESIANPOINTLIST2D(((0.,0.),(0.14999999999999858,0.),(0.14999999999999858,7.65),(0.,7.65)));
#3013=IFCINDEXEDPOLYCURVE(#3012,(IFCLINEINDEX((1,2,3,4,1))),$);
#3014=IFCARBITRARYCLOSEDPROFILEDEF(.AREA.,$,#3013);
#3015=IFCCARTESIANPOINT((0.,0.,0.));
#3016=IFCDIRECTION((0.,0.,1.));
#3017=IFCDIRECTION((1.,0.,0.));
#3018=IFCAXIS2PLACEMENT3D(#3015,#3016,#3017);
#3019=IFCDIRECTION((0.,0.,1.));
#3020=IFCEXTRUDEDAREASOLID(#3014,#3018,#3019,0.3500000000000001);
#3021=IFCSHAPEREPRESENTATION(#12,'Body','SweptSolid',(#3020));
#3022=IFCPRODUCTDEFINITIONSHAPE($,$,(#3021));
#3023=IFCSTYLEDITEM(#3020,(#39),'Concreto armado');
#3024=IFCCARTESIANPOINT((9.925,-0.075,2.4499999999999997));
#3025=IFCDIRECTION((0.,0.,1.));
#3026=IFCDIRECTION((1.,0.,0.));
#3027=IFCAXIS2PLACEMENT3D(#3024,#3025,#3026);
#3028=IFCLOCALPLACEMENT(#33,#3027);
#3029=IFCBEAM('000DIX001008000000002t',$,'Viga: Lateral leste, sala',$,$,#3051,#3045,$,.BEAM.);
#3035=IFCCARTESIANPOINTLIST2D(((0.,0.),(0.14999999999999858,0.),(0.14999999999999858,6.1499999999999995),(0.,6.1499999999999995)));
#3036=IFCINDEXEDPOLYCURVE(#3035,(IFCLINEINDEX((1,2,3,4,1))),$);
#3037=IFCARBITRARYCLOSEDPROFILEDEF(.AREA.,$,#3036);
#3038=IFCCARTESIANPOINT((0.,0.,0.));
#3039=IFCDIRECTION((0.,0.,1.));
#3040=IFCDIRECTION((1.,0.,0.));
#3041=IFCAXIS2PLACEMENT3D(#3038,#3039,#3040);
#3042=IFCDIRECTION((0.,0.,1.));
#3043=IFCEXTRUDEDAREASOLID(#3037,#3041,#3042,0.34999999999999964);
#3044=IFCSHAPEREPRESENTATION(#12,'Body','SweptSolid',(#3043));
#3045=IFCPRODUCTDEFINITIONSHAPE($,$,(#3044));
#3046=IFCSTYLEDITEM(#3043,(#39),'Concreto armado');
#3047=IFCCARTESIANPOINT((9.925,7.425,5.25));
#3048=IFCDIRECTION((0.,0.,1.));
#3049=IFCDIRECTION((1.,0.,0.));
#3050=IFCAXIS2PLACEMENT3D(#3047,#3048,#3049);
#3051=IFCLOCALPLACEMENT(#33,#3050);
#3052=IFCBEAM('000DIX001008000000002u',$,'Viga: Lateral leste, servi\X2\00E7\X0\o',$,$,#3074,#3068,$,.BEAM.);
#3058=IFCCARTESIANPOINTLIST2D(((0.,0.),(0.14999999999999858,0.),(0.14999999999999858,4.649999999999999),(0.,4.649999999999999)));
#3059=IFCINDEXEDPOLYCURVE(#3058,(IFCLINEINDEX((1,2,3,4,1))),$);
#3060=IFCARBITRARYCLOSEDPROFILEDEF(.AREA.,$,#3059);
#3061=IFCCARTESIANPOINT((0.,0.,0.));
#3062=IFCDIRECTION((0.,0.,1.));
#3063=IFCDIRECTION((1.,0.,0.));
#3064=IFCAXIS2PLACEMENT3D(#3061,#3062,#3063);
#3065=IFCDIRECTION((0.,0.,1.));
#3066=IFCEXTRUDEDAREASOLID(#3060,#3064,#3065,0.3500000000000001);
#3067=IFCSHAPEREPRESENTATION(#12,'Body','SweptSolid',(#3066));
#3068=IFCPRODUCTDEFINITIONSHAPE($,$,(#3067));
#3069=IFCSTYLEDITEM(#3066,(#39),'Concreto armado');
#3070=IFCCARTESIANPOINT((9.925,13.425,2.4499999999999997));
#3071=IFCDIRECTION((0.,0.,1.));
#3072=IFCDIRECTION((1.,0.,0.));
#3073=IFCAXIS2PLACEMENT3D(#3070,#3071,#3072);
#3074=IFCLOCALPLACEMENT(#33,#3073);
#3075=IFCBEAM('000DIX001008000000002v',$,'Viga: Sala, frente',$,$,#3097,#3091,$,.BEAM.);
#3081=IFCCARTESIANPOINTLIST2D(((0.,0.),(10.149999999999999,0.),(10.149999999999999,0.15000000000000036),(0.,0.15000000000000036)));
#3082=IFCINDEXEDPOLYCURVE(#3081,(IFCLINEINDEX((1,2,3,4,1))),$);
#3083=IFCARBITRARYCLOSEDPROFILEDEF(.AREA.,$,#3082);
#3084=IFCCARTESIANPOINT((0.,0.,0.));
#3085=IFCDIRECTION((0.,0.,1.));
#3086=IFCDIRECTION((1.,0.,0.));
#3087=IFCAXIS2PLACEMENT3D(#3084,#3085,#3086);
#3088=IFCDIRECTION((0.,0.,1.));
#3089=IFCEXTRUDEDAREASOLID(#3083,#3087,#3088,0.34999999999999964);
#3090=IFCSHAPEREPRESENTATION(#12,'Body','SweptSolid',(#3089));
#3091=IFCPRODUCTDEFINITIONSHAPE($,$,(#3090));
#3092=IFCSTYLEDITEM(#3089,(#39),'Concreto armado');
#3093=IFCCARTESIANPOINT((-0.075,7.425,5.25));
#3094=IFCDIRECTION((0.,0.,1.));
#3095=IFCDIRECTION((1.,0.,0.));
#3096=IFCAXIS2PLACEMENT3D(#3093,#3094,#3095);
#3097=IFCLOCALPLACEMENT(#33,#3096);
#3098=IFCBEAM('000DIX001008000000002w',$,'Viga baixa: Sala, frente',$,$,#3120,#3114,$,.BEAM.);
#3104=IFCCARTESIANPOINTLIST2D(((0.,0.),(10.149999999999999,0.),(10.149999999999999,0.15000000000000036),(0.,0.15000000000000036)));
#3105=IFCINDEXEDPOLYCURVE(#3104,(IFCLINEINDEX((1,2,3,4,1))),$);
#3106=IFCARBITRARYCLOSEDPROFILEDEF(.AREA.,$,#3105);
#3107=IFCCARTESIANPOINT((0.,0.,0.));
#3108=IFCDIRECTION((0.,0.,1.));
#3109=IFCDIRECTION((1.,0.,0.));
#3110=IFCAXIS2PLACEMENT3D(#3107,#3108,#3109);
#3111=IFCDIRECTION((0.,0.,1.));
#3112=IFCEXTRUDEDAREASOLID(#3106,#3110,#3111,0.3500000000000001);
#3113=IFCSHAPEREPRESENTATION(#12,'Body','SweptSolid',(#3112));
#3114=IFCPRODUCTDEFINITIONSHAPE($,$,(#3113));
#3115=IFCSTYLEDITEM(#3112,(#39),'Concreto armado');
#3116=IFCCARTESIANPOINT((-0.075,7.425,2.4499999999999997));
#3117=IFCDIRECTION((0.,0.,1.));
#3118=IFCDIRECTION((1.,0.,0.));
#3119=IFCAXIS2PLACEMENT3D(#3116,#3117,#3118);
#3120=IFCLOCALPLACEMENT(#33,#3119);
#3121=IFCBEAM('000DIX001008000000002x',$,'Viga: Sala, fundo',$,$,#3143,#3137,$,.BEAM.);
#3127=IFCCARTESIANPOINTLIST2D(((0.,0.),(10.149999999999999,0.),(10.149999999999999,0.14999999999999858),(0.,0.14999999999999858)));
#3128=IFCINDEXEDPOLYCURVE(#3127,(IFCLINEINDEX((1,2,3,4,1))),$);
#3129=IFCARBITRARYCLOSEDPROFILEDEF(.AREA.,$,#3128);
#3130=IFCCARTESIANPOINT((0.,0.,0.));
#3131=IFCDIRECTION((0.,0.,1.));
#3132=IFCDIRECTION((1.,0.,0.));
#3133=IFCAXIS2PLACEMENT3D(#3130,#3131,#3132);
#3134=IFCDIRECTION((0.,0.,1.));
#3135=IFCEXTRUDEDAREASOLID(#3129,#3133,#3134,0.34999999999999964);
#3136=IFCSHAPEREPRESENTATION(#12,'Body','SweptSolid',(#3135));
#3137=IFCPRODUCTDEFINITIONSHAPE($,$,(#3136));
#3138=IFCSTYLEDITEM(#3135,(#39),'Concreto armado');
#3139=IFCCARTESIANPOINT((-0.075,13.425,5.25));
#3140=IFCDIRECTION((0.,0.,1.));
#3141=IFCDIRECTION((1.,0.,0.));
#3142=IFCAXIS2PLACEMENT3D(#3139,#3140,#3141);
#3143=IFCLOCALPLACEMENT(#33,#3142);
#3144=IFCBEAM('000DIX001008000000002y',$,'Viga baixa: Sala, fundo',$,$,#3166,#3160,$,.BEAM.);
#3150=IFCCARTESIANPOINTLIST2D(((0.,0.),(10.149999999999999,0.),(10.149999999999999,0.14999999999999858),(0.,0.14999999999999858)));
#3151=IFCINDEXEDPOLYCURVE(#3150,(IFCLINEINDEX((1,2,3,4,1))),$);
#3152=IFCARBITRARYCLOSEDPROFILEDEF(.AREA.,$,#3151);
#3153=IFCCARTESIANPOINT((0.,0.,0.));
#3154=IFCDIRECTION((0.,0.,1.));
#3155=IFCDIRECTION((1.,0.,0.));
#3156=IFCAXIS2PLACEMENT3D(#3153,#3154,#3155);
#3157=IFCDIRECTION((0.,0.,1.));
#3158=IFCEXTRUDEDAREASOLID(#3152,#3156,#3157,0.3500000000000001);
#3159=IFCSHAPEREPRESENTATION(#12,'Body','SweptSolid',(#3158));
#3160=IFCPRODUCTDEFINITIONSHAPE($,$,(#3159));
#3161=IFCSTYLEDITEM(#3158,(#39),'Concreto armado');
#3162=IFCCARTESIANPOINT((-0.075,13.425,2.4499999999999997));
#3163=IFCDIRECTION((0.,0.,1.));
#3164=IFCDIRECTION((1.,0.,0.));
#3165=IFCAXIS2PLACEMENT3D(#3162,#3163,#3164);
#3166=IFCLOCALPLACEMENT(#33,#3165);
#3167=IFCBEAM('000DIX001008000000002z',$,'Viga: Vest\X2\00ED\X0\bulo, oeste',$,$,#3189,#3183,$,.BEAM.);
#3173=IFCCARTESIANPOINTLIST2D(((0.,0.),(0.15000000000000036,0.),(0.15000000000000036,7.65),(0.,7.65)));
#3174=IFCINDEXEDPOLYCURVE(#3173,(IFCLINEINDEX((1,2,3,4,1))),$);
#3175=IFCARBITRARYCLOSEDPROFILEDEF(.AREA.,$,#3174);
#3176=IFCCARTESIANPOINT((0.,0.,0.));
#3177=IFCDIRECTION((0.,0.,1.));
#3178=IFCDIRECTION((1.,0.,0.));
#3179=IFCAXIS2PLACEMENT3D(#3176,#3177,#3178);
#3180=IFCDIRECTION((0.,0.,1.));
#3181=IFCEXTRUDEDAREASOLID(#3175,#3179,#3180,0.3500000000000001);
#3182=IFCSHAPEREPRESENTATION(#12,'Body','SweptSolid',(#3181));
#3183=IFCPRODUCTDEFINITIONSHAPE($,$,(#3182));
#3184=IFCSTYLEDITEM(#3181,(#39),'Concreto armado');
#3185=IFCCARTESIANPOINT((3.925,-0.075,2.4499999999999997));
#3186=IFCDIRECTION((0.,0.,1.));
#3187=IFCDIRECTION((1.,0.,0.));
#3188=IFCAXIS2PLACEMENT3D(#3185,#3186,#3187);
#3189=IFCLOCALPLACEMENT(#33,#3188);
#3190=IFCBEAM('000DIX001008000000002_',$,'Viga: Vest\X2\00ED\X0\bulo, leste',$,$,#3212,#3206,$,.BEAM.);
#3196=IFCCARTESIANPOINTLIST2D(((0.,0.),(0.15000000000000036,0.),(0.15000000000000036,7.65),(0.,7.65)));
#3197=IFCINDEXEDPOLYCURVE(#3196,(IFCLINEINDEX((1,2,3,4,1))),$);
#3198=IFCARBITRARYCLOSEDPROFILEDEF(.AREA.,$,#3197);
#3199=IFCCARTESIANPOINT((0.,0.,0.));
#3200=IFCDIRECTION((0.,0.,1.));
#3201=IFCDIRECTION((1.,0.,0.));
#3202=IFCAXIS2PLACEMENT3D(#3199,#3200,#3201);
#3203=IFCDIRECTION((0.,0.,1.));
#3204=IFCEXTRUDEDAREASOLID(#3198,#3202,#3203,0.3500000000000001);
#3205=IFCSHAPEREPRESENTATION(#12,'Body','SweptSolid',(#3204));
#3206=IFCPRODUCTDEFINITIONSHAPE($,$,(#3205));
#3207=IFCSTYLEDITEM(#3204,(#39),'Concreto armado');
#3208=IFCCARTESIANPOINT((5.925,-0.075,2.4499999999999997));
#3209=IFCDIRECTION((0.,0.,1.));
#3210=IFCDIRECTION((1.,0.,0.));
#3211=IFCAXIS2PLACEMENT3D(#3208,#3209,#3210);
#3212=IFCLOCALPLACEMENT(#33,#3211);
#3213=IFCBEAM('000DIX001008000000002$',$,'Viga: Su\X2\00ED\X0\te oeste, banho',$,$,#3235,#3229,$,.BEAM.);
#3219=IFCCARTESIANPOINTLIST2D(((0.,0.),(4.15,0.),(4.15,0.15000000000000036),(0.,0.15000000000000036)));
#3220=IFCINDEXEDPOLYCURVE(#3219,(IFCLINEINDEX((1,2,3,4,1))),$);
#3221=IFCARBITRARYCLOSEDPROFILEDEF(.AREA.,$,#3220);
#3222=IFCCARTESIANPOINT((0.,0.,0.));
#3223=IFCDIRECTION((0.,0.,1.));
#3224=IFCDIRECTION((1.,0.,0.));
#3225=IFCAXIS2PLACEMENT3D(#3222,#3223,#3224);
#3226=IFCDIRECTION((0.,0.,1.));
#3227=IFCEXTRUDEDAREASOLID(#3221,#3225,#3226,0.3500000000000001);
#3228=IFCSHAPEREPRESENTATION(#12,'Body','SweptSolid',(#3227));
#3229=IFCPRODUCTDEFINITIONSHAPE($,$,(#3228));
#3230=IFCSTYLEDITEM(#3227,(#39),'Concreto armado');
#3231=IFCCARTESIANPOINT((-0.075,4.925,2.4499999999999997));
#3232=IFCDIRECTION((0.,0.,1.));
#3233=IFCDIRECTION((1.,0.,0.));
#3234=IFCAXIS2PLACEMENT3D(#3231,#3232,#3233);
#3235=IFCLOCALPLACEMENT(#33,#3234);
#3236=IFCBEAM('000DIX0010080000000030',$,'Viga: Su\X2\00ED\X0\te leste, banho',$,$,#3258,#3252,$,.BEAM.);
#3242=IFCCARTESIANPOINTLIST2D(((0.,0.),(4.1499999999999995,0.),(4.1499999999999995,0.15000000000000036),(0.,0.15000000000000036)));
#3243=IFCINDEXEDPOLYCURVE(#3242,(IFCLINEINDEX((1,2,3,4,1))),$);
#3244=IFCARBITRARYCLOSEDPROFILEDEF(.AREA.,$,#3243);
#3245=IFCCARTESIANPOINT((0.,0.,0.));
#3246=IFCDIRECTION((0.,0.,1.));
#3247=IFCDIRECTION((1.,0.,0.));
#3248=IFCAXIS2PLACEMENT3D(#3245,#3246,#3247);
#3249=IFCDIRECTION((0.,0.,1.));
#3250=IFCEXTRUDEDAREASOLID(#3244,#3248,#3249,0.3500000000000001);
#3251=IFCSHAPEREPRESENTATION(#12,'Body','SweptSolid',(#3250));
#3252=IFCPRODUCTDEFINITIONSHAPE($,$,(#3251));
#3253=IFCSTYLEDITEM(#3250,(#39),'Concreto armado');
#3254=IFCCARTESIANPOINT((5.925,4.925,2.4499999999999997));
#3255=IFCDIRECTION((0.,0.,1.));
#3256=IFCDIRECTION((1.,0.,0.));
#3257=IFCAXIS2PLACEMENT3D(#3254,#3255,#3256);
#3258=IFCLOCALPLACEMENT(#33,#3257);
#3259=IFCBEAM('000DIX0010080000000031',$,'Viga: Cozinha, WC e servi\X2\00E7\X0\o',$,$,#3281,#3275,$,.BEAM.);
#3265=IFCCARTESIANPOINTLIST2D(((0.,0.),(0.15000000000000036,0.),(0.15000000000000036,4.649999999999999),(0.,4.649999999999999)));
#3266=IFCINDEXEDPOLYCURVE(#3265,(IFCLINEINDEX((1,2,3,4,1))),$);
#3267=IFCARBITRARYCLOSEDPROFILEDEF(.AREA.,$,#3266);
#3268=IFCCARTESIANPOINT((0.,0.,0.));
#3269=IFCDIRECTION((0.,0.,1.));
#3270=IFCDIRECTION((1.,0.,0.));
#3271=IFCAXIS2PLACEMENT3D(#3268,#3269,#3270);
#3272=IFCDIRECTION((0.,0.,1.));
#3273=IFCEXTRUDEDAREASOLID(#3267,#3271,#3272,0.3500000000000001);
#3274=IFCSHAPEREPRESENTATION(#12,'Body','SweptSolid',(#3273));
#3275=IFCPRODUCTDEFINITIONSHAPE($,$,(#3274));
#3276=IFCSTYLEDITEM(#3273,(#39),'Concreto armado');
#3277=IFCCARTESIANPOINT((5.925,13.425,2.4499999999999997));
#3278=IFCDIRECTION((0.,0.,1.));
#3279=IFCDIRECTION((1.,0.,0.));
#3280=IFCAXIS2PLACEMENT3D(#3277,#3278,#3279);
#3281=IFCLOCALPLACEMENT(#33,#3280);
#3282=IFCBEAM('000DIX0010080000000032',$,'Viga: WC, servi\X2\00E7\X0\o',$,$,#3304,#3298,$,.BEAM.);
#3288=IFCCARTESIANPOINTLIST2D(((0.,0.),(4.1499999999999995,0.),(4.1499999999999995,0.14999999999999858),(0.,0.14999999999999858)));
#3289=IFCINDEXEDPOLYCURVE(#3288,(IFCLINEINDEX((1,2,3,4,1))),$);
#3290=IFCARBITRARYCLOSEDPROFILEDEF(.AREA.,$,#3289);
#3291=IFCCARTESIANPOINT((0.,0.,0.));
#3292=IFCDIRECTION((0.,0.,1.));
#3293=IFCDIRECTION((1.,0.,0.));
#3294=IFCAXIS2PLACEMENT3D(#3291,#3292,#3293);
#3295=IFCDIRECTION((0.,0.,1.));
#3296=IFCEXTRUDEDAREASOLID(#3290,#3294,#3295,0.3500000000000001);
#3297=IFCSHAPEREPRESENTATION(#12,'Body','SweptSolid',(#3296));
#3298=IFCPRODUCTDEFINITIONSHAPE($,$,(#3297));
#3299=IFCSTYLEDITEM(#3296,(#39),'Concreto armado');
#3300=IFCCARTESIANPOINT((5.925,15.925,2.4499999999999997));
#3301=IFCDIRECTION((0.,0.,1.));
#3302=IFCDIRECTION((1.,0.,0.));
#3303=IFCAXIS2PLACEMENT3D(#3300,#3301,#3302);
#3304=IFCLOCALPLACEMENT(#33,#3303);
#3305=IFCSLAB('000DIX0010080000000033',$,'Laje de forro, su\X2\00ED\X0\tes e vest\X2\00ED\X0\bulo',$,$,#3327,#3321,$,.FLOOR.);
#3311=IFCCARTESIANPOINTLIST2D(((0.,0.),(10.,0.),(10.,7.5),(0.,7.5)));
#3312=IFCINDEXEDPOLYCURVE(#3311,(IFCLINEINDEX((1,2,3,4,1))),$);
#3313=IFCARBITRARYCLOSEDPROFILEDEF(.AREA.,$,#3312);
#3314=IFCCARTESIANPOINT((0.,0.,0.));
#3315=IFCDIRECTION((0.,0.,1.));
#3316=IFCDIRECTION((1.,0.,0.));
#3317=IFCAXIS2PLACEMENT3D(#3314,#3315,#3316);
#3318=IFCDIRECTION((0.,0.,1.));
#3319=IFCEXTRUDEDAREASOLID(#3313,#3317,#3318,0.10000000000000009);
#3320=IFCSHAPEREPRESENTATION(#12,'Body','SweptSolid',(#3319));
#3321=IFCPRODUCTDEFINITIONSHAPE($,$,(#3320));
#3322=IFCSTYLEDITEM(#3319,(#39),'Concreto armado');
#3323=IFCCARTESIANPOINT((0.,0.,2.8));
#3324=IFCDIRECTION((0.,0.,1.));
#3325=IFCDIRECTION((1.,0.,0.));
#3326=IFCAXIS2PLACEMENT3D(#3323,#3324,#3325);
#3327=IFCLOCALPLACEMENT(#33,#3326);
#3328=IFCSLAB('000DIX0010080000000034',$,'Laje de forro, cozinha e servi\X2\00E7\X0\o',$,$,#3350,#3344,$,.FLOOR.);
#3334=IFCCARTESIANPOINTLIST2D(((0.,0.),(10.,0.),(10.,4.5),(0.,4.5)));
#3335=IFCINDEXEDPOLYCURVE(#3334,(IFCLINEINDEX((1,2,3,4,1))),$);
#3336=IFCARBITRARYCLOSEDPROFILEDEF(.AREA.,$,#3335);
#3337=IFCCARTESIANPOINT((0.,0.,0.));
#3338=IFCDIRECTION((0.,0.,1.));
#3339=IFCDIRECTION((1.,0.,0.));
#3340=IFCAXIS2PLACEMENT3D(#3337,#3338,#3339);
#3341=IFCDIRECTION((0.,0.,1.));
#3342=IFCEXTRUDEDAREASOLID(#3336,#3340,#3341,0.10000000000000009);
#3343=IFCSHAPEREPRESENTATION(#12,'Body','SweptSolid',(#3342));
#3344=IFCPRODUCTDEFINITIONSHAPE($,$,(#3343));
#3345=IFCSTYLEDITEM(#3342,(#39),'Concreto armado');
#3346=IFCCARTESIANPOINT((0.,13.5,2.8));
#3347=IFCDIRECTION((0.,0.,1.));
#3348=IFCDIRECTION((1.,0.,0.));
#3349=IFCAXIS2PLACEMENT3D(#3346,#3347,#3348);
#3350=IFCLOCALPLACEMENT(#33,#3349);
#3351=IFCROOF('000DIX0010080000000035',$,'Cobertura',$,$,#3356,$,$,.FLAT_ROOF.);
#3352=IFCCARTESIANPOINT((0.,0.,0.));
#3353=IFCDIRECTION((0.,0.,1.));
#3354=IFCDIRECTION((1.,0.,0.));
#3355=IFCAXIS2PLACEMENT3D(#3352,#3353,#3354);
#3356=IFCLOCALPLACEMENT(#33,#3355);
#3357=IFCSLAB('000DIX0010080000000036',$,'Telhado, su\X2\00ED\X0\tes e vest\X2\00ED\X0\bulo',$,$,#3422,#3373,$,.ROOF.);
#3363=IFCCARTESIANPOINTLIST2D(((0.,0.),(9.850000000000001,0.),(9.850000000000001,7.35),(0.,7.35)));
#3364=IFCINDEXEDPOLYCURVE(#3363,(IFCLINEINDEX((1,2,3,4,1))),$);
#3365=IFCARBITRARYCLOSEDPROFILEDEF(.AREA.,$,#3364);
#3366=IFCCARTESIANPOINT((0.,0.,0.));
#3367=IFCDIRECTION((0.,0.,1.));
#3368=IFCDIRECTION((1.,0.,0.));
#3369=IFCAXIS2PLACEMENT3D(#3366,#3367,#3368);
#3370=IFCDIRECTION((0.,0.,1.));
#3371=IFCEXTRUDEDAREASOLID(#3365,#3369,#3370,0.07000000000000028);
#3372=IFCSHAPEREPRESENTATION(#12,'Body','SweptSolid',(#3371));
#3373=IFCPRODUCTDEFINITIONSHAPE($,$,(#3372));
#3374=IFCSTYLEDITEM(#3371,(#47),'Telha met\X2\00E1\X0\lica termoac\X2\00FA\X0\stica');
#3375=IFCRELASSOCIATESMATERIAL('000DIX0010080000000037',$,$,$,(#3394,#3357,#3376),#46);
#3376=IFCSLAB('000DIX0010080000000038',$,'Telhado, cozinha e servi\X2\00E7\X0\o',$,$,#3427,#3392,$,.ROOF.);
#3382=IFCCARTESIANPOINTLIST2D(((0.,0.),(9.850000000000001,0.),(9.850000000000001,4.350000000000001),(0.,4.350000000000001)));
#3383=IFCINDEXEDPOLYCURVE(#3382,(IFCLINEINDEX((1,2,3,4,1))),$);
#3384=IFCARBITRARYCLOSEDPROFILEDEF(.AREA.,$,#3383);
#3385=IFCCARTESIANPOINT((0.,0.,0.));
#3386=IFCDIRECTION((0.,0.,1.));
#3387=IFCDIRECTION((1.,0.,0.));
#3388=IFCAXIS2PLACEMENT3D(#3385,#3386,#3387);
#3389=IFCDIRECTION((0.,0.,1.));
#3390=IFCEXTRUDEDAREASOLID(#3384,#3388,#3389,0.07000000000000028);
#3391=IFCSHAPEREPRESENTATION(#12,'Body','SweptSolid',(#3390));
#3392=IFCPRODUCTDEFINITIONSHAPE($,$,(#3391));
#3393=IFCSTYLEDITEM(#3390,(#47),'Telha met\X2\00E1\X0\lica termoac\X2\00FA\X0\stica');
#3394=IFCSLAB('000DIX0010080000000039',$,'Telhado da sala',$,$,#3417,#3410,$,.ROOF.);
#3400=IFCCARTESIANPOINTLIST2D(((0.,0.),(9.850000000000001,0.),(9.850000000000001,5.8500000000000005),(0.,5.8500000000000005)));
#3401=IFCINDEXEDPOLYCURVE(#3400,(IFCLINEINDEX((1,2,3,4,1))),$);
#3402=IFCARBITRARYCLOSEDPROFILEDEF(.AREA.,$,#3401);
#3403=IFCCARTESIANPOINT((0.,0.,0.));
#3404=IFCDIRECTION((0.,0.,1.));
#3405=IFCDIRECTION((1.,0.,0.));
#3406=IFCAXIS2PLACEMENT3D(#3403,#3404,#3405);
#3407=IFCDIRECTION((0.,0.,1.));
#3408=IFCEXTRUDEDAREASOLID(#3402,#3406,#3407,0.07000000000000028);
#3409=IFCSHAPEREPRESENTATION(#12,'Body','SweptSolid',(#3408));
#3410=IFCPRODUCTDEFINITIONSHAPE($,$,(#3409));
#3411=IFCSTYLEDITEM(#3408,(#47),'Telha met\X2\00E1\X0\lica termoac\X2\00FA\X0\stica');
#3412=IFCRELAGGREGATES('000DIX001008000000003A',$,$,$,#3351,(#3394,#3357,#3376));
#3413=IFCCARTESIANPOINT((0.075,7.575,5.699999999999999));
#3414=IFCDIRECTION((0.,0.,1.));
#3415=IFCDIRECTION((1.,0.,0.));
#3416=IFCAXIS2PLACEMENT3D(#3413,#3414,#3415);
#3417=IFCLOCALPLACEMENT(#3356,#3416);
#3418=IFCCARTESIANPOINT((0.075,0.075,3.05));
#3419=IFCDIRECTION((0.,0.,1.));
#3420=IFCDIRECTION((1.,0.,0.));
#3421=IFCAXIS2PLACEMENT3D(#3418,#3419,#3420);
#3422=IFCLOCALPLACEMENT(#3356,#3421);
#3423=IFCCARTESIANPOINT((0.075,13.575,3.05));
#3424=IFCDIRECTION((0.,0.,1.));
#3425=IFCDIRECTION((1.,0.,0.));
#3426=IFCAXIS2PLACEMENT3D(#3423,#3424,#3425);
#3427=IFCLOCALPLACEMENT(#3356,#3426);
#3428=IFCTANK('000DIX001008000000003B',$,'Caixa d''\X2\00E1\X0\gua 1.000 L',$,$,#3451,#3444,$,.STORAGE.);
#3434=IFCCARTESIANPOINTLIST2D(((0.,0.),(1.4000000000000004,0.),(1.4000000000000004,1.4),(0.,1.4)));
#3435=IFCINDEXEDPOLYCURVE(#3434,(IFCLINEINDEX((1,2,3,4,1))),$);
#3436=IFCARBITRARYCLOSEDPROFILEDEF(.AREA.,$,#3435);
#3437=IFCCARTESIANPOINT((0.,0.,0.));
#3438=IFCDIRECTION((0.,0.,1.));
#3439=IFCDIRECTION((1.,0.,0.));
#3440=IFCAXIS2PLACEMENT3D(#3437,#3438,#3439);
#3441=IFCDIRECTION((0.,0.,1.));
#3442=IFCEXTRUDEDAREASOLID(#3436,#3440,#3441,1.);
#3443=IFCSHAPEREPRESENTATION(#12,'Body','SweptSolid',(#3442));
#3444=IFCPRODUCTDEFINITIONSHAPE($,$,(#3443));
#3445=IFCSTYLEDITEM(#3442,(#71),'Polietileno');
#3446=IFCRELASSOCIATESMATERIAL('000DIX001008000000003C',$,$,$,(#3428),#70);
#3447=IFCCARTESIANPOINT((4.3,2.,2.9));
#3448=IFCDIRECTION((0.,0.,1.));
#3449=IFCDIRECTION((1.,0.,0.));
#3450=IFCAXIS2PLACEMENT3D(#3447,#3448,#3449);
#3451=IFCLOCALPLACEMENT(#33,#3450);
#3452=IFCELECTRICDISTRIBUTIONBOARD('000DIX001008000000003D',$,'Quadro de distribui\X2\00E700E3\X0\o',$,$,#3475,#3468,$,.DISTRIBUTIONBOARD.);
#3458=IFCCARTESIANPOINTLIST2D(((0.,0.),(0.08000000000000007,0.),(0.08000000000000007,0.5),(0.,0.5)));
#3459=IFCINDEXEDPOLYCURVE(#3458,(IFCLINEINDEX((1,2,3,4,1))),$);
#3460=IFCARBITRARYCLOSEDPROFILEDEF(.AREA.,$,#3459);
#3461=IFCCARTESIANPOINT((0.,0.,0.));
#3462=IFCDIRECTION((0.,0.,1.));
#3463=IFCDIRECTION((1.,0.,0.));
#3464=IFCAXIS2PLACEMENT3D(#3461,#3462,#3463);
#3465=IFCDIRECTION((0.,0.,1.));
#3466=IFCEXTRUDEDAREASOLID(#3460,#3464,#3465,0.5);
#3467=IFCSHAPEREPRESENTATION(#12,'Body','SweptSolid',(#3466));
#3468=IFCPRODUCTDEFINITIONSHAPE($,$,(#3467));
#3469=IFCSTYLEDITEM(#3466,(#75),'A\X2\00E7\X0\o pintado');
#3470=IFCRELASSOCIATESMATERIAL('000DIX001008000000003E',$,$,$,(#3452),#74);
#3471=IFCCARTESIANPOINT((4.09,0.8,1.4));
#3472=IFCDIRECTION((0.,0.,1.));
#3473=IFCDIRECTION((1.,0.,0.));
#3474=IFCAXIS2PLACEMENT3D(#3471,#3472,#3473);
#3475=IFCLOCALPLACEMENT(#33,#3474);
#3476=IFCPIPESEGMENT('000DIX001008000000003F',$,'Prumada de \X2\00E1\X0\gua, banho oeste',$,$,#3499,#3492,$,.RIGIDSEGMENT.);
#3482=IFCCARTESIANPOINTLIST2D(((0.,0.),(0.10000000000000003,0.),(0.10000000000000003,0.09999999999999964),(0.,0.09999999999999964)));
#3483=IFCINDEXEDPOLYCURVE(#3482,(IFCLINEINDEX((1,2,3,4,1))),$);
#3484=IFCARBITRARYCLOSEDPROFILEDEF(.AREA.,$,#3483);
#3485=IFCCARTESIANPOINT((0.,0.,0.));
#3486=IFCDIRECTION((0.,0.,1.));
#3487=IFCDIRECTION((1.,0.,0.));
#3488=IFCAXIS2PLACEMENT3D(#3485,#3486,#3487);
#3489=IFCDIRECTION((0.,0.,1.));
#3490=IFCEXTRUDEDAREASOLID(#3484,#3488,#3489,2.9);
#3491=IFCSHAPEREPRESENTATION(#12,'Body','SweptSolid',(#3490));
#3492=IFCPRODUCTDEFINITIONSHAPE($,$,(#3491));
#3493=IFCSTYLEDITEM(#3490,(#67),'PVC');
#3494=IFCRELASSOCIATESMATERIAL('000DIX001008000000003G',$,$,$,(#3500,#3546,#3476,#3523,#3569),#66);
#3495=IFCCARTESIANPOINT((0.2,6.8,0.));
#3496=IFCDIRECTION((0.,0.,1.));
#3497=IFCDIRECTION((1.,0.,0.));
#3498=IFCAXIS2PLACEMENT3D(#3495,#3496,#3497);
#3499=IFCLOCALPLACEMENT(#33,#3498);
#3500=IFCPIPESEGMENT('000DIX001008000000003H',$,'Prumada de \X2\00E1\X0\gua, banho leste',$,$,#3522,#3516,$,.RIGIDSEGMENT.);
#3506=IFCCARTESIANPOINTLIST2D(((0.,0.),(0.09999999999999964,0.),(0.09999999999999964,0.09999999999999964),(0.,0.09999999999999964)));
#3507=IFCINDEXEDPOLYCURVE(#3506,(IFCLINEINDEX((1,2,3,4,1))),$);
#3508=IFCARBITRARYCLOSEDPROFILEDEF(.AREA.,$,#3507);
#3509=IFCCARTESIANPOINT((0.,0.,0.));
#3510=IFCDIRECTION((0.,0.,1.));
#3511=IFCDIRECTION((1.,0.,0.));
#3512=IFCAXIS2PLACEMENT3D(#3509,#3510,#3511);
#3513=IFCDIRECTION((0.,0.,1.));
#3514=IFCEXTRUDEDAREASOLID(#3508,#3512,#3513,2.9);
#3515=IFCSHAPEREPRESENTATION(#12,'Body','SweptSolid',(#3514));
#3516=IFCPRODUCTDEFINITIONSHAPE($,$,(#3515));
#3517=IFCSTYLEDITEM(#3514,(#67),'PVC');
#3518=IFCCARTESIANPOINT((9.7,6.8,0.));
#3519=IFCDIRECTION((0.,0.,1.));
#3520=IFCDIRECTION((1.,0.,0.));
#3521=IFCAXIS2PLACEMENT3D(#3518,#3519,#3520);
#3522=IFCLOCALPLACEMENT(#33,#3521);
#3523=IFCPIPESEGMENT('000DIX001008000000003I',$,'Prumada de \X2\00E1\X0\gua, cozinha',$,$,#3545,#3539,$,.RIGIDSEGMENT.);
#3529=IFCCARTESIANPOINTLIST2D(((0.,0.),(0.10000000000000003,0.),(0.10000000000000003,0.10000000000000142),(0.,0.10000000000000142)));
#3530=IFCINDEXEDPOLYCURVE(#3529,(IFCLINEINDEX((1,2,3,4,1))),$);
#3531=IFCARBITRARYCLOSEDPROFILEDEF(.AREA.,$,#3530);
#3532=IFCCARTESIANPOINT((0.,0.,0.));
#3533=IFCDIRECTION((0.,0.,1.));
#3534=IFCDIRECTION((1.,0.,0.));
#3535=IFCAXIS2PLACEMENT3D(#3532,#3533,#3534);
#3536=IFCDIRECTION((0.,0.,1.));
#3537=IFCEXTRUDEDAREASOLID(#3531,#3535,#3536,2.9);
#3538=IFCSHAPEREPRESENTATION(#12,'Body','SweptSolid',(#3537));
#3539=IFCPRODUCTDEFINITIONSHAPE($,$,(#3538));
#3540=IFCSTYLEDITEM(#3537,(#67),'PVC');
#3541=IFCCARTESIANPOINT((0.2,17.7,0.));
#3542=IFCDIRECTION((0.,0.,1.));
#3543=IFCDIRECTION((1.,0.,0.));
#3544=IFCAXIS2PLACEMENT3D(#3541,#3542,#3543);
#3545=IFCLOCALPLACEMENT(#33,#3544);
#3546=IFCPIPESEGMENT('000DIX001008000000003J',$,'Prumada de \X2\00E1\X0\gua, WC e servi\X2\00E7\X0\o',$,$,#3568,#3562,$,.RIGIDSEGMENT.);
#3552=IFCCARTESIANPOINTLIST2D(((0.,0.),(0.09999999999999964,0.),(0.09999999999999964,0.09999999999999964),(0.,0.09999999999999964)));
#3553=IFCINDEXEDPOLYCURVE(#3552,(IFCLINEINDEX((1,2,3,4,1))),$);
#3554=IFCARBITRARYCLOSEDPROFILEDEF(.AREA.,$,#3553);
#3555=IFCCARTESIANPOINT((0.,0.,0.));
#3556=IFCDIRECTION((0.,0.,1.));
#3557=IFCDIRECTION((1.,0.,0.));
#3558=IFCAXIS2PLACEMENT3D(#3555,#3556,#3557);
#3559=IFCDIRECTION((0.,0.,1.));
#3560=IFCEXTRUDEDAREASOLID(#3554,#3558,#3559,2.9);
#3561=IFCSHAPEREPRESENTATION(#12,'Body','SweptSolid',(#3560));
#3562=IFCPRODUCTDEFINITIONSHAPE($,$,(#3561));
#3563=IFCSTYLEDITEM(#3560,(#67),'PVC');
#3564=IFCCARTESIANPOINT((9.7,15.9,0.));
#3565=IFCDIRECTION((0.,0.,1.));
#3566=IFCDIRECTION((1.,0.,0.));
#3567=IFCAXIS2PLACEMENT3D(#3564,#3565,#3566);
#3568=IFCLOCALPLACEMENT(#33,#3567);
#3569=IFCPIPESEGMENT('000DIX001008000000003K',$,'Barrilete',$,$,#3591,#3585,$,.RIGIDSEGMENT.);
#3575=IFCCARTESIANPOINTLIST2D(((0.,0.),(9.600000000000001,0.),(9.600000000000001,0.10000000000000009),(0.,0.10000000000000009)));
#3576=IFCINDEXEDPOLYCURVE(#3575,(IFCLINEINDEX((1,2,3,4,1))),$);
#3577=IFCARBITRARYCLOSEDPROFILEDEF(.AREA.,$,#3576);
#3578=IFCCARTESIANPOINT((0.,0.,0.));
#3579=IFCDIRECTION((0.,0.,1.));
#3580=IFCDIRECTION((1.,0.,0.));
#3581=IFCAXIS2PLACEMENT3D(#3578,#3579,#3580);
#3582=IFCDIRECTION((0.,0.,1.));
#3583=IFCEXTRUDEDAREASOLID(#3577,#3581,#3582,0.10000000000000009);
#3584=IFCSHAPEREPRESENTATION(#12,'Body','SweptSolid',(#3583));
#3585=IFCPRODUCTDEFINITIONSHAPE($,$,(#3584));
#3586=IFCSTYLEDITEM(#3583,(#67),'PVC');
#3587=IFCCARTESIANPOINT((0.2,2.6,2.92));
#3588=IFCDIRECTION((0.,0.,1.));
#3589=IFCDIRECTION((1.,0.,0.));
#3590=IFCAXIS2PLACEMENT3D(#3587,#3588,#3589);
#3591=IFCLOCALPLACEMENT(#33,#3590);
#3592=IFCCOVERING('000DIX001008000000003L',$,'Piso: Su\X2\00ED\X0\te oeste',$,$,#3615,#3608,$,.FLOORING.);
#3598=IFCCARTESIANPOINTLIST2D(((0.,0.),(3.8499999999999996,0.),(3.8499999999999996,4.85),(0.,4.85)));
#3599=IFCINDEXEDPOLYCURVE(#3598,(IFCLINEINDEX((1,2,3,4,1))),$);
#3600=IFCARBITRARYCLOSEDPROFILEDEF(.AREA.,$,#3599);
#3601=IFCCARTESIANPOINT((0.,0.,0.));
#3602=IFCDIRECTION((0.,0.,1.));
#3603=IFCDIRECTION((1.,0.,0.));
#3604=IFCAXIS2PLACEMENT3D(#3601,#3602,#3603);
#3605=IFCDIRECTION((0.,0.,1.));
#3606=IFCEXTRUDEDAREASOLID(#3600,#3604,#3605,0.02);
#3607=IFCSHAPEREPRESENTATION(#12,'Body','SweptSolid',(#3606));
#3608=IFCPRODUCTDEFINITIONSHAPE($,$,(#3607));
#3609=IFCSTYLEDITEM(#3606,(#59),'Porcelanato');
#3610=IFCRELASSOCIATESMATERIAL('000DIX001008000000003M',$,$,$,(#3592,#3685,#3777,#3754,#3662,#3639,#3731,#3708,#3616),#58);
#3611=IFCCARTESIANPOINT((0.075,0.075,0.));
#3612=IFCDIRECTION((0.,0.,1.));
#3613=IFCDIRECTION((1.,0.,0.));
#3614=IFCAXIS2PLACEMENT3D(#3611,#3612,#3613);
#3615=IFCLOCALPLACEMENT(#33,#3614);
#3616=IFCCOVERING('000DIX001008000000003N',$,'Piso: Su\X2\00ED\X0\te leste',$,$,#3638,#3632,$,.FLOORING.);
#3622=IFCCARTESIANPOINTLIST2D(((0.,0.),(3.8500000000000005,0.),(3.8500000000000005,4.85),(0.,4.85)));
#3623=IFCINDEXEDPOLYCURVE(#3622,(IFCLINEINDEX((1,2,3,4,1))),$);
#3624=IFCARBITRARYCLOSEDPROFILEDEF(.AREA.,$,#3623);
#3625=IFCCARTESIANPOINT((0.,0.,0.));
#3626=IFCDIRECTION((0.,0.,1.));
#3627=IFCDIRECTION((1.,0.,0.));
#3628=IFCAXIS2PLACEMENT3D(#3625,#3626,#3627);
#3629=IFCDIRECTION((0.,0.,1.));
#3630=IFCEXTRUDEDAREASOLID(#3624,#3628,#3629,0.02);
#3631=IFCSHAPEREPRESENTATION(#12,'Body','SweptSolid',(#3630));
#3632=IFCPRODUCTDEFINITIONSHAPE($,$,(#3631));
#3633=IFCSTYLEDITEM(#3630,(#59),'Porcelanato');
#3634=IFCCARTESIANPOINT((6.075,0.075,0.));
#3635=IFCDIRECTION((0.,0.,1.));
#3636=IFCDIRECTION((1.,0.,0.));
#3637=IFCAXIS2PLACEMENT3D(#3634,#3635,#3636);
#3638=IFCLOCALPLACEMENT(#33,#3637);
#3639=IFCCOVERING('000DIX001008000000003O',$,'Piso: Banho oeste',$,$,#3661,#3655,$,.FLOORING.);
#3645=IFCCARTESIANPOINTLIST2D(((0.,0.),(3.8499999999999996,0.),(3.8499999999999996,2.3499999999999996),(0.,2.3499999999999996)));
#3646=IFCINDEXEDPOLYCURVE(#3645,(IFCLINEINDEX((1,2,3,4,1))),$);
#3647=IFCARBITRARYCLOSEDPROFILEDEF(.AREA.,$,#3646);
#3648=IFCCARTESIANPOINT((0.,0.,0.));
#3649=IFCDIRECTION((0.,0.,1.));
#3650=IFCDIRECTION((1.,0.,0.));
#3651=IFCAXIS2PLACEMENT3D(#3648,#3649,#3650);
#3652=IFCDIRECTION((0.,0.,1.));
#3653=IFCEXTRUDEDAREASOLID(#3647,#3651,#3652,0.02);
#3654=IFCSHAPEREPRESENTATION(#12,'Body','SweptSolid',(#3653));
#3655=IFCPRODUCTDEFINITIONSHAPE($,$,(#3654));
#3656=IFCSTYLEDITEM(#3653,(#59),'Porcelanato');
#3657=IFCCARTESIANPOINT((0.075,5.075,0.));
#3658=IFCDIRECTION((0.,0.,1.));
#3659=IFCDIRECTION((1.,0.,0.));
#3660=IFCAXIS2PLACEMENT3D(#3657,#3658,#3659);
#3661=IFCLOCALPLACEMENT(#33,#3660);
#3662=IFCCOVERING('000DIX001008000000003P',$,'Piso: Banho leste',$,$,#3684,#3678,$,.FLOORING.);
#3668=IFCCARTESIANPOINTLIST2D(((0.,0.),(3.8500000000000005,0.),(3.8500000000000005,2.3499999999999996),(0.,2.3499999999999996)));
#3669=IFCINDEXEDPOLYCURVE(#3668,(IFCLINEINDEX((1,2,3,4,1))),$);
#3670=IFCARBITRARYCLOSEDPROFILEDEF(.AREA.,$,#3669);
#3671=IFCCARTESIANPOINT((0.,0.,0.));
#3672=IFCDIRECTION((0.,0.,1.));
#3673=IFCDIRECTION((1.,0.,0.));
#3674=IFCAXIS2PLACEMENT3D(#3671,#3672,#3673);
#3675=IFCDIRECTION((0.,0.,1.));
#3676=IFCEXTRUDEDAREASOLID(#3670,#3674,#3675,0.02);
#3677=IFCSHAPEREPRESENTATION(#12,'Body','SweptSolid',(#3676));
#3678=IFCPRODUCTDEFINITIONSHAPE($,$,(#3677));
#3679=IFCSTYLEDITEM(#3676,(#59),'Porcelanato');
#3680=IFCCARTESIANPOINT((6.075,5.075,0.));
#3681=IFCDIRECTION((0.,0.,1.));
#3682=IFCDIRECTION((1.,0.,0.));
#3683=IFCAXIS2PLACEMENT3D(#3680,#3681,#3682);
#3684=IFCLOCALPLACEMENT(#33,#3683);
#3685=IFCCOVERING('000DIX001008000000003Q',$,'Piso: Vest\X2\00ED\X0\bulo',$,$,#3707,#3701,$,.FLOORING.);
#3691=IFCCARTESIANPOINTLIST2D(((0.,0.),(1.8499999999999996,0.),(1.8499999999999996,7.35),(0.,7.35)));
#3692=IFCINDEXEDPOLYCURVE(#3691,(IFCLINEINDEX((1,2,3,4,1))),$);
#3693=IFCARBITRARYCLOSEDPROFILEDEF(.AREA.,$,#3692);
#3694=IFCCARTESIANPOINT((0.,0.,0.));
#3695=IFCDIRECTION((0.,0.,1.));
#3696=IFCDIRECTION((1.,0.,0.));
#3697=IFCAXIS2PLACEMENT3D(#3694,#3695,#3696);
#3698=IFCDIRECTION((0.,0.,1.));
#3699=IFCEXTRUDEDAREASOLID(#3693,#3697,#3698,0.02);
#3700=IFCSHAPEREPRESENTATION(#12,'Body','SweptSolid',(#3699));
#3701=IFCPRODUCTDEFINITIONSHAPE($,$,(#3700));
#3702=IFCSTYLEDITEM(#3699,(#59),'Porcelanato');
#3703=IFCCARTESIANPOINT((4.075,0.075,0.));
#3704=IFCDIRECTION((0.,0.,1.));
#3705=IFCDIRECTION((1.,0.,0.));
#3706=IFCAXIS2PLACEMENT3D(#3703,#3704,#3705);
#3707=IFCLOCALPLACEMENT(#33,#3706);
#3708=IFCCOVERING('000DIX001008000000003R',$,'Piso: Sala',$,$,#3730,#3724,$,.FLOORING.);
#3714=IFCCARTESIANPOINTLIST2D(((0.,0.),(9.850000000000001,0.),(9.850000000000001,5.8500000000000005),(0.,5.8500000000000005)));
#3715=IFCINDEXEDPOLYCURVE(#3714,(IFCLINEINDEX((1,2,3,4,1))),$);
#3716=IFCARBITRARYCLOSEDPROFILEDEF(.AREA.,$,#3715);
#3717=IFCCARTESIANPOINT((0.,0.,0.));
#3718=IFCDIRECTION((0.,0.,1.));
#3719=IFCDIRECTION((1.,0.,0.));
#3720=IFCAXIS2PLACEMENT3D(#3717,#3718,#3719);
#3721=IFCDIRECTION((0.,0.,1.));
#3722=IFCEXTRUDEDAREASOLID(#3716,#3720,#3721,0.02);
#3723=IFCSHAPEREPRESENTATION(#12,'Body','SweptSolid',(#3722));
#3724=IFCPRODUCTDEFINITIONSHAPE($,$,(#3723));
#3725=IFCSTYLEDITEM(#3722,(#59),'Porcelanato');
#3726=IFCCARTESIANPOINT((0.075,7.575,0.));
#3727=IFCDIRECTION((0.,0.,1.));
#3728=IFCDIRECTION((1.,0.,0.));
#3729=IFCAXIS2PLACEMENT3D(#3726,#3727,#3728);
#3730=IFCLOCALPLACEMENT(#33,#3729);
#3731=IFCCOVERING('000DIX001008000000003S',$,'Piso: Cozinha',$,$,#3753,#3747,$,.FLOORING.);
#3737=IFCCARTESIANPOINTLIST2D(((0.,0.),(5.85,0.),(5.85,4.350000000000001),(0.,4.350000000000001)));
#3738=IFCINDEXEDPOLYCURVE(#3737,(IFCLINEINDEX((1,2,3,4,1))),$);
#3739=IFCARBITRARYCLOSEDPROFILEDEF(.AREA.,$,#3738);
#3740=IFCCARTESIANPOINT((0.,0.,0.));
#3741=IFCDIRECTION((0.,0.,1.));
#3742=IFCDIRECTION((1.,0.,0.));
#3743=IFCAXIS2PLACEMENT3D(#3740,#3741,#3742);
#3744=IFCDIRECTION((0.,0.,1.));
#3745=IFCEXTRUDEDAREASOLID(#3739,#3743,#3744,0.02);
#3746=IFCSHAPEREPRESENTATION(#12,'Body','SweptSolid',(#3745));
#3747=IFCPRODUCTDEFINITIONSHAPE($,$,(#3746));
#3748=IFCSTYLEDITEM(#3745,(#59),'Porcelanato');
#3749=IFCCARTESIANPOINT((0.075,13.575,0.));
#3750=IFCDIRECTION((0.,0.,1.));
#3751=IFCDIRECTION((1.,0.,0.));
#3752=IFCAXIS2PLACEMENT3D(#3749,#3750,#3751);
#3753=IFCLOCALPLACEMENT(#33,#3752);
#3754=IFCCOVERING('000DIX001008000000003T',$,'Piso: WC',$,$,#3776,#3770,$,.FLOORING.);
#3760=IFCCARTESIANPOINTLIST2D(((0.,0.),(3.8500000000000005,0.),(3.8500000000000005,2.3500000000000014),(0.,2.3500000000000014)));
#3761=IFCINDEXEDPOLYCURVE(#3760,(IFCLINEINDEX((1,2,3,4,1))),$);
#3762=IFCARBITRARYCLOSEDPROFILEDEF(.AREA.,$,#3761);
#3763=IFCCARTESIANPOINT((0.,0.,0.));
#3764=IFCDIRECTION((0.,0.,1.));
#3765=IFCDIRECTION((1.,0.,0.));
#3766=IFCAXIS2PLACEMENT3D(#3763,#3764,#3765);
#3767=IFCDIRECTION((0.,0.,1.));
#3768=IFCEXTRUDEDAREASOLID(#3762,#3766,#3767,0.02);
#3769=IFCSHAPEREPRESENTATION(#12,'Body','SweptSolid',(#3768));
#3770=IFCPRODUCTDEFINITIONSHAPE($,$,(#3769));
#3771=IFCSTYLEDITEM(#3768,(#59),'Porcelanato');
#3772=IFCCARTESIANPOINT((6.075,13.575,0.));
#3773=IFCDIRECTION((0.,0.,1.));
#3774=IFCDIRECTION((1.,0.,0.));
#3775=IFCAXIS2PLACEMENT3D(#3772,#3773,#3774);
#3776=IFCLOCALPLACEMENT(#33,#3775);
#3777=IFCCOVERING('000DIX001008000000003U',$,'Piso: Servi\X2\00E7\X0\o',$,$,#3799,#3793,$,.FLOORING.);
#3783=IFCCARTESIANPOINTLIST2D(((0.,0.),(3.8500000000000005,0.),(3.8500000000000005,1.8500000000000014),(0.,1.8500000000000014)));
#3784=IFCINDEXEDPOLYCURVE(#3783,(IFCLINEINDEX((1,2,3,4,1))),$);
#3785=IFCARBITRARYCLOSEDPROFILEDEF(.AREA.,$,#3784);
#3786=IFCCARTESIANPOINT((0.,0.,0.));
#3787=IFCDIRECTION((0.,0.,1.));
#3788=IFCDIRECTION((1.,0.,0.));
#3789=IFCAXIS2PLACEMENT3D(#3786,#3787,#3788);
#3790=IFCDIRECTION((0.,0.,1.));
#3791=IFCEXTRUDEDAREASOLID(#3785,#3789,#3790,0.02);
#3792=IFCSHAPEREPRESENTATION(#12,'Body','SweptSolid',(#3791));
#3793=IFCPRODUCTDEFINITIONSHAPE($,$,(#3792));
#3794=IFCSTYLEDITEM(#3791,(#59),'Porcelanato');
#3795=IFCCARTESIANPOINT((6.075,16.075,0.));
#3796=IFCDIRECTION((0.,0.,1.));
#3797=IFCDIRECTION((1.,0.,0.));
#3798=IFCAXIS2PLACEMENT3D(#3795,#3796,#3797);
#3799=IFCLOCALPLACEMENT(#33,#3798);
#3800=IFCSANITARYTERMINAL('000DIX001008000000003V',$,'Bacia sanit\X2\00E1\X0\ria, banho oeste',$,$,#3823,#3816,$,.TOILETPAN.);
#3806=IFCCARTESIANPOINTLIST2D(((0.,0.),(0.6000000000000001,0.),(0.6000000000000001,0.40000000000000036),(0.,0.40000000000000036)));
#3807=IFCINDEXEDPOLYCURVE(#3806,(IFCLINEINDEX((1,2,3,4,1))),$);
#3808=IFCARBITRARYCLOSEDPROFILEDEF(.AREA.,$,#3807);
#3809=IFCCARTESIANPOINT((0.,0.,0.));
#3810=IFCDIRECTION((0.,0.,1.));
#3811=IFCDIRECTION((1.,0.,0.));
#3812=IFCAXIS2PLACEMENT3D(#3809,#3810,#3811);
#3813=IFCDIRECTION((0.,0.,1.));
#3814=IFCEXTRUDEDAREASOLID(#3808,#3812,#3813,0.42);
#3815=IFCSHAPEREPRESENTATION(#12,'Body','SweptSolid',(#3814));
#3816=IFCPRODUCTDEFINITIONSHAPE($,$,(#3815));
#3817=IFCSTYLEDITEM(#3814,(#63),'Lou\X2\00E7\X0\a sanit\X2\00E1\X0\ria');
#3818=IFCRELASSOCIATESMATERIAL('000DIX001008000000003W',$,$,$,(#3847,#3893,#3870,#3916,#3824,#3962,#3800,#3939),#62);
#3819=IFCCARTESIANPOINT((0.3,6.3,0.));
#3820=IFCDIRECTION((0.,0.,1.));
#3821=IFCDIRECTION((1.,0.,0.));
#3822=IFCAXIS2PLACEMENT3D(#3819,#3820,#3821);
#3823=IFCLOCALPLACEMENT(#33,#3822);
#3824=IFCSANITARYTERMINAL('000DIX001008000000003X',$,'Lavat\X2\00F3\X0\rio, banho oeste',$,$,#3846,#3840,$,.WASHHANDBASIN.);
#3830=IFCCARTESIANPOINTLIST2D(((0.,0.),(0.6000000000000001,0.),(0.6000000000000001,0.4500000000000002),(0.,0.4500000000000002)));
#3831=IFCINDEXEDPOLYCURVE(#3830,(IFCLINEINDEX((1,2,3,4,1))),$);
#3832=IFCARBITRARYCLOSEDPROFILEDEF(.AREA.,$,#3831);
#3833=IFCCARTESIANPOINT((0.,0.,0.));
#3834=IFCDIRECTION((0.,0.,1.));
#3835=IFCDIRECTION((1.,0.,0.));
#3836=IFCAXIS2PLACEMENT3D(#3833,#3834,#3835);
#3837=IFCDIRECTION((0.,0.,1.));
#3838=IFCEXTRUDEDAREASOLID(#3832,#3836,#3837,0.09999999999999998);
#3839=IFCSHAPEREPRESENTATION(#12,'Body','SweptSolid',(#3838));
#3840=IFCPRODUCTDEFINITIONSHAPE($,$,(#3839));
#3841=IFCSTYLEDITEM(#3838,(#63),'Lou\X2\00E7\X0\a sanit\X2\00E1\X0\ria');
#3842=IFCCARTESIANPOINT((2.8,5.2,0.78));
#3843=IFCDIRECTION((0.,0.,1.));
#3844=IFCDIRECTION((1.,0.,0.));
#3845=IFCAXIS2PLACEMENT3D(#3842,#3843,#3844);
#3846=IFCLOCALPLACEMENT(#33,#3845);
#3847=IFCSANITARYTERMINAL('000DIX001008000000003Y',$,'Bacia sanit\X2\00E1\X0\ria, banho leste',$,$,#3869,#3863,$,.TOILETPAN.);
#3853=IFCCARTESIANPOINTLIST2D(((0.,0.),(0.5999999999999996,0.),(0.5999999999999996,0.40000000000000036),(0.,0.40000000000000036)));
#3854=IFCINDEXEDPOLYCURVE(#3853,(IFCLINEINDEX((1,2,3,4,1))),$);
#3855=IFCARBITRARYCLOSEDPROFILEDEF(.AREA.,$,#3854);
#3856=IFCCARTESIANPOINT((0.,0.,0.));
#3857=IFCDIRECTION((0.,0.,1.));
#3858=IFCDIRECTION((1.,0.,0.));
#3859=IFCAXIS2PLACEMENT3D(#3856,#3857,#3858);
#3860=IFCDIRECTION((0.,0.,1.));
#3861=IFCEXTRUDEDAREASOLID(#3855,#3859,#3860,0.42);
#3862=IFCSHAPEREPRESENTATION(#12,'Body','SweptSolid',(#3861));
#3863=IFCPRODUCTDEFINITIONSHAPE($,$,(#3862));
#3864=IFCSTYLEDITEM(#3861,(#63),'Lou\X2\00E7\X0\a sanit\X2\00E1\X0\ria');
#3865=IFCCARTESIANPOINT((9.1,6.3,0.));
#3866=IFCDIRECTION((0.,0.,1.));
#3867=IFCDIRECTION((1.,0.,0.));
#3868=IFCAXIS2PLACEMENT3D(#3865,#3866,#3867);
#3869=IFCLOCALPLACEMENT(#33,#3868);
#3870=IFCSANITARYTERMINAL('000DIX001008000000003Z',$,'Lavat\X2\00F3\X0\rio, banho leste',$,$,#3892,#3886,$,.WASHHANDBASIN.);
#3876=IFCCARTESIANPOINTLIST2D(((0.,0.),(0.6000000000000005,0.),(0.6000000000000005,0.4500000000000002),(0.,0.4500000000000002)));
#3877=IFCINDEXEDPOLYCURVE(#3876,(IFCLINEINDEX((1,2,3,4,1))),$);
#3878=IFCARBITRARYCLOSEDPROFILEDEF(.AREA.,$,#3877);
#3879=IFCCARTESIANPOINT((0.,0.,0.));
#3880=IFCDIRECTION((0.,0.,1.));
#3881=IFCDIRECTION((1.,0.,0.));
#3882=IFCAXIS2PLACEMENT3D(#3879,#3880,#3881);
#3883=IFCDIRECTION((0.,0.,1.));
#3884=IFCEXTRUDEDAREASOLID(#3878,#3882,#3883,0.09999999999999998);
#3885=IFCSHAPEREPRESENTATION(#12,'Body','SweptSolid',(#3884));
#3886=IFCPRODUCTDEFINITIONSHAPE($,$,(#3885));
#3887=IFCSTYLEDITEM(#3884,(#63),'Lou\X2\00E7\X0\a sanit\X2\00E1\X0\ria');
#3888=IFCCARTESIANPOINT((6.6,5.2,0.78));
#3889=IFCDIRECTION((0.,0.,1.));
#3890=IFCDIRECTION((1.,0.,0.));
#3891=IFCAXIS2PLACEMENT3D(#3888,#3889,#3890);
#3892=IFCLOCALPLACEMENT(#33,#3891);
#3893=IFCSANITARYTERMINAL('000DIX001008000000003a',$,'Bacia sanit\X2\00E1\X0\ria, WC',$,$,#3915,#3909,$,.TOILETPAN.);
#3899=IFCCARTESIANPOINTLIST2D(((0.,0.),(0.5999999999999996,0.),(0.5999999999999996,0.40000000000000036),(0.,0.40000000000000036)));
#3900=IFCINDEXEDPOLYCURVE(#3899,(IFCLINEINDEX((1,2,3,4,1))),$);
#3901=IFCARBITRARYCLOSEDPROFILEDEF(.AREA.,$,#3900);
#3902=IFCCARTESIANPOINT((0.,0.,0.));
#3903=IFCDIRECTION((0.,0.,1.));
#3904=IFCDIRECTION((1.,0.,0.));
#3905=IFCAXIS2PLACEMENT3D(#3902,#3903,#3904);
#3906=IFCDIRECTION((0.,0.,1.));
#3907=IFCEXTRUDEDAREASOLID(#3901,#3905,#3906,0.42);
#3908=IFCSHAPEREPRESENTATION(#12,'Body','SweptSolid',(#3907));
#3909=IFCPRODUCTDEFINITIONSHAPE($,$,(#3908));
#3910=IFCSTYLEDITEM(#3907,(#63),'Lou\X2\00E7\X0\a sanit\X2\00E1\X0\ria');
#3911=IFCCARTESIANPOINT((9.1,14.4,0.));
#3912=IFCDIRECTION((0.,0.,1.));
#3913=IFCDIRECTION((1.,0.,0.));
#3914=IFCAXIS2PLACEMENT3D(#3911,#3912,#3913);
#3915=IFCLOCALPLACEMENT(#33,#3914);
#3916=IFCSANITARYTERMINAL('000DIX001008000000003b',$,'Lavat\X2\00F3\X0\rio, WC',$,$,#3938,#3932,$,.WASHHANDBASIN.);
#3922=IFCCARTESIANPOINTLIST2D(((0.,0.),(0.5999999999999996,0.),(0.5999999999999996,0.4499999999999993),(0.,0.4499999999999993)));
#3923=IFCINDEXEDPOLYCURVE(#3922,(IFCLINEINDEX((1,2,3,4,1))),$);
#3924=IFCARBITRARYCLOSEDPROFILEDEF(.AREA.,$,#3923);
#3925=IFCCARTESIANPOINT((0.,0.,0.));
#3926=IFCDIRECTION((0.,0.,1.));
#3927=IFCDIRECTION((1.,0.,0.));
#3928=IFCAXIS2PLACEMENT3D(#3925,#3926,#3927);
#3929=IFCDIRECTION((0.,0.,1.));
#3930=IFCEXTRUDEDAREASOLID(#3924,#3928,#3929,0.09999999999999998);
#3931=IFCSHAPEREPRESENTATION(#12,'Body','SweptSolid',(#3930));
#3932=IFCPRODUCTDEFINITIONSHAPE($,$,(#3931));
#3933=IFCSTYLEDITEM(#3930,(#63),'Lou\X2\00E7\X0\a sanit\X2\00E1\X0\ria');
#3934=IFCCARTESIANPOINT((7.,15.3,0.78));
#3935=IFCDIRECTION((0.,0.,1.));
#3936=IFCDIRECTION((1.,0.,0.));
#3937=IFCAXIS2PLACEMENT3D(#3934,#3935,#3936);
#3938=IFCLOCALPLACEMENT(#33,#3937);
#3939=IFCSANITARYTERMINAL('000DIX001008000000003c',$,'Pia da cozinha',$,$,#3961,#3955,$,.SINK.);
#3945=IFCCARTESIANPOINTLIST2D(((0.,0.),(0.55,0.),(0.55,1.8000000000000007),(0.,1.8000000000000007)));
#3946=IFCINDEXEDPOLYCURVE(#3945,(IFCLINEINDEX((1,2,3,4,1))),$);
#3947=IFCARBITRARYCLOSEDPROFILEDEF(.AREA.,$,#3946);
#3948=IFCCARTESIANPOINT((0.,0.,0.));
#3949=IFCDIRECTION((0.,0.,1.));
#3950=IFCDIRECTION((1.,0.,0.));
#3951=IFCAXIS2PLACEMENT3D(#3948,#3949,#3950);
#3952=IFCDIRECTION((0.,0.,1.));
#3953=IFCEXTRUDEDAREASOLID(#3947,#3951,#3952,0.07000000000000006);
#3954=IFCSHAPEREPRESENTATION(#12,'Body','SweptSolid',(#3953));
#3955=IFCPRODUCTDEFINITIONSHAPE($,$,(#3954));
#3956=IFCSTYLEDITEM(#3953,(#63),'Lou\X2\00E7\X0\a sanit\X2\00E1\X0\ria');
#3957=IFCCARTESIANPOINT((0.2,15.,0.85));
#3958=IFCDIRECTION((0.,0.,1.));
#3959=IFCDIRECTION((1.,0.,0.));
#3960=IFCAXIS2PLACEMENT3D(#3957,#3958,#3959);
#3961=IFCLOCALPLACEMENT(#33,#3960);
#3962=IFCSANITARYTERMINAL('000DIX001008000000003d',$,'Tanque',$,$,#3984,#3978,$,.SINK.);
#3968=IFCCARTESIANPOINTLIST2D(((0.,0.),(0.5500000000000007,0.),(0.5500000000000007,0.6000000000000014),(0.,0.6000000000000014)));
#3969=IFCINDEXEDPOLYCURVE(#3968,(IFCLINEINDEX((1,2,3,4,1))),$);
#3970=IFCARBITRARYCLOSEDPROFILEDEF(.AREA.,$,#3969);
#3971=IFCCARTESIANPOINT((0.,0.,0.));
#3972=IFCDIRECTION((0.,0.,1.));
#3973=IFCDIRECTION((1.,0.,0.));
#3974=IFCAXIS2PLACEMENT3D(#3971,#3972,#3973);
#3975=IFCDIRECTION((0.,0.,1.));
#3976=IFCEXTRUDEDAREASOLID(#3970,#3974,#3975,0.19999999999999996);
#3977=IFCSHAPEREPRESENTATION(#12,'Body','SweptSolid',(#3976));
#3978=IFCPRODUCTDEFINITIONSHAPE($,$,(#3977));
#3979=IFCSTYLEDITEM(#3976,(#63),'Lou\X2\00E7\X0\a sanit\X2\00E1\X0\ria');
#3980=IFCCARTESIANPOINT((9.25,17.,0.75));
#3981=IFCDIRECTION((0.,0.,1.));
#3982=IFCDIRECTION((1.,0.,0.));
#3983=IFCAXIS2PLACEMENT3D(#3980,#3981,#3982);
#3984=IFCLOCALPLACEMENT(#33,#3983);
#3985=IFCGEOGRAPHICELEMENT('000DIX001008000000003e',$,'Gramado frontal',$,'PAISAGISMO',#4008,#4001,$,.USERDEFINED.);
#3991=IFCCARTESIANPOINTLIST2D(((0.,0.),(13.3,0.),(13.3,4.4),(0.,4.4)));
#3992=IFCINDEXEDPOLYCURVE(#3991,(IFCLINEINDEX((1,2,3,4,1))),$);
#3993=IFCARBITRARYCLOSEDPROFILEDEF(.AREA.,$,#3992);
#3994=IFCCARTESIANPOINT((0.,0.,0.));
#3995=IFCDIRECTION((0.,0.,1.));
#3996=IFCDIRECTION((1.,0.,0.));
#3997=IFCAXIS2PLACEMENT3D(#3994,#3995,#3996);
#3998=IFCDIRECTION((0.,0.,1.));
#3999=IFCEXTRUDEDAREASOLID(#3993,#3997,#3998,0.05);
#4000=IFCSHAPEREPRESENTATION(#12,'Body','SweptSolid',(#3999));
#4001=IFCPRODUCTDEFINITIONSHAPE($,$,(#4000));
#4002=IFCSTYLEDITEM(#3999,(#79),'Grama');
#4003=IFCRELASSOCIATESMATERIAL('000DIX001008000000003f',$,$,$,(#3985,#4009),#78);
#4004=IFCCARTESIANPOINT((-1.65,-5.,-0.1));
#4005=IFCDIRECTION((0.,0.,1.));
#4006=IFCDIRECTION((1.,0.,0.));
#4007=IFCAXIS2PLACEMENT3D(#4004,#4005,#4006);
#4008=IFCLOCALPLACEMENT(#23,#4007);
#4009=IFCGEOGRAPHICELEMENT('000DIX001008000000003g',$,'Gramado do quintal',$,'PAISAGISMO',#4031,#4025,$,.USERDEFINED.);
#4015=IFCCARTESIANPOINTLIST2D(((0.,0.),(13.3,0.),(13.3,6.399999999999999),(0.,6.399999999999999)));
#4016=IFCINDEXEDPOLYCURVE(#4015,(IFCLINEINDEX((1,2,3,4,1))),$);
#4017=IFCARBITRARYCLOSEDPROFILEDEF(.AREA.,$,#4016);
#4018=IFCCARTESIANPOINT((0.,0.,0.));
#4019=IFCDIRECTION((0.,0.,1.));
#4020=IFCDIRECTION((1.,0.,0.));
#4021=IFCAXIS2PLACEMENT3D(#4018,#4019,#4020);
#4022=IFCDIRECTION((0.,0.,1.));
#4023=IFCEXTRUDEDAREASOLID(#4017,#4021,#4022,0.05);
#4024=IFCSHAPEREPRESENTATION(#12,'Body','SweptSolid',(#4023));
#4025=IFCPRODUCTDEFINITIONSHAPE($,$,(#4024));
#4026=IFCSTYLEDITEM(#4023,(#79),'Grama');
#4027=IFCCARTESIANPOINT((-1.65,18.6,-0.1));
#4028=IFCDIRECTION((0.,0.,1.));
#4029=IFCDIRECTION((1.,0.,0.));
#4030=IFCAXIS2PLACEMENT3D(#4027,#4028,#4029);
#4031=IFCLOCALPLACEMENT(#23,#4030);
#4032=IFCGEOGRAPHICELEMENT('000DIX001008000000003h',$,'\X2\00C1\X0\rvore 1',$,'PAISAGISMO',#4065,#4057,$,.USERDEFINED.);
#4038=IFCCARTESIANPOINTLIST2D(((0.88,0.879999999999999),(1.12,0.879999999999999),(1.12,1.120000000000001),(0.88,1.120000000000001)));
#4039=IFCINDEXEDPOLYCURVE(#4038,(IFCLINEINDEX((1,2,3,4,1))),$);
#4040=IFCARBITRARYCLOSEDPROFILEDEF(.AREA.,$,#4039);
#4041=IFCCARTESIANPOINT((0.,0.,0.));
#4042=IFCDIRECTION((0.,0.,1.));
#4043=IFCDIRECTION((1.,0.,0.));
#4044=IFCAXIS2PLACEMENT3D(#4041,#4042,#4043);
#4045=IFCDIRECTION((0.,0.,1.));
#4046=IFCEXTRUDEDAREASOLID(#4040,#4044,#4045,2.25);
#4047=IFCCARTESIANPOINTLIST2D(((0.,0.),(2.,0.),(2.,2.),(0.,2.)));
#4048=IFCINDEXEDPOLYCURVE(#4047,(IFCLINEINDEX((1,2,3,4,1))),$);
#4049=IFCARBITRARYCLOSEDPROFILEDEF(.AREA.,$,#4048);
#4050=IFCCARTESIANPOINT((0.,0.,2.25));
#4051=IFCDIRECTION((0.,0.,1.));
#4052=IFCDIRECTION((1.,0.,0.));
#4053=IFCAXIS2PLACEMENT3D(#4050,#4051,#4052);
#4054=IFCDIRECTION((0.,0.,1.));
#4055=IFCEXTRUDEDAREASOLID(#4049,#4053,#4054,1.7999999999999998);
#4056=IFCSHAPEREPRESENTATION(#12,'Body','SweptSolid',(#4046,#4055));
#4057=IFCPRODUCTDEFINITIONSHAPE($,$,(#4056));
#4058=IFCSTYLEDITEM(#4046,(#83),'Copa de \X2\00E1\X0\rvore');
#4059=IFCSTYLEDITEM(#4055,(#83),'Copa de \X2\00E1\X0\rvore');
#4060=IFCRELASSOCIATESMATERIAL('000DIX001008000000003i',$,$,$,(#4099,#4032,#4066),#82);
#4061=IFCCARTESIANPOINT((-1.8,20.5,-0.05));
#4062=IFCDIRECTION((0.,0.,1.));
#4063=IFCDIRECTION((1.,0.,0.));
#4064=IFCAXIS2PLACEMENT3D(#4061,#4062,#4063);
#4065=IFCLOCALPLACEMENT(#23,#4064);
#4066=IFCGEOGRAPHICELEMENT('000DIX001008000000003j',$,'\X2\00C1\X0\rvore 2',$,'PAISAGISMO',#4098,#4091,$,.USERDEFINED.);
#4072=IFCCARTESIANPOINTLIST2D(((0.8799999999999999,0.879999999999999),(1.12,0.879999999999999),(1.12,1.120000000000001),(0.8799999999999999,1.120000000000001)));
#4073=IFCINDEXEDPOLYCURVE(#4072,(IFCLINEINDEX((1,2,3,4,1))),$);
#4074=IFCARBITRARYCLOSEDPROFILEDEF(.AREA.,$,#4073);
#4075=IFCCARTESIANPOINT((0.,0.,0.));
#4076=IFCDIRECTION((0.,0.,1.));
#4077=IFCDIRECTION((1.,0.,0.));
#4078=IFCAXIS2PLACEMENT3D(#4075,#4076,#4077);
#4079=IFCDIRECTION((0.,0.,1.));
#4080=IFCEXTRUDEDAREASOLID(#4074,#4078,#4079,2.25);
#4081=IFCCARTESIANPOINTLIST2D(((0.,0.),(2.,0.),(2.,2.),(0.,2.)));
#4082=IFCINDEXEDPOLYCURVE(#4081,(IFCLINEINDEX((1,2,3,4,1))),$);
#4083=IFCARBITRARYCLOSEDPROFILEDEF(.AREA.,$,#4082);
#4084=IFCCARTESIANPOINT((0.,0.,2.25));
#4085=IFCDIRECTION((0.,0.,1.));
#4086=IFCDIRECTION((1.,0.,0.));
#4087=IFCAXIS2PLACEMENT3D(#4084,#4085,#4086);
#4088=IFCDIRECTION((0.,0.,1.));
#4089=IFCEXTRUDEDAREASOLID(#4083,#4087,#4088,1.7999999999999998);
#4090=IFCSHAPEREPRESENTATION(#12,'Body','SweptSolid',(#4080,#4089));
#4091=IFCPRODUCTDEFINITIONSHAPE($,$,(#4090));
#4092=IFCSTYLEDITEM(#4080,(#83),'Copa de \X2\00E1\X0\rvore');
#4093=IFCSTYLEDITEM(#4089,(#83),'Copa de \X2\00E1\X0\rvore');
#4094=IFCCARTESIANPOINT((4.,22.,-0.05));
#4095=IFCDIRECTION((0.,0.,1.));
#4096=IFCDIRECTION((1.,0.,0.));
#4097=IFCAXIS2PLACEMENT3D(#4094,#4095,#4096);
#4098=IFCLOCALPLACEMENT(#23,#4097);
#4099=IFCGEOGRAPHICELEMENT('000DIX001008000000003k',$,'\X2\00C1\X0\rvore 3',$,'PAISAGISMO',#4131,#4124,$,.USERDEFINED.);
#4105=IFCCARTESIANPOINTLIST2D(((0.8800000000000008,0.879999999999999),(1.1199999999999992,0.879999999999999),(1.1199999999999992,1.120000000000001),(0.8800000000000008,1.120000000000001)));
#4106=IFCINDEXEDPOLYCURVE(#4105,(IFCLINEINDEX((1,2,3,4,1))),$);
#4107=IFCARBITRARYCLOSEDPROFILEDEF(.AREA.,$,#4106);
#4108=IFCCARTESIANPOINT((0.,0.,0.));
#4109=IFCDIRECTION((0.,0.,1.));
#4110=IFCDIRECTION((1.,0.,0.));
#4111=IFCAXIS2PLACEMENT3D(#4108,#4109,#4110);
#4112=IFCDIRECTION((0.,0.,1.));
#4113=IFCEXTRUDEDAREASOLID(#4107,#4111,#4112,2.25);
#4114=IFCCARTESIANPOINTLIST2D(((0.,0.),(2.,0.),(2.,2.),(0.,2.)));
#4115=IFCINDEXEDPOLYCURVE(#4114,(IFCLINEINDEX((1,2,3,4,1))),$);
#4116=IFCARBITRARYCLOSEDPROFILEDEF(.AREA.,$,#4115);
#4117=IFCCARTESIANPOINT((0.,0.,2.25));
#4118=IFCDIRECTION((0.,0.,1.));
#4119=IFCDIRECTION((1.,0.,0.));
#4120=IFCAXIS2PLACEMENT3D(#4117,#4118,#4119);
#4121=IFCDIRECTION((0.,0.,1.));
#4122=IFCEXTRUDEDAREASOLID(#4116,#4120,#4121,1.7999999999999998);
#4123=IFCSHAPEREPRESENTATION(#12,'Body','SweptSolid',(#4113,#4122));
#4124=IFCPRODUCTDEFINITIONSHAPE($,$,(#4123));
#4125=IFCSTYLEDITEM(#4113,(#83),'Copa de \X2\00E1\X0\rvore');
#4126=IFCSTYLEDITEM(#4122,(#83),'Copa de \X2\00E1\X0\rvore');
#4127=IFCCARTESIANPOINT((9.8,20.5,-0.05));
#4128=IFCDIRECTION((0.,0.,1.));
#4129=IFCDIRECTION((1.,0.,0.));
#4130=IFCAXIS2PLACEMENT3D(#4127,#4128,#4129);
#4131=IFCLOCALPLACEMENT(#23,#4130);
#4132=IFCFURNITURE('000DIX001008000000003l',$,'Sof\X2\00E1\X0\ da sala',$,$,#4185,#4175,$,.SOFA.);
#4138=IFCCARTESIANPOINTLIST2D(((0.,0.),(2.3999999999999995,0.),(2.3999999999999995,0.8999999999999995),(0.,0.8999999999999995)));
#4139=IFCINDEXEDPOLYCURVE(#4138,(IFCLINEINDEX((1,2,3,4,1))),$);
#4140=IFCARBITRARYCLOSEDPROFILEDEF(.AREA.,$,#4139);
#4141=IFCCARTESIANPOINT((0.,0.,0.));
#4142=IFCDIRECTION((0.,0.,1.));
#4143=IFCDIRECTION((1.,0.,0.));
#4144=IFCAXIS2PLACEMENT3D(#4141,#4142,#4143);
#4145=IFCDIRECTION((0.,0.,1.));
#4146=IFCEXTRUDEDAREASOLID(#4140,#4144,#4145,0.42);
#4147=IFCCARTESIANPOINTLIST2D(((0.,0.),(2.3999999999999995,0.),(2.3999999999999995,0.20000000000000018),(0.,0.20000000000000018)));
#4148=IFCINDEXEDPOLYCURVE(#4147,(IFCLINEINDEX((1,2,3,4,1))),$);
#4149=IFCARBITRARYCLOSEDPROFILEDEF(.AREA.,$,#4148);
#4150=IFCCARTESIANPOINT((0.,0.,0.));
#4151=IFCDIRECTION((0.,0.,1.));
#4152=IFCDIRECTION((1.,0.,0.));
#4153=IFCAXIS2PLACEMENT3D(#4150,#4151,#4152);
#4154=IFCDIRECTION((0.,0.,1.));
#4155=IFCEXTRUDEDAREASOLID(#4149,#4153,#4154,0.85);
#4156=IFCCARTESIANPOINTLIST2D(((0.,0.),(0.20000000000000018,0.),(0.20000000000000018,0.8999999999999995),(0.,0.8999999999999995)));
#4157=IFCINDEXEDPOLYCURVE(#4156,(IFCLINEINDEX((1,2,3,4,1))),$);
#4158=IFCARBITRARYCLOSEDPROFILEDEF(.AREA.,$,#4157);
#4159=IFCCARTESIANPOINT((0.,0.,0.));
#4160=IFCDIRECTION((0.,0.,1.));
#4161=IFCDIRECTION((1.,0.,0.));
#4162=IFCAXIS2PLACEMENT3D(#4159,#4160,#4161);
#4163=IFCDIRECTION((0.,0.,1.));
#4164=IFCEXTRUDEDAREASOLID(#4158,#4162,#4163,0.62);
#4165=IFCCARTESIANPOINTLIST2D(((2.2,0.),(2.3999999999999995,0.),(2.3999999999999995,0.8999999999999995),(2.2,0.8999999999999995)));
#4166=IFCINDEXEDPOLYCURVE(#4165,(IFCLINEINDEX((1,2,3,4,1))),$);
#4167=IFCARBITRARYCLOSEDPROFILEDEF(.AREA.,$,#4166);
#4168=IFCCARTESIANPOINT((0.,0.,0.));
#4169=IFCDIRECTION((0.,0.,1.));
#4170=IFCDIRECTION((1.,0.,0.));
#4171=IFCAXIS2PLACEMENT3D(#4168,#4169,#4170);
#4172=IFCDIRECTION((0.,0.,1.));
#4173=IFCEXTRUDEDAREASOLID(#4167,#4171,#4172,0.62);
#4174=IFCSHAPEREPRESENTATION(#12,'Body','SweptSolid',(#4146,#4155,#4164,#4173));
#4175=IFCPRODUCTDEFINITIONSHAPE($,$,(#4174));
#4176=IFCSTYLEDITEM(#4146,(#91),'Tecido');
#4177=IFCSTYLEDITEM(#4155,(#91),'Tecido');
#4178=IFCSTYLEDITEM(#4164,(#91),'Tecido');
#4179=IFCSTYLEDITEM(#4173,(#91),'Tecido');
#4180=IFCRELASSOCIATESMATERIAL('000DIX001008000000003m',$,$,$,(#4132,#4767,#4866),#90);
#4181=IFCCARTESIANPOINT((6.3,7.7,0.02));
#4182=IFCDIRECTION((0.,0.,1.));
#4183=IFCDIRECTION((1.,0.,0.));
#4184=IFCAXIS2PLACEMENT3D(#4181,#4182,#4183);
#4185=IFCLOCALPLACEMENT(#33,#4184);
#4186=IFCFURNITURE('000DIX001008000000003n',$,'Tapete da sala',$,$,#4209,#4202,$,.USERDEFINED.);
#4192=IFCCARTESIANPOINTLIST2D(((0.,0.),(2.6000000000000005,0.),(2.6000000000000005,2.6999999999999993),(0.,2.6999999999999993)));
#4193=IFCINDEXEDPOLYCURVE(#4192,(IFCLINEINDEX((1,2,3,4,1))),$);
#4194=IFCARBITRARYCLOSEDPROFILEDEF(.AREA.,$,#4193);
#4195=IFCCARTESIANPOINT((0.,0.,0.));
#4196=IFCDIRECTION((0.,0.,1.));
#4197=IFCDIRECTION((1.,0.,0.));
#4198=IFCAXIS2PLACEMENT3D(#4195,#4196,#4197);
#4199=IFCDIRECTION((0.,0.,1.));
#4200=IFCEXTRUDEDAREASOLID(#4194,#4198,#4199,0.010000000000000002);
#4201=IFCSHAPEREPRESENTATION(#12,'Body','SweptSolid',(#4200));
#4202=IFCPRODUCTDEFINITIONSHAPE($,$,(#4201));
#4203=IFCSTYLEDITEM(#4200,(#95),'Tecido claro');
#4204=IFCRELASSOCIATESMATERIAL('000DIX001008000000003o',$,$,$,(#4724,#4823,#4186),#94);
#4205=IFCCARTESIANPOINT((6.2,8.9,0.04));
#4206=IFCDIRECTION((0.,0.,1.));
#4207=IFCDIRECTION((1.,0.,0.));
#4208=IFCAXIS2PLACEMENT3D(#4205,#4206,#4207);
#4209=IFCLOCALPLACEMENT(#33,#4208);
#4210=IFCFURNITURE('000DIX001008000000003p',$,'Mesa de centro',$,$,#4272,#4262,$,.TABLE.);
#4216=IFCCARTESIANPOINTLIST2D(((0.,0.),(1.1999999999999993,0.),(1.1999999999999993,0.5999999999999996),(0.,0.5999999999999996)));
#4217=IFCINDEXEDPOLYCURVE(#4216,(IFCLINEINDEX((1,2,3,4,1))),$);
#4218=IFCARBITRARYCLOSEDPROFILEDEF(.AREA.,$,#4217);
#4219=IFCCARTESIANPOINT((0.,0.,0.38));
#4220=IFCDIRECTION((0.,0.,1.));
#4221=IFCDIRECTION((1.,0.,0.));
#4222=IFCAXIS2PLACEMENT3D(#4219,#4220,#4221);
#4223=IFCDIRECTION((0.,0.,1.));
#4224=IFCEXTRUDEDAREASOLID(#4218,#4222,#4223,0.03999999999999998);
#4225=IFCCARTESIANPOINTLIST2D(((0.040000000000000036,0.03999999999999915),(0.09999999999999964,0.03999999999999915),(0.09999999999999964,0.09999999999999964),(0.040000000000000036,0.09999999999999964)));
#4226=IFCINDEXEDPOLYCURVE(#4225,(IFCLINEINDEX((1,2,3,4,1))),$);
#4227=IFCARBITRARYCLOSEDPROFILEDEF(.AREA.,$,#4226);
#4228=IFCCARTESIANPOINT((0.,0.,0.));
#4229=IFCDIRECTION((0.,0.,1.));
#4230=IFCDIRECTION((1.,0.,0.));
#4231=IFCAXIS2PLACEMENT3D(#4228,#4229,#4230);
#4232=IFCDIRECTION((0.,0.,1.));
#4233=IFCEXTRUDEDAREASOLID(#4227,#4231,#4232,0.38);
#4234=IFCCARTESIANPOINTLIST2D(((0.040000000000000036,0.5),(0.09999999999999964,0.5),(0.09999999999999964,0.5600000000000005),(0.040000000000000036,0.5600000000000005)));
#4235=IFCINDEXEDPOLYCURVE(#4234,(IFCLINEINDEX((1,2,3,4,1))),$);
#4236=IFCARBITRARYCLOSEDPROFILEDEF(.AREA.,$,#4235);
#4237=IFCCARTESIANPOINT((0.,0.,0.));
#4238=IFCDIRECTION((0.,0.,1.));
#4239=IFCDIRECTION((1.,0.,0.));
#4240=IFCAXIS2PLACEMENT3D(#4237,#4238,#4239);
#4241=IFCDIRECTION((0.,0.,1.));
#4242=IFCEXTRUDEDAREASOLID(#4236,#4240,#4241,0.38);
#4243=IFCCARTESIANPOINTLIST2D(((1.0999999999999996,0.03999999999999915),(1.1600000000000001,0.03999999999999915),(1.1600000000000001,0.09999999999999964),(1.0999999999999996,0.09999999999999964)));
#4244=IFCINDEXEDPOLYCURVE(#4243,(IFCLINEINDEX((1,2,3,4,1))),$);
#4245=IFCARBITRARYCLOSEDPROFILEDEF(.AREA.,$,#4244);
#4246=IFCCARTESIANPOINT((0.,0.,0.));
#4247=IFCDIRECTION((0.,0.,1.));
#4248=IFCDIRECTION((1.,0.,0.));
#4249=IFCAXIS2PLACEMENT3D(#4246,#4247,#4248);
#4250=IFCDIRECTION((0.,0.,1.));
#4251=IFCEXTRUDEDAREASOLID(#4245,#4249,#4250,0.38);
#4252=IFCCARTESIANPOINTLIST2D(((1.0999999999999996,0.5),(1.1600000000000001,0.5),(1.1600000000000001,0.5600000000000005),(1.0999999999999996,0.5600000000000005)));
#4253=IFCINDEXEDPOLYCURVE(#4252,(IFCLINEINDEX((1,2,3,4,1))),$);
#4254=IFCARBITRARYCLOSEDPROFILEDEF(.AREA.,$,#4253);
#4255=IFCCARTESIANPOINT((0.,0.,0.));
#4256=IFCDIRECTION((0.,0.,1.));
#4257=IFCDIRECTION((1.,0.,0.));
#4258=IFCAXIS2PLACEMENT3D(#4255,#4256,#4257);
#4259=IFCDIRECTION((0.,0.,1.));
#4260=IFCEXTRUDEDAREASOLID(#4254,#4258,#4259,0.38);
#4261=IFCSHAPEREPRESENTATION(#12,'Body','SweptSolid',(#4224,#4233,#4242,#4251,#4260));
#4262=IFCPRODUCTDEFINITIONSHAPE($,$,(#4261));
#4263=IFCSTYLEDITEM(#4224,(#51),'Madeira');
#4264=IFCSTYLEDITEM(#4233,(#51),'Madeira');
#4265=IFCSTYLEDITEM(#4242,(#51),'Madeira');
#4266=IFCSTYLEDITEM(#4251,(#51),'Madeira');
#4267=IFCSTYLEDITEM(#4260,(#51),'Madeira');
#4268=IFCCARTESIANPOINT((6.9,9.3,0.02));
#4269=IFCDIRECTION((0.,0.,1.));
#4270=IFCDIRECTION((1.,0.,0.));
#4271=IFCAXIS2PLACEMENT3D(#4268,#4269,#4270);
#4272=IFCLOCALPLACEMENT(#33,#4271);
#4273=IFCFURNITURE('000DIX001008000000003q',$,'Rack da TV',$,$,#4295,#4289,$,.USERDEFINED.);
#4279=IFCCARTESIANPOINTLIST2D(((0.,0.),(2.1999999999999993,0.),(2.1999999999999993,0.4499999999999993),(0.,0.4499999999999993)));
#4280=IFCINDEXEDPOLYCURVE(#4279,(IFCLINEINDEX((1,2,3,4,1))),$);
#4281=IFCARBITRARYCLOSEDPROFILEDEF(.AREA.,$,#4280);
#4282=IFCCARTESIANPOINT((0.,0.,0.));
#4283=IFCDIRECTION((0.,0.,1.));
#4284=IFCDIRECTION((1.,0.,0.));
#4285=IFCAXIS2PLACEMENT3D(#4282,#4283,#4284);
#4286=IFCDIRECTION((0.,0.,1.));
#4287=IFCEXTRUDEDAREASOLID(#4281,#4285,#4286,0.5);
#4288=IFCSHAPEREPRESENTATION(#12,'Body','SweptSolid',(#4287));
#4289=IFCPRODUCTDEFINITIONSHAPE($,$,(#4288));
#4290=IFCSTYLEDITEM(#4287,(#51),'Madeira');
#4291=IFCCARTESIANPOINT((6.4,12.9,0.02));
#4292=IFCDIRECTION((0.,0.,1.));
#4293=IFCDIRECTION((1.,0.,0.));
#4294=IFCAXIS2PLACEMENT3D(#4291,#4292,#4293);
#4295=IFCLOCALPLACEMENT(#33,#4294);
#4296=IFCFURNITURE('000DIX001008000000003r',$,'TV da sala',$,$,#4319,#4312,$,.USERDEFINED.);
#4302=IFCCARTESIANPOINTLIST2D(((0.,0.),(1.120000000000001,0.),(1.120000000000001,0.05000000000000071),(0.,0.05000000000000071)));
#4303=IFCINDEXEDPOLYCURVE(#4302,(IFCLINEINDEX((1,2,3,4,1))),$);
#4304=IFCARBITRARYCLOSEDPROFILEDEF(.AREA.,$,#4303);
#4305=IFCCARTESIANPOINT((0.,0.,0.));
#4306=IFCDIRECTION((0.,0.,1.));
#4307=IFCDIRECTION((1.,0.,0.));
#4308=IFCAXIS2PLACEMENT3D(#4305,#4306,#4307);
#4309=IFCDIRECTION((0.,0.,1.));
#4310=IFCEXTRUDEDAREASOLID(#4304,#4308,#4309,0.65);
#4311=IFCSHAPEREPRESENTATION(#12,'Body','SweptSolid',(#4310));
#4312=IFCPRODUCTDEFINITIONSHAPE($,$,(#4311));
#4313=IFCSTYLEDITEM(#4310,(#103),'Tela de TV');
#4314=IFCRELASSOCIATESMATERIAL('000DIX001008000000003s',$,$,$,(#4296),#102);
#4315=IFCCARTESIANPOINT((6.9399999999999995,13.25,0.64));
#4316=IFCDIRECTION((0.,0.,1.));
#4317=IFCDIRECTION((1.,0.,0.));
#4318=IFCAXIS2PLACEMENT3D(#4315,#4316,#4317);
#4319=IFCLOCALPLACEMENT(#33,#4318);
#4320=IFCFURNITURE('000DIX001008000000003t',$,'Mesa de jantar',$,$,#4383,#4372,$,.TABLE.);
#4326=IFCCARTESIANPOINTLIST2D(((0.,0.),(1.5999999999999999,0.),(1.5999999999999999,1.5),(0.,1.5)));
#4327=IFCINDEXEDPOLYCURVE(#4326,(IFCLINEINDEX((1,2,3,4,1))),$);
#4328=IFCARBITRARYCLOSEDPROFILEDEF(.AREA.,$,#4327);
#4329=IFCCARTESIANPOINT((0.,0.,0.72));
#4330=IFCDIRECTION((0.,0.,1.));
#4331=IFCDIRECTION((1.,0.,0.));
#4332=IFCAXIS2PLACEMENT3D(#4329,#4330,#4331);
#4333=IFCDIRECTION((0.,0.,1.));
#4334=IFCEXTRUDEDAREASOLID(#4328,#4332,#4333,0.040000000000000036);
#4335=IFCCARTESIANPOINTLIST2D(((0.040000000000000036,0.03999999999999915),(0.10000000000000009,0.03999999999999915),(0.10000000000000009,0.09999999999999964),(0.040000000000000036,0.09999999999999964)));
#4336=IFCINDEXEDPOLYCURVE(#4335,(IFCLINEINDEX((1,2,3,4,1))),$);
#4337=IFCARBITRARYCLOSEDPROFILEDEF(.AREA.,$,#4336);
#4338=IFCCARTESIANPOINT((0.,0.,0.));
#4339=IFCDIRECTION((0.,0.,1.));
#4340=IFCDIRECTION((1.,0.,0.));
#4341=IFCAXIS2PLACEMENT3D(#4338,#4339,#4340);
#4342=IFCDIRECTION((0.,0.,1.));
#4343=IFCEXTRUDEDAREASOLID(#4337,#4341,#4342,0.72);
#4344=IFCCARTESIANPOINTLIST2D(((0.040000000000000036,1.4000000000000004),(0.10000000000000009,1.4000000000000004),(0.10000000000000009,1.4600000000000009),(0.040000000000000036,1.4600000000000009)));
#4345=IFCINDEXEDPOLYCURVE(#4344,(IFCLINEINDEX((1,2,3,4,1))),$);
#4346=IFCARBITRARYCLOSEDPROFILEDEF(.AREA.,$,#4345);
#4347=IFCCARTESIANPOINT((0.,0.,0.));
#4348=IFCDIRECTION((0.,0.,1.));
#4349=IFCDIRECTION((1.,0.,0.));
#4350=IFCAXIS2PLACEMENT3D(#4347,#4348,#4349);
#4351=IFCDIRECTION((0.,0.,1.));
#4352=IFCEXTRUDEDAREASOLID(#4346,#4350,#4351,0.72);
#4353=IFCCARTESIANPOINTLIST2D(((1.4999999999999998,0.03999999999999915),(1.5599999999999998,0.03999999999999915),(1.5599999999999998,0.09999999999999964),(1.4999999999999998,0.09999999999999964)));
#4354=IFCINDEXEDPOLYCURVE(#4353,(IFCLINEINDEX((1,2,3,4,1))),$);
#4355=IFCARBITRARYCLOSEDPROFILEDEF(.AREA.,$,#4354);
#4356=IFCCARTESIANPOINT((0.,0.,0.));
#4357=IFCDIRECTION((0.,0.,1.));
#4358=IFCDIRECTION((1.,0.,0.));
#4359=IFCAXIS2PLACEMENT3D(#4356,#4357,#4358);
#4360=IFCDIRECTION((0.,0.,1.));
#4361=IFCEXTRUDEDAREASOLID(#4355,#4359,#4360,0.72);
#4362=IFCCARTESIANPOINTLIST2D(((1.4999999999999998,1.4000000000000004),(1.5599999999999998,1.4000000000000004),(1.5599999999999998,1.4600000000000009),(1.4999999999999998,1.4600000000000009)));
#4363=IFCINDEXEDPOLYCURVE(#4362,(IFCLINEINDEX((1,2,3,4,1))),$);
#4364=IFCARBITRARYCLOSEDPROFILEDEF(.AREA.,$,#4363);
#4365=IFCCARTESIANPOINT((0.,0.,0.));
#4366=IFCDIRECTION((0.,0.,1.));
#4367=IFCDIRECTION((1.,0.,0.));
#4368=IFCAXIS2PLACEMENT3D(#4365,#4366,#4367);
#4369=IFCDIRECTION((0.,0.,1.));
#4370=IFCEXTRUDEDAREASOLID(#4364,#4368,#4369,0.72);
#4371=IFCSHAPEREPRESENTATION(#12,'Body','SweptSolid',(#4334,#4343,#4352,#4361,#4370));
#4372=IFCPRODUCTDEFINITIONSHAPE($,$,(#4371));
#4373=IFCSTYLEDITEM(#4334,(#99),'Madeira clara');
#4374=IFCSTYLEDITEM(#4343,(#99),'Madeira clara');
#4375=IFCSTYLEDITEM(#4352,(#99),'Madeira clara');
#4376=IFCSTYLEDITEM(#4361,(#99),'Madeira clara');
#4377=IFCSTYLEDITEM(#4370,(#99),'Madeira clara');
#4378=IFCRELASSOCIATESMATERIAL('000DIX001008000000003u',$,$,$,(#4530,#4457,#4384,#4922,#4320,#4979,#4603),#98);
#4379=IFCCARTESIANPOINT((1.2,9.5,0.02));
#4380=IFCDIRECTION((0.,0.,1.));
#4381=IFCDIRECTION((1.,0.,0.));
#4382=IFCAXIS2PLACEMENT3D(#4379,#4380,#4381);
#4383=IFCLOCALPLACEMENT(#33,#4382);
#4384=IFCFURNITURE('000DIX001008000000003v',$,'Cadeira de jantar 1',$,$,#4456,#4445,$,.CHAIR.);
#4390=IFCCARTESIANPOINTLIST2D(((0.,0.),(0.43999999999999995,0.),(0.43999999999999995,0.4400000000000013),(0.,0.4400000000000013)));
#4391=IFCINDEXEDPOLYCURVE(#4390,(IFCLINEINDEX((1,2,3,4,1))),$);
#4392=IFCARBITRARYCLOSEDPROFILEDEF(.AREA.,$,#4391);
#4393=IFCCARTESIANPOINT((0.,0.,0.41000000000000003));
#4394=IFCDIRECTION((0.,0.,1.));
#4395=IFCDIRECTION((1.,0.,0.));
#4396=IFCAXIS2PLACEMENT3D(#4393,#4394,#4395);
#4397=IFCDIRECTION((0.,0.,1.));
#4398=IFCEXTRUDEDAREASOLID(#4392,#4396,#4397,0.03999999999999998);
#4399=IFCCARTESIANPOINTLIST2D(((0.040000000000000036,0.03999999999999915),(0.08000000000000007,0.03999999999999915),(0.08000000000000007,0.0799999999999983),(0.040000000000000036,0.0799999999999983)));
#4400=IFCINDEXEDPOLYCURVE(#4399,(IFCLINEINDEX((1,2,3,4,1))),$);
#4401=IFCARBITRARYCLOSEDPROFILEDEF(.AREA.,$,#4400);
#4402=IFCCARTESIANPOINT((0.,0.,0.));
#4403=IFCDIRECTION((0.,0.,1.));
#4404=IFCDIRECTION((1.,0.,0.));
#4405=IFCAXIS2PLACEMENT3D(#4402,#4403,#4404);
#4406=IFCDIRECTION((0.,0.,1.));
#4407=IFCEXTRUDEDAREASOLID(#4401,#4405,#4406,0.41000000000000003);
#4408=IFCCARTESIANPOINTLIST2D(((0.040000000000000036,0.360000000000003),(0.08000000000000007,0.360000000000003),(0.08000000000000007,0.40000000000000213),(0.040000000000000036,0.40000000000000213)));
#4409=IFCINDEXEDPOLYCURVE(#4408,(IFCLINEINDEX((1,2,3,4,1))),$);
#4410=IFCARBITRARYCLOSEDPROFILEDEF(.AREA.,$,#4409);
#4411=IFCCARTESIANPOINT((0.,0.,0.));
#4412=IFCDIRECTION((0.,0.,1.));
#4413=IFCDIRECTION((1.,0.,0.));
#4414=IFCAXIS2PLACEMENT3D(#4411,#4412,#4413);
#4415=IFCDIRECTION((0.,0.,1.));
#4416=IFCEXTRUDEDAREASOLID(#4410,#4414,#4415,0.41000000000000003);
#4417=IFCCARTESIANPOINTLIST2D(((0.3599999999999999,0.03999999999999915),(0.3999999999999999,0.03999999999999915),(0.3999999999999999,0.0799999999999983),(0.3599999999999999,0.0799999999999983)));
#4418=IFCINDEXEDPOLYCURVE(#4417,(IFCLINEINDEX((1,2,3,4,1))),$);
#4419=IFCARBITRARYCLOSEDPROFILEDEF(.AREA.,$,#4418);
#4420=IFCCARTESIANPOINT((0.,0.,0.));
#4421=IFCDIRECTION((0.,0.,1.));
#4422=IFCDIRECTION((1.,0.,0.));
#4423=IFCAXIS2PLACEMENT3D(#4420,#4421,#4422);
#4424=IFCDIRECTION((0.,0.,1.));
#4425=IFCEXTRUDEDAREASOLID(#4419,#4423,#4424,0.41000000000000003);
#4426=IFCCARTESIANPOINTLIST2D(((0.3599999999999999,0.360000000000003),(0.3999999999999999,0.360000000000003),(0.3999999999999999,0.40000000000000213),(0.3599999999999999,0.40000000000000213)));
#4427=IFCINDEXEDPOLYCURVE(#4426,(IFCLINEINDEX((1,2,3,4,1))),$);
#4428=IFCARBITRARYCLOSEDPROFILEDEF(.AREA.,$,#4427);
#4429=IFCCARTESIANPOINT((0.,0.,0.));
#4430=IFCDIRECTION((0.,0.,1.));
#4431=IFCDIRECTION((1.,0.,0.));
#4432=IFCAXIS2PLACEMENT3D(#4429,#4430,#4431);
#4433=IFCDIRECTION((0.,0.,1.));
#4434=IFCEXTRUDEDAREASOLID(#4428,#4432,#4433,0.41000000000000003);
#4435=IFCCARTESIANPOINTLIST2D(((0.,0.),(0.43999999999999995,0.),(0.43999999999999995,0.05000000000000071),(0.,0.05000000000000071)));
#4436=IFCINDEXEDPOLYCURVE(#4435,(IFCLINEINDEX((1,2,3,4,1))),$);
#4437=IFCARBITRARYCLOSEDPROFILEDEF(.AREA.,$,#4436);
#4438=IFCCARTESIANPOINT((0.,0.,0.45));
#4439=IFCDIRECTION((0.,0.,1.));
#4440=IFCDIRECTION((1.,0.,0.));
#4441=IFCAXIS2PLACEMENT3D(#4438,#4439,#4440);
#4442=IFCDIRECTION((0.,0.,1.));
#4443=IFCEXTRUDEDAREASOLID(#4437,#4441,#4442,0.45);
#4444=IFCSHAPEREPRESENTATION(#12,'Body','SweptSolid',(#4398,#4407,#4416,#4425,#4434,#4443));
#4445=IFCPRODUCTDEFINITIONSHAPE($,$,(#4444));
#4446=IFCSTYLEDITEM(#4398,(#99),'Madeira clara');
#4447=IFCSTYLEDITEM(#4407,(#99),'Madeira clara');
#4448=IFCSTYLEDITEM(#4416,(#99),'Madeira clara');
#4449=IFCSTYLEDITEM(#4425,(#99),'Madeira clara');
#4450=IFCSTYLEDITEM(#4434,(#99),'Madeira clara');
#4451=IFCSTYLEDITEM(#4443,(#99),'Madeira clara');
#4452=IFCCARTESIANPOINT((1.3800000000000001,8.879999999999999,0.02));
#4453=IFCDIRECTION((0.,0.,1.));
#4454=IFCDIRECTION((1.,0.,0.));
#4455=IFCAXIS2PLACEMENT3D(#4452,#4453,#4454);
#4456=IFCLOCALPLACEMENT(#33,#4455);
#4457=IFCFURNITURE('000DIX001008000000003w',$,'Cadeira de jantar 2',$,$,#4529,#4518,$,.CHAIR.);
#4463=IFCCARTESIANPOINTLIST2D(((0.,0.),(0.4400000000000004,0.),(0.4400000000000004,0.4400000000000013),(0.,0.4400000000000013)));
#4464=IFCINDEXEDPOLYCURVE(#4463,(IFCLINEINDEX((1,2,3,4,1))),$);
#4465=IFCARBITRARYCLOSEDPROFILEDEF(.AREA.,$,#4464);
#4466=IFCCARTESIANPOINT((0.,0.,0.41000000000000003));
#4467=IFCDIRECTION((0.,0.,1.));
#4468=IFCDIRECTION((1.,0.,0.));
#4469=IFCAXIS2PLACEMENT3D(#4466,#4467,#4468);
#4470=IFCDIRECTION((0.,0.,1.));
#4471=IFCEXTRUDEDAREASOLID(#4465,#4469,#4470,0.03999999999999998);
#4472=IFCCARTESIANPOINTLIST2D(((0.040000000000000036,0.03999999999999915),(0.08000000000000007,0.03999999999999915),(0.08000000000000007,0.0799999999999983),(0.040000000000000036,0.0799999999999983)));
#4473=IFCINDEXEDPOLYCURVE(#4472,(IFCLINEINDEX((1,2,3,4,1))),$);
#4474=IFCARBITRARYCLOSEDPROFILEDEF(.AREA.,$,#4473);
#4475=IFCCARTESIANPOINT((0.,0.,0.));
#4476=IFCDIRECTION((0.,0.,1.));
#4477=IFCDIRECTION((1.,0.,0.));
#4478=IFCAXIS2PLACEMENT3D(#4475,#4476,#4477);
#4479=IFCDIRECTION((0.,0.,1.));
#4480=IFCEXTRUDEDAREASOLID(#4474,#4478,#4479,0.41000000000000003);
#4481=IFCCARTESIANPOINTLIST2D(((0.040000000000000036,0.360000000000003),(0.08000000000000007,0.360000000000003),(0.08000000000000007,0.40000000000000213),(0.040000000000000036,0.40000000000000213)));
#4482=IFCINDEXEDPOLYCURVE(#4481,(IFCLINEINDEX((1,2,3,4,1))),$);
#4483=IFCARBITRARYCLOSEDPROFILEDEF(.AREA.,$,#4482);
#4484=IFCCARTESIANPOINT((0.,0.,0.));
#4485=IFCDIRECTION((0.,0.,1.));
#4486=IFCDIRECTION((1.,0.,0.));
#4487=IFCAXIS2PLACEMENT3D(#4484,#4485,#4486);
#4488=IFCDIRECTION((0.,0.,1.));
#4489=IFCEXTRUDEDAREASOLID(#4483,#4487,#4488,0.41000000000000003);
#4490=IFCCARTESIANPOINTLIST2D(((0.3600000000000003,0.03999999999999915),(0.40000000000000036,0.03999999999999915),(0.40000000000000036,0.0799999999999983),(0.3600000000000003,0.0799999999999983)));
#4491=IFCINDEXEDPOLYCURVE(#4490,(IFCLINEINDEX((1,2,3,4,1))),$);
#4492=IFCARBITRARYCLOSEDPROFILEDEF(.AREA.,$,#4491);
#4493=IFCCARTESIANPOINT((0.,0.,0.));
#4494=IFCDIRECTION((0.,0.,1.));
#4495=IFCDIRECTION((1.,0.,0.));
#4496=IFCAXIS2PLACEMENT3D(#4493,#4494,#4495);
#4497=IFCDIRECTION((0.,0.,1.));
#4498=IFCEXTRUDEDAREASOLID(#4492,#4496,#4497,0.41000000000000003);
#4499=IFCCARTESIANPOINTLIST2D(((0.3600000000000003,0.360000000000003),(0.40000000000000036,0.360000000000003),(0.40000000000000036,0.40000000000000213),(0.3600000000000003,0.40000000000000213)));
#4500=IFCINDEXEDPOLYCURVE(#4499,(IFCLINEINDEX((1,2,3,4,1))),$);
#4501=IFCARBITRARYCLOSEDPROFILEDEF(.AREA.,$,#4500);
#4502=IFCCARTESIANPOINT((0.,0.,0.));
#4503=IFCDIRECTION((0.,0.,1.));
#4504=IFCDIRECTION((1.,0.,0.));
#4505=IFCAXIS2PLACEMENT3D(#4502,#4503,#4504);
#4506=IFCDIRECTION((0.,0.,1.));
#4507=IFCEXTRUDEDAREASOLID(#4501,#4505,#4506,0.41000000000000003);
#4508=IFCCARTESIANPOINTLIST2D(((0.,0.),(0.4400000000000004,0.),(0.4400000000000004,0.05000000000000071),(0.,0.05000000000000071)));
#4509=IFCINDEXEDPOLYCURVE(#4508,(IFCLINEINDEX((1,2,3,4,1))),$);
#4510=IFCARBITRARYCLOSEDPROFILEDEF(.AREA.,$,#4509);
#4511=IFCCARTESIANPOINT((0.,0.,0.45));
#4512=IFCDIRECTION((0.,0.,1.));
#4513=IFCDIRECTION((1.,0.,0.));
#4514=IFCAXIS2PLACEMENT3D(#4511,#4512,#4513);
#4515=IFCDIRECTION((0.,0.,1.));
#4516=IFCEXTRUDEDAREASOLID(#4510,#4514,#4515,0.45);
#4517=IFCSHAPEREPRESENTATION(#12,'Body','SweptSolid',(#4471,#4480,#4489,#4498,#4507,#4516));
#4518=IFCPRODUCTDEFINITIONSHAPE($,$,(#4517));
#4519=IFCSTYLEDITEM(#4471,(#99),'Madeira clara');
#4520=IFCSTYLEDITEM(#4480,(#99),'Madeira clara');
#4521=IFCSTYLEDITEM(#4489,(#99),'Madeira clara');
#4522=IFCSTYLEDITEM(#4498,(#99),'Madeira clara');
#4523=IFCSTYLEDITEM(#4507,(#99),'Madeira clara');
#4524=IFCSTYLEDITEM(#4516,(#99),'Madeira clara');
#4525=IFCCARTESIANPOINT((2.1799999999999997,8.879999999999999,0.02));
#4526=IFCDIRECTION((0.,0.,1.));
#4527=IFCDIRECTION((1.,0.,0.));
#4528=IFCAXIS2PLACEMENT3D(#4525,#4526,#4527);
#4529=IFCLOCALPLACEMENT(#33,#4528);
#4530=IFCFURNITURE('000DIX001008000000003x',$,'Cadeira de jantar 3',$,$,#4602,#4591,$,.CHAIR.);
#4536=IFCCARTESIANPOINTLIST2D(((0.,0.),(0.43999999999999995,0.),(0.43999999999999995,0.4400000000000013),(0.,0.4400000000000013)));
#4537=IFCINDEXEDPOLYCURVE(#4536,(IFCLINEINDEX((1,2,3,4,1))),$);
#4538=IFCARBITRARYCLOSEDPROFILEDEF(.AREA.,$,#4537);
#4539=IFCCARTESIANPOINT((0.,0.,0.41000000000000003));
#4540=IFCDIRECTION((0.,0.,1.));
#4541=IFCDIRECTION((1.,0.,0.));
#4542=IFCAXIS2PLACEMENT3D(#4539,#4540,#4541);
#4543=IFCDIRECTION((0.,0.,1.));
#4544=IFCEXTRUDEDAREASOLID(#4538,#4542,#4543,0.03999999999999998);
#4545=IFCCARTESIANPOINTLIST2D(((0.040000000000000036,0.03999999999999915),(0.08000000000000007,0.03999999999999915),(0.08000000000000007,0.0799999999999983),(0.040000000000000036,0.0799999999999983)));
#4546=IFCINDEXEDPOLYCURVE(#4545,(IFCLINEINDEX((1,2,3,4,1))),$);
#4547=IFCARBITRARYCLOSEDPROFILEDEF(.AREA.,$,#4546);
#4548=IFCCARTESIANPOINT((0.,0.,0.));
#4549=IFCDIRECTION((0.,0.,1.));
#4550=IFCDIRECTION((1.,0.,0.));
#4551=IFCAXIS2PLACEMENT3D(#4548,#4549,#4550);
#4552=IFCDIRECTION((0.,0.,1.));
#4553=IFCEXTRUDEDAREASOLID(#4547,#4551,#4552,0.41000000000000003);
#4554=IFCCARTESIANPOINTLIST2D(((0.040000000000000036,0.360000000000003),(0.08000000000000007,0.360000000000003),(0.08000000000000007,0.40000000000000213),(0.040000000000000036,0.40000000000000213)));
#4555=IFCINDEXEDPOLYCURVE(#4554,(IFCLINEINDEX((1,2,3,4,1))),$);
#4556=IFCARBITRARYCLOSEDPROFILEDEF(.AREA.,$,#4555);
#4557=IFCCARTESIANPOINT((0.,0.,0.));
#4558=IFCDIRECTION((0.,0.,1.));
#4559=IFCDIRECTION((1.,0.,0.));
#4560=IFCAXIS2PLACEMENT3D(#4557,#4558,#4559);
#4561=IFCDIRECTION((0.,0.,1.));
#4562=IFCEXTRUDEDAREASOLID(#4556,#4560,#4561,0.41000000000000003);
#4563=IFCCARTESIANPOINTLIST2D(((0.3599999999999999,0.03999999999999915),(0.3999999999999999,0.03999999999999915),(0.3999999999999999,0.0799999999999983),(0.3599999999999999,0.0799999999999983)));
#4564=IFCINDEXEDPOLYCURVE(#4563,(IFCLINEINDEX((1,2,3,4,1))),$);
#4565=IFCARBITRARYCLOSEDPROFILEDEF(.AREA.,$,#4564);
#4566=IFCCARTESIANPOINT((0.,0.,0.));
#4567=IFCDIRECTION((0.,0.,1.));
#4568=IFCDIRECTION((1.,0.,0.));
#4569=IFCAXIS2PLACEMENT3D(#4566,#4567,#4568);
#4570=IFCDIRECTION((0.,0.,1.));
#4571=IFCEXTRUDEDAREASOLID(#4565,#4569,#4570,0.41000000000000003);
#4572=IFCCARTESIANPOINTLIST2D(((0.3599999999999999,0.360000000000003),(0.3999999999999999,0.360000000000003),(0.3999999999999999,0.40000000000000213),(0.3599999999999999,0.40000000000000213)));
#4573=IFCINDEXEDPOLYCURVE(#4572,(IFCLINEINDEX((1,2,3,4,1))),$);
#4574=IFCARBITRARYCLOSEDPROFILEDEF(.AREA.,$,#4573);
#4575=IFCCARTESIANPOINT((0.,0.,0.));
#4576=IFCDIRECTION((0.,0.,1.));
#4577=IFCDIRECTION((1.,0.,0.));
#4578=IFCAXIS2PLACEMENT3D(#4575,#4576,#4577);
#4579=IFCDIRECTION((0.,0.,1.));
#4580=IFCEXTRUDEDAREASOLID(#4574,#4578,#4579,0.41000000000000003);
#4581=IFCCARTESIANPOINTLIST2D(((0.,0.39000000000000057),(0.43999999999999995,0.39000000000000057),(0.43999999999999995,0.4400000000000013),(0.,0.4400000000000013)));
#4582=IFCINDEXEDPOLYCURVE(#4581,(IFCLINEINDEX((1,2,3,4,1))),$);
#4583=IFCARBITRARYCLOSEDPROFILEDEF(.AREA.,$,#4582);
#4584=IFCCARTESIANPOINT((0.,0.,0.45));
#4585=IFCDIRECTION((0.,0.,1.));
#4586=IFCDIRECTION((1.,0.,0.));
#4587=IFCAXIS2PLACEMENT3D(#4584,#4585,#4586);
#4588=IFCDIRECTION((0.,0.,1.));
#4589=IFCEXTRUDEDAREASOLID(#4583,#4587,#4588,0.45);
#4590=IFCSHAPEREPRESENTATION(#12,'Body','SweptSolid',(#4544,#4553,#4562,#4571,#4580,#4589));
#4591=IFCPRODUCTDEFINITIONSHAPE($,$,(#4590));
#4592=IFCSTYLEDITEM(#4544,(#99),'Madeira clara');
#4593=IFCSTYLEDITEM(#4553,(#99),'Madeira clara');
#4594=IFCSTYLEDITEM(#4562,(#99),'Madeira clara');
#4595=IFCSTYLEDITEM(#4571,(#99),'Madeira clara');
#4596=IFCSTYLEDITEM(#4580,(#99),'Madeira clara');
#4597=IFCSTYLEDITEM(#4589,(#99),'Madeira clara');
#4598=IFCCARTESIANPOINT((1.3800000000000001,11.18,0.02));
#4599=IFCDIRECTION((0.,0.,1.));
#4600=IFCDIRECTION((1.,0.,0.));
#4601=IFCAXIS2PLACEMENT3D(#4598,#4599,#4600);
#4602=IFCLOCALPLACEMENT(#33,#4601);
#4603=IFCFURNITURE('000DIX001008000000003y',$,'Cadeira de jantar 4',$,$,#4675,#4664,$,.CHAIR.);
#4609=IFCCARTESIANPOINTLIST2D(((0.,0.),(0.4400000000000004,0.),(0.4400000000000004,0.4400000000000013),(0.,0.4400000000000013)));
#4610=IFCINDEXEDPOLYCURVE(#4609,(IFCLINEINDEX((1,2,3,4,1))),$);
#4611=IFCARBITRARYCLOSEDPROFILEDEF(.AREA.,$,#4610);
#4612=IFCCARTESIANPOINT((0.,0.,0.41000000000000003));
#4613=IFCDIRECTION((0.,0.,1.));
#4614=IFCDIRECTION((1.,0.,0.));
#4615=IFCAXIS2PLACEMENT3D(#4612,#4613,#4614);
#4616=IFCDIRECTION((0.,0.,1.));
#4617=IFCEXTRUDEDAREASOLID(#4611,#4615,#4616,0.03999999999999998);
#4618=IFCCARTESIANPOINTLIST2D(((0.040000000000000036,0.03999999999999915),(0.08000000000000007,0.03999999999999915),(0.08000000000000007,0.0799999999999983),(0.040000000000000036,0.0799999999999983)));
#4619=IFCINDEXEDPOLYCURVE(#4618,(IFCLINEINDEX((1,2,3,4,1))),$);
#4620=IFCARBITRARYCLOSEDPROFILEDEF(.AREA.,$,#4619);
#4621=IFCCARTESIANPOINT((0.,0.,0.));
#4622=IFCDIRECTION((0.,0.,1.));
#4623=IFCDIRECTION((1.,0.,0.));
#4624=IFCAXIS2PLACEMENT3D(#4621,#4622,#4623);
#4625=IFCDIRECTION((0.,0.,1.));
#4626=IFCEXTRUDEDAREASOLID(#4620,#4624,#4625,0.41000000000000003);
#4627=IFCCARTESIANPOINTLIST2D(((0.040000000000000036,0.360000000000003),(0.08000000000000007,0.360000000000003),(0.08000000000000007,0.40000000000000213),(0.040000000000000036,0.40000000000000213)));
#4628=IFCINDEXEDPOLYCURVE(#4627,(IFCLINEINDEX((1,2,3,4,1))),$);
#4629=IFCARBITRARYCLOSEDPROFILEDEF(.AREA.,$,#4628);
#4630=IFCCARTESIANPOINT((0.,0.,0.));
#4631=IFCDIRECTION((0.,0.,1.));
#4632=IFCDIRECTION((1.,0.,0.));
#4633=IFCAXIS2PLACEMENT3D(#4630,#4631,#4632);
#4634=IFCDIRECTION((0.,0.,1.));
#4635=IFCEXTRUDEDAREASOLID(#4629,#4633,#4634,0.41000000000000003);
#4636=IFCCARTESIANPOINTLIST2D(((0.3600000000000003,0.03999999999999915),(0.40000000000000036,0.03999999999999915),(0.40000000000000036,0.0799999999999983),(0.3600000000000003,0.0799999999999983)));
#4637=IFCINDEXEDPOLYCURVE(#4636,(IFCLINEINDEX((1,2,3,4,1))),$);
#4638=IFCARBITRARYCLOSEDPROFILEDEF(.AREA.,$,#4637);
#4639=IFCCARTESIANPOINT((0.,0.,0.));
#4640=IFCDIRECTION((0.,0.,1.));
#4641=IFCDIRECTION((1.,0.,0.));
#4642=IFCAXIS2PLACEMENT3D(#4639,#4640,#4641);
#4643=IFCDIRECTION((0.,0.,1.));
#4644=IFCEXTRUDEDAREASOLID(#4638,#4642,#4643,0.41000000000000003);
#4645=IFCCARTESIANPOINTLIST2D(((0.3600000000000003,0.360000000000003),(0.40000000000000036,0.360000000000003),(0.40000000000000036,0.40000000000000213),(0.3600000000000003,0.40000000000000213)));
#4646=IFCINDEXEDPOLYCURVE(#4645,(IFCLINEINDEX((1,2,3,4,1))),$);
#4647=IFCARBITRARYCLOSEDPROFILEDEF(.AREA.,$,#4646);
#4648=IFCCARTESIANPOINT((0.,0.,0.));
#4649=IFCDIRECTION((0.,0.,1.));
#4650=IFCDIRECTION((1.,0.,0.));
#4651=IFCAXIS2PLACEMENT3D(#4648,#4649,#4650);
#4652=IFCDIRECTION((0.,0.,1.));
#4653=IFCEXTRUDEDAREASOLID(#4647,#4651,#4652,0.41000000000000003);
#4654=IFCCARTESIANPOINTLIST2D(((0.,0.39000000000000057),(0.4400000000000004,0.39000000000000057),(0.4400000000000004,0.4400000000000013),(0.,0.4400000000000013)));
#4655=IFCINDEXEDPOLYCURVE(#4654,(IFCLINEINDEX((1,2,3,4,1))),$);
#4656=IFCARBITRARYCLOSEDPROFILEDEF(.AREA.,$,#4655);
#4657=IFCCARTESIANPOINT((0.,0.,0.45));
#4658=IFCDIRECTION((0.,0.,1.));
#4659=IFCDIRECTION((1.,0.,0.));
#4660=IFCAXIS2PLACEMENT3D(#4657,#4658,#4659);
#4661=IFCDIRECTION((0.,0.,1.));
#4662=IFCEXTRUDEDAREASOLID(#4656,#4660,#4661,0.45);
#4663=IFCSHAPEREPRESENTATION(#12,'Body','SweptSolid',(#4617,#4626,#4635,#4644,#4653,#4662));
#4664=IFCPRODUCTDEFINITIONSHAPE($,$,(#4663));
#4665=IFCSTYLEDITEM(#4617,(#99),'Madeira clara');
#4666=IFCSTYLEDITEM(#4626,(#99),'Madeira clara');
#4667=IFCSTYLEDITEM(#4635,(#99),'Madeira clara');
#4668=IFCSTYLEDITEM(#4644,(#99),'Madeira clara');
#4669=IFCSTYLEDITEM(#4653,(#99),'Madeira clara');
#4670=IFCSTYLEDITEM(#4662,(#99),'Madeira clara');
#4671=IFCCARTESIANPOINT((2.1799999999999997,11.18,0.02));
#4672=IFCDIRECTION((0.,0.,1.));
#4673=IFCDIRECTION((1.,0.,0.));
#4674=IFCAXIS2PLACEMENT3D(#4671,#4672,#4673);
#4675=IFCLOCALPLACEMENT(#33,#4674);
#4676=IFCFURNITURE('000DIX001008000000003z',$,'Vaso da sala',$,$,#4699,#4692,$,.USERDEFINED.);
#4682=IFCCARTESIANPOINTLIST2D(((0.,0.),(0.3999999999999986,0.),(0.3999999999999986,0.39999999999999947),(0.,0.39999999999999947)));
#4683=IFCINDEXEDPOLYCURVE(#4682,(IFCLINEINDEX((1,2,3,4,1))),$);
#4684=IFCARBITRARYCLOSEDPROFILEDEF(.AREA.,$,#4683);
#4685=IFCCARTESIANPOINT((0.,0.,0.));
#4686=IFCDIRECTION((0.,0.,1.));
#4687=IFCDIRECTION((1.,0.,0.));
#4688=IFCAXIS2PLACEMENT3D(#4685,#4686,#4687);
#4689=IFCDIRECTION((0.,0.,1.));
#4690=IFCEXTRUDEDAREASOLID(#4684,#4688,#4689,0.45);
#4691=IFCSHAPEREPRESENTATION(#12,'Body','SweptSolid',(#4690));
#4692=IFCPRODUCTDEFINITIONSHAPE($,$,(#4691));
#4693=IFCSTYLEDITEM(#4690,(#111),'Terracota');
#4694=IFCRELASSOCIATESMATERIAL('000DIX001008000000003_',$,$,$,(#4676),#110);
#4695=IFCCARTESIANPOINT((9.200000000000001,7.8999999999999995,0.02));
#4696=IFCDIRECTION((0.,0.,1.));
#4697=IFCDIRECTION((1.,0.,0.));
#4698=IFCAXIS2PLACEMENT3D(#4695,#4696,#4697);
#4699=IFCLOCALPLACEMENT(#33,#4698);
#4700=IFCFURNITURE('000DIX001008000000003$',$,'Planta da sala',$,$,#4723,#4716,$,.USERDEFINED.);
#4706=IFCCARTESIANPOINTLIST2D(((0.,0.),(0.6000000000000014,0.),(0.6000000000000014,0.6000000000000005),(0.,0.6000000000000005)));
#4707=IFCINDEXEDPOLYCURVE(#4706,(IFCLINEINDEX((1,2,3,4,1))),$);
#4708=IFCARBITRARYCLOSEDPROFILEDEF(.AREA.,$,#4707);
#4709=IFCCARTESIANPOINT((0.,0.,0.));
#4710=IFCDIRECTION((0.,0.,1.));
#4711=IFCDIRECTION((1.,0.,0.));
#4712=IFCAXIS2PLACEMENT3D(#4709,#4710,#4711);
#4713=IFCDIRECTION((0.,0.,1.));
#4714=IFCEXTRUDEDAREASOLID(#4708,#4712,#4713,0.8);
#4715=IFCSHAPEREPRESENTATION(#12,'Body','SweptSolid',(#4714));
#4716=IFCPRODUCTDEFINITIONSHAPE($,$,(#4715));
#4717=IFCSTYLEDITEM(#4714,(#115),'Folhagem');
#4718=IFCRELASSOCIATESMATERIAL('000DIX0010080000000040',$,$,$,(#4700),#114);
#4719=IFCCARTESIANPOINT((9.1,7.8,0.47000000000000003));
#4720=IFCDIRECTION((0.,0.,1.));
#4721=IFCDIRECTION((1.,0.,0.));
#4722=IFCAXIS2PLACEMENT3D(#4719,#4720,#4721);
#4723=IFCLOCALPLACEMENT(#33,#4722);
#4724=IFCFURNITURE('000DIX0010080000000041',$,'Cama da su\X2\00ED\X0\te oeste',$,$,#4766,#4758,$,.BED.);
#4730=IFCCARTESIANPOINTLIST2D(((0.,0.),(2.,0.),(2.,1.6),(0.,1.6)));
#4731=IFCINDEXEDPOLYCURVE(#4730,(IFCLINEINDEX((1,2,3,4,1))),$);
#4732=IFCARBITRARYCLOSEDPROFILEDEF(.AREA.,$,#4731);
#4733=IFCCARTESIANPOINT((0.,0.,0.));
#4734=IFCDIRECTION((0.,0.,1.));
#4735=IFCDIRECTION((1.,0.,0.));
#4736=IFCAXIS2PLACEMENT3D(#4733,#4734,#4735);
#4737=IFCDIRECTION((0.,0.,1.));
#4738=IFCEXTRUDEDAREASOLID(#4732,#4736,#4737,0.3);
#4739=IFCCARTESIANPOINTLIST2D(((0.03,0.030000000000000027),(1.9700000000000002,0.030000000000000027),(1.9700000000000002,1.5700000000000003),(0.03,1.5700000000000003)));
#4740=IFCINDEXEDPOLYCURVE(#4739,(IFCLINEINDEX((1,2,3,4,1))),$);
#4741=IFCARBITRARYCLOSEDPROFILEDEF(.AREA.,$,#4740);
#4742=IFCCARTESIANPOINT((0.,0.,0.3));
#4743=IFCDIRECTION((0.,0.,1.));
#4744=IFCDIRECTION((1.,0.,0.));
#4745=IFCAXIS2PLACEMENT3D(#4742,#4743,#4744);
#4746=IFCDIRECTION((0.,0.,1.));
#4747=IFCEXTRUDEDAREASOLID(#4741,#4745,#4746,0.22000000000000003);
#4748=IFCCARTESIANPOINTLIST2D(((0.,0.),(0.07999999999999999,0.),(0.07999999999999999,1.6),(0.,1.6)));
#4749=IFCINDEXEDPOLYCURVE(#4748,(IFCLINEINDEX((1,2,3,4,1))),$);
#4750=IFCARBITRARYCLOSEDPROFILEDEF(.AREA.,$,#4749);
#4751=IFCCARTESIANPOINT((0.,0.,0.));
#4752=IFCDIRECTION((0.,0.,1.));
#4753=IFCDIRECTION((1.,0.,0.));
#4754=IFCAXIS2PLACEMENT3D(#4751,#4752,#4753);
#4755=IFCDIRECTION((0.,0.,1.));
#4756=IFCEXTRUDEDAREASOLID(#4750,#4754,#4755,1.05);
#4757=IFCSHAPEREPRESENTATION(#12,'Body','SweptSolid',(#4738,#4747,#4756));
#4758=IFCPRODUCTDEFINITIONSHAPE($,$,(#4757));
#4759=IFCSTYLEDITEM(#4738,(#95),'Tecido claro');
#4760=IFCSTYLEDITEM(#4747,(#95),'Tecido claro');
#4761=IFCSTYLEDITEM(#4756,(#95),'Tecido claro');
#4762=IFCCARTESIANPOINT((0.15,1.6,0.02));
#4763=IFCDIRECTION((0.,0.,1.));
#4764=IFCDIRECTION((1.,0.,0.));
#4765=IFCAXIS2PLACEMENT3D(#4762,#4763,#4764);
#4766=IFCLOCALPLACEMENT(#33,#4765);
#4767=IFCFURNITURE('000DIX0010080000000042',$,'Travesseiros da su\X2\00ED\X0\te oeste',$,$,#4799,#4792,$,.USERDEFINED.);
#4773=IFCCARTESIANPOINTLIST2D(((0.,0.),(0.4,0.),(0.4,0.6200000000000001),(0.,0.6200000000000001)));
#4774=IFCINDEXEDPOLYCURVE(#4773,(IFCLINEINDEX((1,2,3,4,1))),$);
#4775=IFCARBITRARYCLOSEDPROFILEDEF(.AREA.,$,#4774);
#4776=IFCCARTESIANPOINT((0.,0.,0.));
#4777=IFCDIRECTION((0.,0.,1.));
#4778=IFCDIRECTION((1.,0.,0.));
#4779=IFCAXIS2PLACEMENT3D(#4776,#4777,#4778);
#4780=IFCDIRECTION((0.,0.,1.));
#4781=IFCEXTRUDEDAREASOLID(#4775,#4779,#4780,0.12);
#4782=IFCCARTESIANPOINTLIST2D(((0.,0.7400000000000002),(0.4,0.7400000000000002),(0.4,1.3599999999999999),(0.,1.3599999999999999)));
#4783=IFCINDEXEDPOLYCURVE(#4782,(IFCLINEINDEX((1,2,3,4,1))),$);
#4784=IFCARBITRARYCLOSEDPROFILEDEF(.AREA.,$,#4783);
#4785=IFCCARTESIANPOINT((0.,0.,0.));
#4786=IFCDIRECTION((0.,0.,1.));
#4787=IFCDIRECTION((1.,0.,0.));
#4788=IFCAXIS2PLACEMENT3D(#4785,#4786,#4787);
#4789=IFCDIRECTION((0.,0.,1.));
#4790=IFCEXTRUDEDAREASOLID(#4784,#4788,#4789,0.12);
#4791=IFCSHAPEREPRESENTATION(#12,'Body','SweptSolid',(#4781,#4790));
#4792=IFCPRODUCTDEFINITIONSHAPE($,$,(#4791));
#4793=IFCSTYLEDITEM(#4781,(#91),'Tecido');
#4794=IFCSTYLEDITEM(#4790,(#91),'Tecido');
#4795=IFCCARTESIANPOINT((0.27,1.7200000000000002,0.54));
#4796=IFCDIRECTION((0.,0.,1.));
#4797=IFCDIRECTION((1.,0.,0.));
#4798=IFCAXIS2PLACEMENT3D(#4795,#4796,#4797);
#4799=IFCLOCALPLACEMENT(#33,#4798);
#4800=IFCFURNITURE('000DIX0010080000000043',$,'Guarda-roupa da su\X2\00ED\X0\te oeste',$,$,#4822,#4816,$,.SHELF.);
#4806=IFCCARTESIANPOINTLIST2D(((0.,0.),(0.6000000000000001,0.),(0.6000000000000001,1.9999999999999998),(0.,1.9999999999999998)));
#4807=IFCINDEXEDPOLYCURVE(#4806,(IFCLINEINDEX((1,2,3,4,1))),$);
#4808=IFCARBITRARYCLOSEDPROFILEDEF(.AREA.,$,#4807);
#4809=IFCCARTESIANPOINT((0.,0.,0.));
#4810=IFCDIRECTION((0.,0.,1.));
#4811=IFCDIRECTION((1.,0.,0.));
#4812=IFCAXIS2PLACEMENT3D(#4809,#4810,#4811);
#4813=IFCDIRECTION((0.,0.,1.));
#4814=IFCEXTRUDEDAREASOLID(#4808,#4812,#4813,2.1);
#4815=IFCSHAPEREPRESENTATION(#12,'Body','SweptSolid',(#4814));
#4816=IFCPRODUCTDEFINITIONSHAPE($,$,(#4815));
#4817=IFCSTYLEDITEM(#4814,(#51),'Madeira');
#4818=IFCCARTESIANPOINT((3.3,0.3,0.02));
#4819=IFCDIRECTION((0.,0.,1.));
#4820=IFCDIRECTION((1.,0.,0.));
#4821=IFCAXIS2PLACEMENT3D(#4818,#4819,#4820);
#4822=IFCLOCALPLACEMENT(#33,#4821);
#4823=IFCFURNITURE('000DIX0010080000000044',$,'Cama da su\X2\00ED\X0\te leste',$,$,#4865,#4857,$,.BED.);
#4829=IFCCARTESIANPOINTLIST2D(((0.,0.),(2.,0.),(2.,1.6),(0.,1.6)));
#4830=IFCINDEXEDPOLYCURVE(#4829,(IFCLINEINDEX((1,2,3,4,1))),$);
#4831=IFCARBITRARYCLOSEDPROFILEDEF(.AREA.,$,#4830);
#4832=IFCCARTESIANPOINT((0.,0.,0.));
#4833=IFCDIRECTION((0.,0.,1.));
#4834=IFCDIRECTION((1.,0.,0.));
#4835=IFCAXIS2PLACEMENT3D(#4832,#4833,#4834);
#4836=IFCDIRECTION((0.,0.,1.));
#4837=IFCEXTRUDEDAREASOLID(#4831,#4835,#4836,0.3);
#4838=IFCCARTESIANPOINTLIST2D(((0.03000000000000025,0.030000000000000027),(1.9700000000000006,0.030000000000000027),(1.9700000000000006,1.5700000000000003),(0.03000000000000025,1.5700000000000003)));
#4839=IFCINDEXEDPOLYCURVE(#4838,(IFCLINEINDEX((1,2,3,4,1))),$);
#4840=IFCARBITRARYCLOSEDPROFILEDEF(.AREA.,$,#4839);
#4841=IFCCARTESIANPOINT((0.,0.,0.3));
#4842=IFCDIRECTION((0.,0.,1.));
#4843=IFCDIRECTION((1.,0.,0.));
#4844=IFCAXIS2PLACEMENT3D(#4841,#4842,#4843);
#4845=IFCDIRECTION((0.,0.,1.));
#4846=IFCEXTRUDEDAREASOLID(#4840,#4844,#4845,0.22000000000000003);
#4847=IFCCARTESIANPOINTLIST2D(((1.92,0.),(2.,0.),(2.,1.6),(1.92,1.6)));
#4848=IFCINDEXEDPOLYCURVE(#4847,(IFCLINEINDEX((1,2,3,4,1))),$);
#4849=IFCARBITRARYCLOSEDPROFILEDEF(.AREA.,$,#4848);
#4850=IFCCARTESIANPOINT((0.,0.,0.));
#4851=IFCDIRECTION((0.,0.,1.));
#4852=IFCDIRECTION((1.,0.,0.));
#4853=IFCAXIS2PLACEMENT3D(#4850,#4851,#4852);
#4854=IFCDIRECTION((0.,0.,1.));
#4855=IFCEXTRUDEDAREASOLID(#4849,#4853,#4854,1.05);
#4856=IFCSHAPEREPRESENTATION(#12,'Body','SweptSolid',(#4837,#4846,#4855));
#4857=IFCPRODUCTDEFINITIONSHAPE($,$,(#4856));
#4858=IFCSTYLEDITEM(#4837,(#95),'Tecido claro');
#4859=IFCSTYLEDITEM(#4846,(#95),'Tecido claro');
#4860=IFCSTYLEDITEM(#4855,(#95),'Tecido claro');
#4861=IFCCARTESIANPOINT((7.85,1.6,0.02));
#4862=IFCDIRECTION((0.,0.,1.));
#4863=IFCDIRECTION((1.,0.,0.));
#4864=IFCAXIS2PLACEMENT3D(#4861,#4862,#4863);
#4865=IFCLOCALPLACEMENT(#33,#4864);
#4866=IFCFURNITURE('000DIX0010080000000045',$,'Travesseiros da su\X2\00ED\X0\te leste',$,$,#4898,#4891,$,.USERDEFINED.);
#4872=IFCCARTESIANPOINTLIST2D(((0.,0.),(0.40000000000000036,0.),(0.40000000000000036,0.6200000000000001),(0.,0.6200000000000001)));
#4873=IFCINDEXEDPOLYCURVE(#4872,(IFCLINEINDEX((1,2,3,4,1))),$);
#4874=IFCARBITRARYCLOSEDPROFILEDEF(.AREA.,$,#4873);
#4875=IFCCARTESIANPOINT((0.,0.,0.));
#4876=IFCDIRECTION((0.,0.,1.));
#4877=IFCDIRECTION((1.,0.,0.));
#4878=IFCAXIS2PLACEMENT3D(#4875,#4876,#4877);
#4879=IFCDIRECTION((0.,0.,1.));
#4880=IFCEXTRUDEDAREASOLID(#4874,#4878,#4879,0.12);
#4881=IFCCARTESIANPOINTLIST2D(((0.,0.7400000000000002),(0.40000000000000036,0.7400000000000002),(0.40000000000000036,1.3599999999999999),(0.,1.3599999999999999)));
#4882=IFCINDEXEDPOLYCURVE(#4881,(IFCLINEINDEX((1,2,3,4,1))),$);
#4883=IFCARBITRARYCLOSEDPROFILEDEF(.AREA.,$,#4882);
#4884=IFCCARTESIANPOINT((0.,0.,0.));
#4885=IFCDIRECTION((0.,0.,1.));
#4886=IFCDIRECTION((1.,0.,0.));
#4887=IFCAXIS2PLACEMENT3D(#4884,#4885,#4886);
#4888=IFCDIRECTION((0.,0.,1.));
#4889=IFCEXTRUDEDAREASOLID(#4883,#4887,#4888,0.12);
#4890=IFCSHAPEREPRESENTATION(#12,'Body','SweptSolid',(#4880,#4889));
#4891=IFCPRODUCTDEFINITIONSHAPE($,$,(#4890));
#4892=IFCSTYLEDITEM(#4880,(#91),'Tecido');
#4893=IFCSTYLEDITEM(#4889,(#91),'Tecido');
#4894=IFCCARTESIANPOINT((9.33,1.7200000000000002,0.54));
#4895=IFCDIRECTION((0.,0.,1.));
#4896=IFCDIRECTION((1.,0.,0.));
#4897=IFCAXIS2PLACEMENT3D(#4894,#4895,#4896);
#4898=IFCLOCALPLACEMENT(#33,#4897);
#4899=IFCFURNITURE('000DIX0010080000000046',$,'Guarda-roupa da su\X2\00ED\X0\te leste',$,$,#4921,#4915,$,.SHELF.);
#4905=IFCCARTESIANPOINTLIST2D(((0.,0.),(0.6000000000000005,0.),(0.6000000000000005,1.9999999999999998),(0.,1.9999999999999998)));
#4906=IFCINDEXEDPOLYCURVE(#4905,(IFCLINEINDEX((1,2,3,4,1))),$);
#4907=IFCARBITRARYCLOSEDPROFILEDEF(.AREA.,$,#4906);
#4908=IFCCARTESIANPOINT((0.,0.,0.));
#4909=IFCDIRECTION((0.,0.,1.));
#4910=IFCDIRECTION((1.,0.,0.));
#4911=IFCAXIS2PLACEMENT3D(#4908,#4909,#4910);
#4912=IFCDIRECTION((0.,0.,1.));
#4913=IFCEXTRUDEDAREASOLID(#4907,#4911,#4912,2.1);
#4914=IFCSHAPEREPRESENTATION(#12,'Body','SweptSolid',(#4913));
#4915=IFCPRODUCTDEFINITIONSHAPE($,$,(#4914));
#4916=IFCSTYLEDITEM(#4913,(#51),'Madeira');
#4917=IFCCARTESIANPOINT((6.1,0.3,0.02));
#4918=IFCDIRECTION((0.,0.,1.));
#4919=IFCDIRECTION((1.,0.,0.));
#4920=IFCAXIS2PLACEMENT3D(#4917,#4918,#4919);
#4921=IFCLOCALPLACEMENT(#33,#4920);
#4922=IFCFURNITURE('000DIX0010080000000047',$,'Bancada da cozinha',$,$,#4954,#4947,$,.USERDEFINED.);
#4928=IFCCARTESIANPOINTLIST2D(((0.,0.),(0.6,0.),(0.6,1.),(0.,1.)));
#4929=IFCINDEXEDPOLYCURVE(#4928,(IFCLINEINDEX((1,2,3,4,1))),$);
#4930=IFCARBITRARYCLOSEDPROFILEDEF(.AREA.,$,#4929);
#4931=IFCCARTESIANPOINT((0.,0.,0.));
#4932=IFCDIRECTION((0.,0.,1.));
#4933=IFCDIRECTION((1.,0.,0.));
#4934=IFCAXIS2PLACEMENT3D(#4931,#4932,#4933);
#4935=IFCDIRECTION((0.,0.,1.));
#4936=IFCEXTRUDEDAREASOLID(#4930,#4934,#4935,0.83);
#4937=IFCCARTESIANPOINTLIST2D(((0.,2.9999999999999982),(0.6,2.9999999999999982),(0.6,3.9000000000000004),(0.,3.9000000000000004)));
#4938=IFCINDEXEDPOLYCURVE(#4937,(IFCLINEINDEX((1,2,3,4,1))),$);
#4939=IFCARBITRARYCLOSEDPROFILEDEF(.AREA.,$,#4938);
#4940=IFCCARTESIANPOINT((0.,0.,0.));
#4941=IFCDIRECTION((0.,0.,1.));
#4942=IFCDIRECTION((1.,0.,0.));
#4943=IFCAXIS2PLACEMENT3D(#4940,#4941,#4942);
#4944=IFCDIRECTION((0.,0.,1.));
#4945=IFCEXTRUDEDAREASOLID(#4939,#4943,#4944,0.83);
#4946=IFCSHAPEREPRESENTATION(#12,'Body','SweptSolid',(#4936,#4945));
#4947=IFCPRODUCTDEFINITIONSHAPE($,$,(#4946));
#4948=IFCSTYLEDITEM(#4936,(#99),'Madeira clara');
#4949=IFCSTYLEDITEM(#4945,(#99),'Madeira clara');
#4950=IFCCARTESIANPOINT((0.15,13.9,0.02));
#4951=IFCDIRECTION((0.,0.,1.));
#4952=IFCDIRECTION((1.,0.,0.));
#4953=IFCAXIS2PLACEMENT3D(#4950,#4951,#4952);
#4954=IFCLOCALPLACEMENT(#33,#4953);
#4955=IFCFURNITURE('000DIX0010080000000048',$,'Geladeira',$,$,#4978,#4971,$,.USERDEFINED.);
#4961=IFCCARTESIANPOINTLIST2D(((0.,0.),(0.6999999999999993,0.),(0.6999999999999993,0.6999999999999993),(0.,0.6999999999999993)));
#4962=IFCINDEXEDPOLYCURVE(#4961,(IFCLINEINDEX((1,2,3,4,1))),$);
#4963=IFCARBITRARYCLOSEDPROFILEDEF(.AREA.,$,#4962);
#4964=IFCCARTESIANPOINT((0.,0.,0.));
#4965=IFCDIRECTION((0.,0.,1.));
#4966=IFCDIRECTION((1.,0.,0.));
#4967=IFCAXIS2PLACEMENT3D(#4964,#4965,#4966);
#4968=IFCDIRECTION((0.,0.,1.));
#4969=IFCEXTRUDEDAREASOLID(#4963,#4967,#4968,1.8);
#4970=IFCSHAPEREPRESENTATION(#12,'Body','SweptSolid',(#4969));
#4971=IFCPRODUCTDEFINITIONSHAPE($,$,(#4970));
#4972=IFCSTYLEDITEM(#4969,(#107),'A\X2\00E7\X0\o inox');
#4973=IFCRELASSOCIATESMATERIAL('000DIX0010080000000049',$,$,$,(#4955),#106);
#4974=IFCCARTESIANPOINT((5.15,17.1,0.02));
#4975=IFCDIRECTION((0.,0.,1.));
#4976=IFCDIRECTION((1.,0.,0.));
#4977=IFCAXIS2PLACEMENT3D(#4974,#4975,#4976);
#4978=IFCLOCALPLACEMENT(#33,#4977);
#4979=IFCFURNITURE('000DIX001008000000004A',$,'Mesa da cozinha',$,$,#5041,#5031,$,.TABLE.);
#4985=IFCCARTESIANPOINTLIST2D(((0.,0.),(1.2000000000000002,0.),(1.2000000000000002,0.7999999999999989),(0.,0.7999999999999989)));
#4986=IFCINDEXEDPOLYCURVE(#4985,(IFCLINEINDEX((1,2,3,4,1))),$);
#4987=IFCARBITRARYCLOSEDPROFILEDEF(.AREA.,$,#4986);
#4988=IFCCARTESIANPOINT((0.,0.,0.72));
#4989=IFCDIRECTION((0.,0.,1.));
#4990=IFCDIRECTION((1.,0.,0.));
#4991=IFCAXIS2PLACEMENT3D(#4988,#4989,#4990);
#4992=IFCDIRECTION((0.,0.,1.));
#4993=IFCEXTRUDEDAREASOLID(#4987,#4991,#4992,0.040000000000000036);
#4994=IFCCARTESIANPOINTLIST2D(((0.040000000000000036,0.03999999999999915),(0.10000000000000009,0.03999999999999915),(0.10000000000000009,0.09999999999999964),(0.040000000000000036,0.09999999999999964)));
#4995=IFCINDEXEDPOLYCURVE(#4994,(IFCLINEINDEX((1,2,3,4,1))),$);
#4996=IFCARBITRARYCLOSEDPROFILEDEF(.AREA.,$,#4995);
#4997=IFCCARTESIANPOINT((0.,0.,0.));
#4998=IFCDIRECTION((0.,0.,1.));
#4999=IFCDIRECTION((1.,0.,0.));
#5000=IFCAXIS2PLACEMENT3D(#4997,#4998,#4999);
#5001=IFCDIRECTION((0.,0.,1.));
#5002=IFCEXTRUDEDAREASOLID(#4996,#5000,#5001,0.72);
#5003=IFCCARTESIANPOINTLIST2D(((0.040000000000000036,0.7000000000000011),(0.10000000000000009,0.7000000000000011),(0.10000000000000009,0.7599999999999998),(0.040000000000000036,0.7599999999999998)));
#5004=IFCINDEXEDPOLYCURVE(#5003,(IFCLINEINDEX((1,2,3,4,1))),$);
#5005=IFCARBITRARYCLOSEDPROFILEDEF(.AREA.,$,#5004);
#5006=IFCCARTESIANPOINT((0.,0.,0.));
#5007=IFCDIRECTION((0.,0.,1.));
#5008=IFCDIRECTION((1.,0.,0.));
#5009=IFCAXIS2PLACEMENT3D(#5006,#5007,#5008);
#5010=IFCDIRECTION((0.,0.,1.));
#5011=IFCEXTRUDEDAREASOLID(#5005,#5009,#5010,0.72);
#5012=IFCCARTESIANPOINTLIST2D(((1.1,0.03999999999999915),(1.1600000000000001,0.03999999999999915),(1.1600000000000001,0.09999999999999964),(1.1,0.09999999999999964)));
#5013=IFCINDEXEDPOLYCURVE(#5012,(IFCLINEINDEX((1,2,3,4,1))),$);
#5014=IFCARBITRARYCLOSEDPROFILEDEF(.AREA.,$,#5013);
#5015=IFCCARTESIANPOINT((0.,0.,0.));
#5016=IFCDIRECTION((0.,0.,1.));
#5017=IFCDIRECTION((1.,0.,0.));
#5018=IFCAXIS2PLACEMENT3D(#5015,#5016,#5017);
#5019=IFCDIRECTION((0.,0.,1.));
#5020=IFCEXTRUDEDAREASOLID(#5014,#5018,#5019,0.72);
#5021=IFCCARTESIANPOINTLIST2D(((1.1,0.7000000000000011),(1.1600000000000001,0.7000000000000011),(1.1600000000000001,0.7599999999999998),(1.1,0.7599999999999998)));
#5022=IFCINDEXEDPOLYCURVE(#5021,(IFCLINEINDEX((1,2,3,4,1))),$);
#5023=IFCARBITRARYCLOSEDPROFILEDEF(.AREA.,$,#5022);
#5024=IFCCARTESIANPOINT((0.,0.,0.));
#5025=IFCDIRECTION((0.,0.,1.));
#5026=IFCDIRECTION((1.,0.,0.));
#5027=IFCAXIS2PLACEMENT3D(#5024,#5025,#5026);
#5028=IFCDIRECTION((0.,0.,1.));
#5029=IFCEXTRUDEDAREASOLID(#5023,#5027,#5028,0.72);
#5030=IFCSHAPEREPRESENTATION(#12,'Body','SweptSolid',(#4993,#5002,#5011,#5020,#5029));
#5031=IFCPRODUCTDEFINITIONSHAPE($,$,(#5030));
#5032=IFCSTYLEDITEM(#4993,(#99),'Madeira clara');
#5033=IFCSTYLEDITEM(#5002,(#99),'Madeira clara');
#5034=IFCSTYLEDITEM(#5011,(#99),'Madeira clara');
#5035=IFCSTYLEDITEM(#5020,(#99),'Madeira clara');
#5036=IFCSTYLEDITEM(#5029,(#99),'Madeira clara');
#5037=IFCCARTESIANPOINT((2.4,15.4,0.02));
#5038=IFCDIRECTION((0.,0.,1.));
#5039=IFCDIRECTION((1.,0.,0.));
#5040=IFCAXIS2PLACEMENT3D(#5037,#5038,#5039);
#5041=IFCLOCALPLACEMENT(#33,#5040);
ENDSEC;
END-ISO-10303-21;
